-- MySQL dump 10.11
--
-- Host: localhost    Database: vitaflo_sistema
-- ------------------------------------------------------
-- Server version	5.0.75-0ubuntu10

/*!40101 SET @OLD_CHARACTER_SET_CLIENT=@@CHARACTER_SET_CLIENT */;
/*!40101 SET @OLD_CHARACTER_SET_RESULTS=@@CHARACTER_SET_RESULTS */;
/*!40101 SET @OLD_COLLATION_CONNECTION=@@COLLATION_CONNECTION */;
/*!40101 SET NAMES utf8 */;
/*!40103 SET @OLD_TIME_ZONE=@@TIME_ZONE */;
/*!40103 SET TIME_ZONE='+00:00' */;
/*!40014 SET @OLD_UNIQUE_CHECKS=@@UNIQUE_CHECKS, UNIQUE_CHECKS=0 */;
/*!40014 SET @OLD_FOREIGN_KEY_CHECKS=@@FOREIGN_KEY_CHECKS, FOREIGN_KEY_CHECKS=0 */;
/*!40101 SET @OLD_SQL_MODE=@@SQL_MODE, SQL_MODE='NO_AUTO_VALUE_ON_ZERO' */;
/*!40111 SET @OLD_SQL_NOTES=@@SQL_NOTES, SQL_NOTES=0 */;

--
-- Table structure for table `clients`
--

DROP TABLE IF EXISTS `clients`;
SET @saved_cs_client     = @@character_set_client;
SET character_set_client = utf8;
CREATE TABLE `clients` (
  `id` int(10) unsigned NOT NULL auto_increment,
  `name` varchar(45) NOT NULL,
  `address` varchar(45) default NULL,
  `telephone` varchar(45) default NULL,
  `email` varchar(45) default NULL,
  `status` enum('Enabled','Disabled') NOT NULL default 'Enabled',
  `contact` varchar(45) default NULL,
  `version` bigint(20) default NULL,
  `country_id` bigint(20) default NULL,
  PRIMARY KEY  (`id`),
  KEY `FK334B8608D5F7034F` (`country_id`)
) ENGINE=MyISAM AUTO_INCREMENT=77 DEFAULT CHARSET=utf8;
SET character_set_client = @saved_cs_client;

--
-- Dumping data for table `clients`
--

LOCK TABLES `clients` WRITE;
/*!40000 ALTER TABLE `clients` DISABLE KEYS */;
INSERT INTO `clients` VALUES (1,'OSPIA','Venezuela 2386','4383-9026','','Enabled','',0,1),(2,'Droguerí­a Itati','Gobernador Pedro Ferré 1878','03783-430595/436225','','Enabled','',0,1),(3,'Droguerí­a Zeus','Avda. Cabret 1916 (Posadas)','03752-438900','','Enabled','',0,1),(4,'OSECAC','Moreno 648 (Capital Federal)','4332-4217','','Enabled','',0,1),(5,'Obra Social Jefes de Oficiales Navales','24 de Noviembre 645','4932-8079','','Enabled','',0,1),(6,'Néstor Mainardi','Urquiza 225 (Córdoba)','03562-422502','','Disabled','',0,1),(7,'Droguerí­a Central','NO','NO','','Disabled','',0,1),(8,'Hospital Francés','La Rioja 951','4959-1500','','Enabled','',0,1),(9,'DASPU OBRA SOCIAL','NO','NO','','Enabled','',0,1),(10,'Fundo Estadual de Saude do Parana','Rua Piquiri, 170, Reboucas. Curitiba, Parana,','NO','','Enabled','',0,1),(11,'Droguerí­a San Miguel','San Martin 2102 (Posadas)','03752-431652','','Enabled','',0,1),(12,'Obra Social Personal de Farmacia','Constitución 2066','4941-1342','','Enabled','',0,1),(13,'I.N.S.S.J.P','Perú 169 5ºA','4344-8701','','Enabled','',0,1),(14,'Hospital Garrahan','Combate de los Pozos 1881','4308-4300','','Enabled','',0,1),(15,'CEMECO','Córdoba','NO','','Enabled','',0,1),(16,'Corbiet SA','Córdoba','NO','','Enabled','',0,1),(17,'Sin Obra Social','NO','NO','','Enabled','',0,1),(18,'Drogueria Pharmers SRL','NO','NO','','Enabled','',0,1),(19,'Biofar','Lopez y Planes 551 (Resistencia, Chaco)','(03722) 441212/442772','','Enabled','',0,1),(20,'Secretaria de Saude de Santa Catarina','Brasil','NO','','Enabled','',0,1),(21,'Libra','ARROYO GRANDE 2832.CP 11800. Montevideo. Urug','00598 2200 5521','','Enabled','',0,1),(22,'Smata','Córdoba','NO','','Enabled','',0,1),(23,'Instituto de Previsión y Seguridad Social','Tucumán','NO','','Enabled','',0,1),(24,'Drogueria Mar','Chaco','03783-478400','','Enabled','',0,1),(25,'IOSE','NO','NO','','Enabled','',0,1),(26,'Instituto del niño (Ecuador)','Ecuador','NO','','Enabled','',0,1),(27,'OSPE','Rodriguez Peña 538','4373-5740/4371/8957','','Enabled','',0,1),(28,'Helio Segouras','Brazil','NO','','Enabled','',0,1),(29,'Rafael Elizalde','NO','NO','','Enabled','',0,1),(30,'Swan Medicare','Denmark','+45 33 88 10 00','','Enabled','',0,1),(31,'Cassia Sana','Brasil','NO','','Enabled','',0,1),(32,'Isabel Magnano','Brasil','NO','','Enabled','',0,1),(33,'Ramiro Cabrero','Brasil','NO','','Enabled','',0,1),(34,'Protección Social de Ecuador','Ecuador','NO','','Enabled','',0,1),(35,'Compañia de Servicios Farmacéuticos','NO','NO','NO','Enabled','',0,1),(36,'Hospital Italiano','Gascón 450','4959-0200','Gabriela.Fraschetti@hospitalitaliano.org.ar','Enabled','',0,1),(37,'Peralta','Diagonal Tucumán 1193.Martnez','4798-5152/154404-9480','','Enabled','',0,1),(38,'OSPECOR','NO','NO','gralbard@yahoo.com.ar','Enabled','Graciela',0,1),(39,'Instituto Dorrego','3 de febrero 748.Rosario','(0341)4202411','farmacia@institutodorrego.com.ar','Enabled','',0,1),(40,'Gina Marinho','Brasil','NO','NO','Enabled','',0,1),(41,'Alfonso Ramón Darí­o','Chaco','no','no','Enabled','no',0,1),(42,'Consulado Paraguay','no','no','iralabernal@hotmail.com','Enabled','',0,1),(43,'SES','Brasil','(51) 3288-5982','ceres@saude.rs.gov.br','Enabled','Ceres Salazar',0,1),(44,'Ministerio de Desarrollo Social','no','4121-4604/4121-4611','no','Enabled','Dr Silvio Presa',0,1),(45,'Galeno ','no','no','no','Enabled','J.C.Laporta',0,1),(46,'Juan Ignacio Bognanni','Angel Brunel 565','(0291)154146985','no','Enabled','Bognanni',0,1),(47,'Secretaria de Salud de Cordoba','no','no','karina.gatica@cba.gov.ar','Enabled','Karina',0,1),(48,'Luis Giordano','Urquiza','02272 420354','giordano@abacc.org.br','Enabled','Luis',0,1),(49,'Drogueria San Jorge','Cordoba','0351 4884367','drogueriasanjorge@hotmail.com','Enabled','Silvina',0,1),(50,'Luz Marí­a Durán','México','no','luzmaduran@gmail.com','Enabled','Luz Durán',0,1),(51,'Sociedad de beneficiencia Hospital Italiano','Roma 550','0351 4119436','no','Enabled','Beatriz Correa',0,1),(52,'UNOHEALTHCARE','8357 NW 54TH STREET. MIAMI','3054770263 ','renata@unohealthcare.com','Enabled','Renata',0,1),(53,'Gerardo Bonocore','Av Debenedetti 2100.Avellaneda','4205-4078','no','Enabled','Gerardo',0,1),(54,'Sociedad de Beneficiencia Hospital Italiano d','Pringles 431 4to piso','4959-0336','','Enabled','Ximena Vasquez',0,1),(55,'Hospital Garrahan','0Combate de los Pozos 1881','4308-5331','no','Enabled','Vanina Santa Cruz',0,1),(56,'Drogueria El Viñedo.C.A','Venezuela','0058-424-8592784','no','Enabled','Karina de Felice',0,1),(57,'Oseam','no','4451-2944','no','Enabled','Sonia Ramirez',0,1),(58,'Estela Boldorini','no','00598 99689633','no','Enabled','Estela',0,1),(59,'Iosper','Entre Rí­os','no','m.fernandez@iosper.gov.ar','Enabled','Ma Ines',0,1),(60,'Gloria Duran','CHILE','NO','durang15@yahoo.com','Enabled','Gloria',0,1),(61,'Hospital de Niños Ricardo Gutierrez','Gallo 1300','4308-4300','no','Enabled','Marcela Galoppo',0,1),(62,'HCPA','Porto Alegre','NO','NO','Enabled','Ricardo Pires',0,1),(63,'Andres Montan','Chile','NO','amontan@icofrut.cl','Enabled','Andres',0,1),(64,'Karina Tinnirello','Trelew Chubut','0295 15418469','no','Enabled','Karina',0,1),(65,'Ministerio Público','Brasil','NO','fpsantos@mp.rs.gov.br','Enabled','Francisco Paula dos Santos',0,1),(66,'Osplad','no','52465149','no','Enabled','Maria Laura Ciotti',0,1),(67,'Paola Torres','Rio Cuarto','0358 154298509','no','Enabled','Paola',0,1),(68,'Secretarí­a de Salud de la prov de Chubut','no','02965484118','no','Enabled','Monica',0,1),(69,'Clinica Alemana','Chile','NO','mcontreras@alemana.cl','Enabled','Olga Contreras',0,1),(70,'Instituto Venezolano de los seguros sociales','Venezuela','NO','NO','Enabled','NO',0,1),(71,'Galeno','no','48147325','no ','Enabled','Liliana Musso',0,1),(72,'Mariana Zapia','no','4720 4291','no','Enabled','Mariana',0,1),(73,'Farmacia Rex','Av Cordoba','4962-0153','no','Enabled','Paola',0,1),(74,'Julian Rey','no','1564654600','no','Enabled','no',0,1),(75,'OSJOMN','Libertad 1668 CP1016','01148153102 (102)','olguin@maquinaval.com.ar','Enabled','Mariela Olguin',0,1),(76,'Principal Plan','no','4451-7934','no','Enabled','Silvia',0,1);
/*!40000 ALTER TABLE `clients` ENABLE KEYS */;
UNLOCK TABLES;

--
-- Table structure for table `countries`
--

DROP TABLE IF EXISTS `countries`;
SET @saved_cs_client     = @@character_set_client;
SET character_set_client = utf8;
CREATE TABLE `countries` (
  `id` bigint(20) NOT NULL auto_increment,
  `version` bigint(20) NOT NULL,
  `code` varchar(255) NOT NULL,
  `name` varchar(255) NOT NULL,
  PRIMARY KEY  (`id`)
) ENGINE=MyISAM AUTO_INCREMENT=6 DEFAULT CHARSET=utf8;
SET character_set_client = @saved_cs_client;

--
-- Dumping data for table `countries`
--

LOCK TABLES `countries` WRITE;
/*!40000 ALTER TABLE `countries` DISABLE KEYS */;
INSERT INTO `countries` VALUES (1,0,'AR','Argentina'),(2,0,'BR','Brasil'),(3,0,'CO','Colombia'),(4,0,'CH','Chile'),(5,0,'CO','Ecuador');
/*!40000 ALTER TABLE `countries` ENABLE KEYS */;
UNLOCK TABLES;

--
-- Table structure for table `drugs`
--

DROP TABLE IF EXISTS `drugs`;
SET @saved_cs_client     = @@character_set_client;
SET character_set_client = utf8;
CREATE TABLE `drugs` (
  `id` int(10) unsigned NOT NULL auto_increment,
  `name` varchar(45) NOT NULL default '',
  `status` enum('Enabled','Disabled') NOT NULL default 'Enabled',
  `version` bigint(20) default NULL,
  PRIMARY KEY  (`id`)
) ENGINE=MyISAM AUTO_INCREMENT=18 DEFAULT CHARSET=utf8;
SET character_set_client = @saved_cs_client;

--
-- Dumping data for table `drugs`
--

LOCK TABLES `drugs` WRITE;
/*!40000 ALTER TABLE `drugs` DISABLE KEYS */;
INSERT INTO `drugs` VALUES (0,'Droga 0','Enabled',0),(2,'Fenilbutirato de Sodio','Enabled',0),(3,'Cisteamina','Enabled',0),(4,'Orphadin','Enabled',0),(5,'Ambetaine','Enabled',0),(7,'Fenilbutirato 250mg','Enabled',0),(8,'Hemina','Enabled',0),(9,'LNAA','Enabled',0),(11,'Lacrisert ','Enabled',0),(12,'Cidofovir','Enabled',0),(13,'dicloroacetato de sodio','Enabled',0),(14,'Benzoato de sodio','Enabled',0),(15,'Arginina','Enabled',0),(16,'Citrulina','Enabled',0),(17,'Fenilbutirato de Sodio + Fenilacetato de Sodi','Enabled',0);
/*!40000 ALTER TABLE `drugs` ENABLE KEYS */;
UNLOCK TABLES;

--
-- Table structure for table `invoices`
--

DROP TABLE IF EXISTS `invoices`;
SET @saved_cs_client     = @@character_set_client;
SET character_set_client = utf8;
CREATE TABLE `invoices` (
  `id` int(10) unsigned NOT NULL auto_increment,
  `created_at` datetime default NULL,
  `proforma_id` int(10) unsigned default NULL,
  `code` varchar(45) default NULL,
  `client_id` int(10) default NULL,
  `amount` float default NULL,
  `date` date default NULL,
  `status` enum('Pendiente','Pagada','Entregada') NOT NULL default 'Pendiente',
  `concile` int(10) unsigned default NULL,
  `version` bigint(20) default NULL,
  `delivery_date` datetime default NULL,
  `purchase_id` bigint(20) default NULL,
  PRIMARY KEY  (`id`),
  KEY `FK25F222E6E4BB2F65` (`purchase_id`),
  KEY `FK25F222E66E093105` (`proforma_id`)
) ENGINE=MyISAM AUTO_INCREMENT=88 DEFAULT CHARSET=utf8;
SET character_set_client = @saved_cs_client;

--
-- Dumping data for table `invoices`
--

LOCK TABLES `invoices` WRITE;
/*!40000 ALTER TABLE `invoices` DISABLE KEYS */;
INSERT INTO `invoices` VALUES (1,'2008-07-30 12:18:53',71,'',17,1128,'2008-07-30','Pendiente',0,0,NULL,NULL),(2,'2008-07-30 12:19:02',71,'',17,1128,'2008-07-30','Pendiente',0,0,NULL,NULL),(3,'2008-08-07 11:11:05',1,'178',1,3100,'2008-01-14','Pagada',0,0,NULL,NULL),(4,'2008-08-07 11:12:37',2,'182',2,14700,'2008-01-15','Pagada',1,0,NULL,NULL),(5,'2008-08-07 11:14:11',3,'180',3,12033,'2008-01-15','Pagada',0,0,NULL,NULL),(6,'2008-08-07 11:15:32',4,'179',4,17950,'2008-01-15','Pagada',1,0,NULL,NULL),(7,'2008-08-07 11:16:16',5,'177',5,3100,'2008-01-14','Pagada',1,0,NULL,NULL),(8,'2008-08-07 11:16:58',6,'181',6,927,'2008-01-15','Pagada',0,0,NULL,NULL),(9,'2008-08-07 11:17:54',7,'183',1,3100,'2008-02-07','Pagada',1,0,NULL,NULL),(10,'2008-08-07 11:19:10',8,'188',8,1128,'2008-02-19','Pagada',0,0,NULL,NULL),(11,'2008-08-07 11:20:10',9,'189',9,896,'2008-02-19','Pagada',0,0,NULL,NULL),(12,'2008-08-07 11:24:39',11,'192',3,12033,'2008-02-21','Pagada',1,0,NULL,NULL),(13,'2008-08-07 11:28:52',12,'234',11,14494,'2008-07-31','Pagada',1,0,NULL,NULL),(14,'2008-08-07 11:30:04',13,'232',12,6116,'2008-07-07','Pendiente',0,0,NULL,NULL),(15,'2008-08-07 11:32:04',14,'186',1,3100,'2008-02-19','Pagada',1,0,NULL,NULL),(16,'2008-08-07 11:33:41',15,'187',13,8828,'2008-02-19','Pagada',1,0,NULL,NULL),(17,'2008-08-07 11:41:20',17,'185',4,17950,'2008-02-18','Pagada',0,0,NULL,NULL),(18,'2008-08-07 11:53:48',20,'194',16,14400,'2008-03-06','Pagada',1,0,NULL,NULL),(19,'2008-08-07 12:04:26',21,'191',17,636,'2008-02-21','Pagada',0,0,NULL,NULL),(20,'2008-08-07 12:05:48',22,'195',17,35700,'2008-03-19','Pagada',1,0,NULL,NULL),(21,'2008-08-07 12:09:35',23,'200',3,12033,'2008-04-11','Pagada',1,0,NULL,NULL),(22,'2008-08-07 12:12:07',25,'193',4,17950,'2008-03-06','Pagada',1,0,NULL,NULL),(23,'2008-08-07 12:24:54',26,'199',8,1128,'2008-04-11','Pagada',0,0,NULL,NULL),(24,'2008-08-07 12:26:39',27,'196',5,3100,'2008-03-26','Pagada',1,0,NULL,NULL),(25,'2008-08-07 12:31:36',28,'197',1,3100,'2008-03-26','Pagada',1,0,NULL,NULL),(26,'2008-08-07 12:36:16',29,'206',18,2147,'2008-04-18','Pagada',1,0,NULL,NULL),(27,'2008-08-07 12:40:26',30,'208',19,1173,'2008-05-13','Pagada',1,0,NULL,NULL),(28,'2008-08-07 12:49:16',31,'202',5,3100,'2008-04-14','Pagada',1,0,NULL,NULL),(29,'2008-08-11 11:25:36',32,'203',1,3100,'2008-04-14','Pagada',1,0,NULL,NULL),(30,'2008-08-11 11:28:52',33,'201',4,20411,'2008-04-11','Pagada',1,0,NULL,NULL),(31,'2008-08-11 11:49:34',37,'211',1,3100,'2008-05-19','Pagada',1,0,NULL,NULL),(32,'2008-08-11 11:50:30',38,'212',1,3100,'2008-05-19','Pagada',1,0,NULL,NULL),(33,'2008-08-11 11:58:26',41,'207',21,2870,'2008-05-15','Pagada',1,0,NULL,NULL),(34,'2008-08-11 12:01:24',42,'213',16,14968,'2008-05-19','Pagada',1,0,NULL,NULL),(35,'2008-08-11 12:03:31',43,'213',8,1128,'2008-05-19','Pagada',0,0,NULL,NULL),(36,'2008-08-11 12:05:49',44,'209',17,34246,'2008-05-15','Pagada',1,0,NULL,NULL),(37,'2008-08-11 12:07:55',45,'218',22,927,'2008-06-11','Pagada',0,0,NULL,NULL),(38,'2008-08-11 12:09:28',46,'219',9,664,'2008-06-18','Pagada',0,0,NULL,NULL),(39,'2008-08-11 12:10:31',47,'215',21,2870,'2008-05-22','Pagada',1,0,NULL,NULL),(40,'2008-08-11 12:11:44',48,'220',1,3100,'2008-06-18','Pagada',1,0,NULL,NULL),(41,'2008-08-11 12:13:40',49,'221',5,3100,'2008-06-18','Pagada',1,0,NULL,NULL),(42,'2008-08-11 12:15:21',50,'184',23,44504,'2008-02-07','Pagada',1,0,NULL,NULL),(43,'2008-08-11 12:24:18',52,'216',4,12306,'2008-05-26','Pagada',1,0,NULL,NULL),(44,'2008-08-11 12:26:36',53,'229',1,3100,'2008-07-17','Pagada',0,0,NULL,NULL),(45,'2008-08-11 12:28:13',55,'217',10,37120,'2008-05-27','Pagada',1,0,NULL,NULL),(46,'2008-08-11 12:33:17',57,'208',19,3120,'2008-05-13','Pagada',0,0,NULL,NULL),(47,'2008-08-11 12:38:19',58,'223',12,2461,'2008-06-30','Pagada',1,0,NULL,NULL),(48,'2008-08-11 12:39:32',59,'227',8,1128,'2008-07-02','Pagada',0,0,NULL,NULL),(49,'2008-08-11 12:54:45',60,'222',4,18660,'2008-06-18','Pagada',0,0,NULL,NULL),(50,'2008-08-11 12:56:54',61,'224',17,2661,'2008-07-02','Pagada',0,0,NULL,NULL),(51,'2008-08-12 11:01:29',62,'228',11,2661,'2008-02-07','Pagada',1,0,NULL,NULL),(52,'2008-08-12 11:07:39',64,'231',17,1128,'2008-07-07','Pagada',0,0,NULL,NULL),(53,'2008-08-12 11:15:26',65,'229',1,3100,'2008-07-17','Pagada',0,0,NULL,NULL),(54,'2008-08-12 11:30:33',66,'232',12,2661,'2008-07-17','Pagada',1,0,NULL,NULL),(55,'2008-08-12 11:32:03',67,'233',25,345,'2008-07-17','Pagada',0,0,NULL,NULL),(56,'2008-08-12 11:35:12',69,'230',4,24813,'2008-07-17','Pagada',1,0,NULL,NULL),(57,'2008-08-12 11:45:00',72,'224',28,1128,'2008-07-02','Pagada',1,0,NULL,NULL),(58,'2008-09-26 13:01:15',105,'225',24,61734,'2008-07-02','Pagada',1,0,NULL,NULL),(59,'2008-10-03 14:55:51',107,'234',11,14968.2,'2008-07-31','Pagada',0,0,NULL,NULL),(60,'2008-10-03 15:01:49',82,'235',12,6353.4,'2008-07-31','Pagada',0,0,NULL,NULL),(61,'2008-10-03 15:02:54',97,'236',10,108500,'2008-08-13','Pagada',0,0,NULL,NULL),(62,'2008-10-03 15:04:33',81,'237',31,34245.3,'2008-08-13','Pagada',1,0,NULL,NULL),(63,'2008-10-03 15:16:47',96,'238',1,6000,'2008-08-20','Pagada',1,0,NULL,NULL),(64,'2008-10-03 15:26:50',108,'239',4,24813.6,'2008-08-22','Pagada',1,0,NULL,NULL),(65,'2008-10-03 15:32:16',76,'240',5,3100,'2008-08-22','Pagada',1,0,NULL,NULL),(66,'2008-10-03 15:33:25',87,'241',11,14968.2,'2008-08-22','Pagada',1,0,NULL,NULL),(67,'2008-10-03 15:35:10',89,'242',13,7556.93,'2008-09-02','Pagada',1,0,NULL,NULL),(68,'2008-10-03 15:36:50',93,'243',15,345.4,'2008-09-03','Pagada',0,0,NULL,NULL),(69,'2008-10-03 15:38:09',79,'244',16,12014.5,'2008-09-03','Pagada',1,0,NULL,NULL),(70,'2008-10-03 15:42:12',109,'245',17,927,'2008-09-08','Pagada',0,0,NULL,NULL),(71,'2008-10-03 15:46:50',110,'246',12,6353.4,'2008-08-09','Pagada',1,0,NULL,NULL),(72,'2008-10-03 15:47:39',86,'247',9,1128,'2008-09-08','Pagada',0,0,NULL,NULL),(73,'2008-10-03 15:48:20',90,'248',29,664,'2008-09-08','Pagada',0,0,NULL,NULL),(74,'2008-10-03 15:49:07',92,'249',33,928,'2008-09-08','Pagada',0,0,NULL,NULL),(75,'2008-10-03 15:50:47',91,'250',23,44504.5,'2008-09-08','Pagada',0,0,NULL,NULL),(76,'2008-10-03 15:52:41',106,'251',1,6000,'2008-09-12','Pagada',0,0,NULL,NULL),(77,'2008-10-03 15:56:56',100,'252',5,6000,'2008-09-16','Pagada',0,0,NULL,NULL),(78,'2008-10-03 15:59:54',95,'253',4,30967,'2008-09-19','Pagada',1,0,NULL,NULL),(79,'2008-10-03 16:01:42',85,'254',1,6000,'2008-09-19','Pagada',1,0,NULL,NULL),(80,'2008-10-03 16:02:19',102,'255',5,3100,'2008-09-23','Pendiente',1,0,NULL,NULL),(81,'2008-10-08 12:53:45',101,'256',29,664,'2008-09-29','Pendiente',0,0,NULL,NULL),(82,'2008-10-08 12:55:28',94,'257',20,66102.9,'2008-09-29','Pendiente',0,0,NULL,NULL),(83,'2008-10-10 16:21:39',114,'190',35,1173.56,'2008-02-19','Pagada',1,0,NULL,NULL),(84,'2008-10-10 16:46:09',115,'226',19,2796.16,'2008-07-02','Pagada',1,0,NULL,NULL),(85,'2009-01-20 11:25:00',164,'292',1,6000,'2009-01-12','Pagada',0,0,NULL,NULL),(86,'2009-01-30 14:19:09',176,'293',45,831.12,'2009-01-28','Pendiente',0,0,NULL,NULL),(87,'2009-01-30 14:20:21',173,'294',1,3100,'2009-01-29','Pendiente',0,0,NULL,NULL);
/*!40000 ALTER TABLE `invoices` ENABLE KEYS */;
UNLOCK TABLES;

--
-- Table structure for table `notes`
--

DROP TABLE IF EXISTS `notes`;
SET @saved_cs_client     = @@character_set_client;
SET character_set_client = utf8;
CREATE TABLE `notes` (
  `id` int(10) unsigned NOT NULL auto_increment,
  `patient_id` int(10) unsigned NOT NULL,
  `created_at` datetime default NULL,
  `text` text,
  `user_id` int(10) unsigned NOT NULL,
  PRIMARY KEY  (`id`)
) ENGINE=InnoDB AUTO_INCREMENT=36 DEFAULT CHARSET=utf8;
SET character_set_client = @saved_cs_client;

--
-- Dumping data for table `notes`
--

LOCK TABLES `notes` WRITE;
/*!40000 ALTER TABLE `notes` DISABLE KEYS */;
INSERT INTO `notes` VALUES (1,33,'2009-02-05 14:31:44','Se le entregó 1 Ambutyrate polvo 100g(prof 182)falta entregar el 2do frasco',4),(2,14,'2009-02-05 14:32:40','',4),(3,14,'2009-02-05 14:33:17','Se le entregaron 2 frascos de orfadin de 5mg',4),(4,14,'2009-02-05 14:33:49','',4),(5,14,'2009-02-05 14:34:28','Los 2 frascos corresponden a la prof 177',4),(6,24,'2009-02-05 14:36:15','',4),(7,24,'2009-02-05 14:37:28','Se le entragaron 2 frascos de Ambutyrate oral solution,prof 181',4),(8,4,'2009-02-05 14:38:02','',4),(9,4,'2009-02-05 14:39:18','Se le entregaron 4 frascos de Orfadin,prof 174',4),(10,40,'2009-02-16 15:31:20','Se le entregó el 13/2/09 una caja de Amzoate de 10 ampollas',4),(11,1,'2009-03-11 11:19:22','11/3/09 se enregaron 2 Buphenyls a Ospí­a',4),(12,4,'2009-03-11 11:20:45','9/3/09 Se entregó por adelantado 1 orfadin de 5mg.',4),(13,28,'2009-03-11 11:23:02','Tati entregó en Instituto Canguru 2 Ambutyrates en polvo para Caterina',4),(14,24,'2009-03-12 09:44:56','Se le entregó un frasco de Ambutyrate oral solution, y la proforma(está sin pagar)',4),(15,24,'2009-05-06 16:17:02','Se le entregó 1 frasco de Ambutyrate oral solution',4),(16,43,'2009-05-15 12:27:14','Se mandaron 5 frascos de Cystagon de 150mg al Ministerio De Salud de Córdoba el 14/5/09',4),(17,49,'2009-05-15 12:29:12','Se entregó un frasco de 2mg al Gutierrez el 14/5/09. Es el tercer frasco que se entregó.',4),(18,47,'2009-05-15 12:30:14','Se entregaron 6 frascos de Ambutyrate en tabletas a la madre el 8/5/09',4),(19,6,'2009-05-15 12:32:13','Se adelantó 1 frasco de betaaí­na el 14/5/09. Faltan entregar 9 frascos del pedido.',4),(20,22,'2009-06-01 11:05:12','Se envió a JDantur 2 Orfadin de 5mg por expreso Vosa. Se completó el pedido de la proforma nÂº178',4),(21,41,'2009-06-03 11:11:36','Se entregó un Orfadin de 2mg. Se lo envió a la minicipalidad de La Francia ,Córdoba',4),(22,51,'2009-07-02 11:13:55','Se entregaron 2 envases de Buphenyl Tabletas a Iosper por expreso San José',4),(23,47,'2009-07-02 11:16:16','Se entregó al papá 6 frascos de Ambutyrate tabletas, por adelantado, el 24/6/2009',4),(24,31,'2009-07-02 11:18:04','Se entregaron 3 envases de Cystagon a Compañí­a de Servicios Farmacéuticios el 26/6/2009',4),(25,22,'2009-07-02 11:29:39','Se envió ayer a Dantur un frasco de 10mg del nuevo oedido',4),(26,11,'2009-07-02 11:30:59','Se entregaron ayer 6 frascos de Buphenyl en tabletas',4),(27,1,'2009-07-02 11:32:08','Se entregó el 30/6/2009 2 Buphenyls a Ospí­a',4),(28,5,'2009-07-02 11:33:10','Se entregó el 30/6/2009 1 frasco de Buphenyl en polvo',4),(29,1,'2009-07-20 10:37:52','Se entregó en Ospia 1 Buphenyl en polvo ,profoma 287',4),(30,24,'2009-07-21 09:54:12','Se entregaron 2 frascos de Ambutyrate oral solution,prof 326',4),(31,33,'2009-07-22 12:56:56','Se entregaron 2 frascos de Ambutyrate en polvo, prof nÂº 332',4),(32,57,'2009-09-11 12:43:33','Se entregó el segundo NTBC de 2mg el 31/8/2008',4),(33,49,'2009-09-11 12:44:59','Se entregó un frasco de 5mg el 19/8/2009',4),(34,49,'2009-09-11 12:45:40','Se entregó un frasco de 5mg el 11/9/2009',4),(35,34,'2009-09-11 12:46:34','Se entregó un frasco de 5mg de NTBC ',4);
/*!40000 ALTER TABLE `notes` ENABLE KEYS */;
UNLOCK TABLES;

--
-- Table structure for table `patient_product_stock`
--

DROP TABLE IF EXISTS `patient_product_stock`;
SET @saved_cs_client     = @@character_set_client;
SET character_set_client = utf8;
CREATE TABLE `patient_product_stock` (
  `id` bigint(20) NOT NULL auto_increment,
  `version` bigint(20) NOT NULL,
  `next_id` bigint(20) default NULL,
  `notified` bit(1) NOT NULL,
  `patient_id` bigint(20) NOT NULL,
  `product_id` bigint(20) NOT NULL,
  `proforma_id` bigint(20) NOT NULL,
  `running_out_of_stock_date` datetime NOT NULL,
  `start_date` datetime NOT NULL,
  PRIMARY KEY  (`id`),
  KEY `FKB351080C7C7A5EC8` (`next_id`),
  KEY `FKB351080C2F7C98EF` (`patient_id`),
  KEY `FKB351080C6E093105` (`proforma_id`),
  KEY `FKB351080C2F8F58AF` (`product_id`)
) ENGINE=MyISAM DEFAULT CHARSET=utf8;
SET character_set_client = @saved_cs_client;

--
-- Dumping data for table `patient_product_stock`
--

LOCK TABLES `patient_product_stock` WRITE;
/*!40000 ALTER TABLE `patient_product_stock` DISABLE KEYS */;
/*!40000 ALTER TABLE `patient_product_stock` ENABLE KEYS */;
UNLOCK TABLES;

--
-- Table structure for table `patients`
--

DROP TABLE IF EXISTS `patients`;
SET @saved_cs_client     = @@character_set_client;
SET character_set_client = utf8;
CREATE TABLE `patients` (
  `id` int(10) unsigned NOT NULL auto_increment,
  `first_name` varchar(45) default NULL,
  `last_name` varchar(45) default NULL,
  `client_id` int(10) unsigned default NULL,
  `status` enum('Enabled','Disabled') NOT NULL default 'Enabled',
  `telephone` varchar(45) default NULL,
  `contact` varchar(45) default NULL,
  `version` bigint(20) default NULL,
  `adverse_event` varchar(255) default NULL,
  `birth` datetime default NULL,
  `clinical_history` varchar(255) default NULL,
  `clinical_status` varchar(255) default NULL,
  `country_id` bigint(20) default NULL,
  `delivery_address` varchar(255) default NULL,
  `dose` double default NULL,
  `height` double default NULL,
  `pathology` varchar(255) default NULL,
  `physician` varchar(255) default NULL,
  `weight` double default NULL,
  PRIMARY KEY  (`id`),
  KEY `FK49A9760ED5F7034F` (`country_id`),
  KEY `FK49A9760EC07819E5` (`client_id`)
) ENGINE=MyISAM AUTO_INCREMENT=59 DEFAULT CHARSET=utf8;
SET character_set_client = @saved_cs_client;

--
-- Dumping data for table `patients`
--

LOCK TABLES `patients` WRITE;
/*!40000 ALTER TABLE `patients` DISABLE KEYS */;
INSERT INTO `patients` VALUES (1,'Ignacio','Levandowsky',1,'Enabled','44427329','Carina Levandowsky (madre)',0,NULL,NULL,NULL,NULL,1,NULL,NULL,NULL,NULL,NULL,NULL),(2,'Facundo','Vallejos',2,'Enabled','03783430595','Drogueria Itati',0,NULL,NULL,NULL,NULL,1,NULL,NULL,NULL,NULL,NULL,NULL),(3,'JC','Rotta',3,'Enabled','0375415414701','Diego Rotta (padre)',0,NULL,NULL,NULL,NULL,1,NULL,NULL,NULL,NULL,NULL,NULL),(4,'Lucas','Contreras',4,'Enabled','02302434171 / 15488809 ','Marcela (madre)',0,NULL,NULL,NULL,NULL,1,NULL,NULL,NULL,NULL,NULL,NULL),(5,'Maximo','Tortolini',5,'Enabled','1551783880','Javier (padre)',0,NULL,NULL,NULL,NULL,1,NULL,NULL,NULL,NULL,NULL,NULL),(6,'Melina','Mainardi',22,'Enabled','03562422502','Nestor (padre)',0,NULL,NULL,NULL,NULL,1,NULL,NULL,NULL,NULL,NULL,NULL),(7,'Franco','Viggiano',8,'Enabled','','',0,NULL,NULL,NULL,NULL,1,NULL,NULL,NULL,NULL,NULL,NULL),(8,'Candela','Altamira',9,'Enabled','03543447044 / 156209922','Mariana (madre)',0,NULL,NULL,NULL,NULL,1,NULL,NULL,NULL,NULL,NULL,NULL),(9,'VGPF','VGPF',10,'Enabled','00551150817396','Instituto Canguru',0,NULL,NULL,NULL,NULL,1,NULL,NULL,NULL,NULL,NULL,NULL),(10,'Ariadna','Coronel',12,'Enabled','','',0,NULL,NULL,NULL,NULL,1,NULL,NULL,NULL,NULL,NULL,NULL),(11,'Marlene','Guercio',13,'Enabled','0222715440258 / 02272420354','Josefina (madre)',0,NULL,NULL,NULL,NULL,1,NULL,NULL,NULL,NULL,NULL,NULL),(12,'NO','NO',14,'Disabled','','',0,NULL,NULL,NULL,NULL,1,NULL,NULL,NULL,NULL,NULL,NULL),(13,'Natali','Singh',15,'Enabled','035145886473','CEMECO',0,NULL,NULL,NULL,NULL,1,NULL,NULL,NULL,NULL,NULL,NULL),(14,'Gianella','Maldonado',16,'Enabled','0351156795626','Nancy (madre)',0,NULL,NULL,NULL,NULL,1,NULL,NULL,NULL,NULL,NULL,NULL),(15,'Ricardo','Noriega',17,'Disabled','','',0,NULL,NULL,NULL,NULL,1,NULL,NULL,NULL,NULL,NULL,NULL),(16,'Alfonso','Sana',17,'Enabled','00551150817396','Instituto Canguru',0,NULL,NULL,NULL,NULL,1,NULL,NULL,NULL,NULL,NULL,NULL),(17,'Christian','Guanco',18,'Enabled','03884261758','Gustavo Poccioni (Drogueria)',0,NULL,NULL,NULL,NULL,1,NULL,NULL,NULL,NULL,NULL,NULL),(18,'Santino','Ocampo',19,'Enabled','0372215700656 / 15715560','Mariana (madre)',0,NULL,NULL,NULL,NULL,1,NULL,NULL,NULL,NULL,NULL,NULL),(19,'Arantxa','Sola',15,'Enabled','0358154298509','Paola (madre)',0,NULL,NULL,NULL,NULL,1,NULL,NULL,NULL,NULL,NULL,NULL),(20,'No','I',1,'Disabled','','',0,NULL,NULL,NULL,NULL,1,NULL,NULL,NULL,NULL,NULL,NULL),(21,'Sin','Identificar',17,'Enabled','','',0,NULL,NULL,NULL,NULL,1,NULL,NULL,NULL,NULL,NULL,NULL),(22,'Rosario','Zelaya',23,'Enabled','0381154441747','Queca',0,NULL,NULL,NULL,NULL,1,NULL,NULL,NULL,NULL,NULL,NULL),(23,'Gabriel','Marinho',17,'Enabled','00551150817396','Instituto Canguru',0,NULL,NULL,NULL,NULL,1,NULL,NULL,NULL,NULL,NULL,NULL),(24,'Mateo','Elizalde',17,'Enabled','48160772 / 1541499555','Rafael (padre) / Magda (madre)',0,NULL,NULL,NULL,NULL,1,NULL,NULL,NULL,NULL,NULL,NULL),(25,'Michael','Hernandez',25,'Enabled','0294415689023 / 15343832','Paula (madre)',0,NULL,NULL,NULL,NULL,1,NULL,NULL,NULL,NULL,NULL,NULL),(26,'Joaquin','Marchi',27,'Enabled','43726327','Alejandra (madre)',0,NULL,NULL,NULL,NULL,1,NULL,NULL,NULL,NULL,NULL,NULL),(27,'Helio','Segouras',17,'Enabled','00551150817396','Instituto Canguru',0,NULL,NULL,NULL,NULL,1,NULL,NULL,NULL,NULL,NULL,NULL),(28,'Catarina','Magnano',32,'Enabled','','Isabel Magnano',0,NULL,NULL,NULL,NULL,1,NULL,NULL,NULL,NULL,NULL,NULL),(29,'Matheus','Giovanella',20,'Enabled','00551150817396','Instituto Canguru',0,NULL,NULL,NULL,NULL,1,NULL,NULL,NULL,NULL,NULL,NULL),(30,'Rosaura','Lascano',34,'Enabled','','',0,NULL,NULL,NULL,NULL,1,NULL,NULL,NULL,NULL,NULL,NULL),(31,'Lautaro','Contreras',35,'Enabled','','',0,NULL,NULL,NULL,NULL,1,NULL,NULL,NULL,NULL,NULL,NULL),(32,'Micaela','Rodriguez',36,'Enabled','1556549423','Andrea (madre)',0,NULL,NULL,NULL,NULL,1,NULL,NULL,NULL,NULL,NULL,NULL),(33,'Victoria','Peralta',1,'Enabled','47985152','Maria (madre)',0,NULL,NULL,NULL,NULL,1,NULL,NULL,NULL,NULL,NULL,NULL),(34,'Micaela','Cabrera',14,'Enabled','','',0,NULL,NULL,NULL,NULL,1,NULL,NULL,NULL,NULL,NULL,NULL),(35,'Luisina','Zabala',38,'Enabled','03571470695 / 15698824','Angel (padre)',0,NULL,NULL,NULL,NULL,1,NULL,NULL,NULL,NULL,NULL,NULL),(36,'Nicolas','Molinas',19,'Enabled','03722441212','Arnaldo Claro (Biofar)',0,NULL,NULL,NULL,NULL,1,NULL,NULL,NULL,NULL,NULL,NULL),(37,'Estefania','Gimenez',39,'Enabled','0341420241','Santiago Pernigotti (Farmacia)',0,NULL,NULL,NULL,NULL,1,NULL,NULL,NULL,NULL,NULL,NULL),(38,'Busquet','Valentina',2,'Enabled','','',0,NULL,NULL,NULL,NULL,1,NULL,NULL,NULL,NULL,NULL,NULL),(39,'Paula','Laporta',45,'Enabled','4501-1288/1557108834','J.C.Laporta',0,NULL,NULL,NULL,NULL,1,NULL,NULL,NULL,NULL,NULL,NULL),(40,'Genaro','Bognanni',40,'Enabled','(0291)154146985','Juan Ignacio Bognanni',0,NULL,NULL,NULL,NULL,1,NULL,NULL,NULL,NULL,NULL,NULL),(41,'Carlos','Catabiano',47,'Enabled','03564 15593962','Jorge Omar',0,NULL,NULL,NULL,NULL,1,NULL,NULL,NULL,NULL,NULL,NULL),(42,'Marcela','Giordano',48,'Enabled','02272 420354','Luis',0,NULL,NULL,NULL,NULL,1,NULL,NULL,NULL,NULL,NULL,NULL),(43,'Jenifer','Gonzalez',47,'Enabled','0351 46886888','Karina Gatica',0,NULL,NULL,NULL,NULL,1,NULL,NULL,NULL,NULL,NULL,NULL),(44,'Fernando','Duran',50,'Enabled','NO','Luz Maria Duran',0,NULL,NULL,NULL,NULL,1,NULL,NULL,NULL,NULL,NULL,NULL),(45,'Nadia','Bonocore',53,'Enabled','4205-4078','Gerardo',0,NULL,NULL,NULL,NULL,1,NULL,NULL,NULL,NULL,NULL,NULL),(46,'Rosaura','Lascano',54,'Enabled','no','no',0,NULL,NULL,NULL,NULL,1,NULL,NULL,NULL,NULL,NULL,NULL),(47,'Jenifer','Rodriguez',4,'Enabled','43424217','Leandro',0,NULL,NULL,NULL,NULL,1,NULL,NULL,NULL,NULL,NULL,NULL),(48,'Sofia','Noguera',56,'Enabled','0058-424-8592784','Karina de Felice',0,NULL,NULL,NULL,NULL,1,NULL,NULL,NULL,NULL,NULL,NULL),(49,'Bautista','Paz',57,'Enabled','02320627393','Ramón Paz',0,NULL,NULL,NULL,NULL,1,NULL,NULL,NULL,NULL,NULL,NULL),(50,'Cecilia','Consoni',58,'Enabled','00598 99689633','Estela',0,NULL,NULL,NULL,NULL,1,NULL,NULL,NULL,NULL,NULL,NULL),(51,'Antonia','Stodola',59,'Enabled','no','Ma Ines Fernandez',0,NULL,NULL,NULL,NULL,1,NULL,NULL,NULL,NULL,NULL,NULL),(52,'MSO','NO',62,'Enabled','NO','Ricardo Pires',0,NULL,NULL,NULL,NULL,1,NULL,NULL,NULL,NULL,NULL,NULL),(53,'Chiara','Tinnirello',64,'Enabled','0295 15418469','Karina',0,NULL,NULL,NULL,NULL,1,NULL,NULL,NULL,NULL,NULL,NULL),(54,'Nicolas','Villar',66,'Enabled','no','Ma Laura Ciotti',0,NULL,NULL,NULL,NULL,1,NULL,NULL,NULL,NULL,NULL,NULL),(55,'Zaira','Rey',17,'Enabled','48402197','Lourdes',0,NULL,NULL,NULL,NULL,1,NULL,NULL,NULL,NULL,NULL,NULL),(56,'Alejo','Gonzalez',72,'Enabled','4720 4291','Mariana',0,NULL,NULL,NULL,NULL,1,NULL,NULL,NULL,NULL,NULL,NULL),(57,'Zaira','Rey',1,'Enabled','1564654600','Lourdes',0,NULL,NULL,NULL,NULL,1,NULL,NULL,NULL,NULL,NULL,NULL),(58,'Edgar','Gimenez',39,'Enabled','03414202411','Santiago Pernigotti',0,NULL,NULL,NULL,NULL,1,NULL,NULL,NULL,NULL,NULL,NULL);
/*!40000 ALTER TABLE `patients` ENABLE KEYS */;
UNLOCK TABLES;

--
-- Table structure for table `products`
--

DROP TABLE IF EXISTS `products`;
SET @saved_cs_client     = @@character_set_client;
SET character_set_client = utf8;
CREATE TABLE `products` (
  `id` int(10) unsigned NOT NULL auto_increment,
  `name` varchar(255) NOT NULL default '',
  `drug_id` int(10) unsigned NOT NULL default '0',
  `price` float default NULL,
  `description` text,
  `status` enum('Enabled','Disabled') NOT NULL default 'Enabled',
  `supplier_id` int(10) unsigned NOT NULL,
  `version` bigint(20) default NULL,
  `presentation` double default NULL,
  PRIMARY KEY  (`id`),
  KEY `FKC42BD1649D819485` (`drug_id`),
  KEY `FKC42BD164D6C2F785` (`supplier_id`)
) ENGINE=MyISAM AUTO_INCREMENT=58 DEFAULT CHARSET=utf8;
SET character_set_client = @saved_cs_client;

--
-- Dumping data for table `products`
--

LOCK TABLES `products` WRITE;
/*!40000 ALTER TABLE `products` DISABLE KEYS */;
INSERT INTO `products` VALUES (1,'Fenilbutirato de Sodio Polvo 250 gr (Buphenyl)',2,2900,'Bottle 250 gr','Enabled',0,0,NULL),(2,'Cystagon (cisteamina) 150 mg',3,420,'Cystagon 150 mg','Enabled',3,0,NULL),(3,'NTBC (Orfadin) 5 mg',4,6719.48,'Bottle 60 Capsulas de 5 mg','Enabled',3,0,NULL),(4,'Betaine Anhydrous Powder x 100g',5,72.7,'Betaina Polvo 98%','Enabled',0,0,NULL),(5,'Sodium 4-Phenylbutyrate (Ambutyrate) Powder x 100g',2,928,'Ambutyrate Polvo 98%','Enabled',0,0,NULL),(6,'Ambutyrate Oral',2,232,'Fenilbutirato Polvo Solución Oral 250 mg en 1 ml','Enabled',0,0,NULL),(7,'NTBC (Orfadin) 10 mg',4,13439,'NTBC 10mg Bottle 60 Comprimidos','Enabled',3,0,NULL),(8,'NTBC (Orfadin) 2 mg',4,2687.8,'NTBC 2 mg Frasco de 60 comprimidos. ','Enabled',3,0,NULL),(9,'Fenilbutirato Tabletas Bottle 250 comp. 500 mg (Buphenyl)',2,1961.85,'Buphenyl Tabletas 250 comprimidos.','Enabled',0,0,NULL),(10,'Normosang',8,2620,'Ampollas x 4','Enabled',0,0,NULL),(11,'Neophe',9,550,'Frasco 550 Tabletas','Enabled',0,0,NULL),(12,'Lacrisert 5 mg',2,328.15,'60 unidades','Enabled',0,0,NULL),(13,'Cidofovir ',12,1378.5,'Frasco de Ampollas.','Enabled',0,0,NULL),(14,'Sodium Dichloroacetate Powder x 100g',13,157.78,'Dicloroacetato de sodio (98%)Polvo de 10g\\r\\nDicloroacetato de sodio 50mg en 1ml Polvo Liquido\\r\\nDicloroacetato de sodio Polvo de 100g','Enabled',0,0,NULL),(15,'Sodium Benzoate (Amzoate) 2g in 10ml Injection x 10 Ampoules',14,203,'Benzoato de Sodio en ampollas inyectables ,2g en 10ml','Enabled',4,0,NULL),(16,'Sodium 4-Phenylbutyrate (Ambutyrate) 2g in 10ml Inj x 10 Amp',2,502.24,'Fenilbutirato de sodio inyectable,2g en 10ml','Enabled',4,0,NULL),(17,'L-Arginine (Amargine) 5g in 10ml Injection x 10 Ampoules',15,208.14,'Arginina inyectable en cajas de 10 ampollas de 5g','Enabled',4,0,NULL),(18,'Sodium 4-Phenylbutyrate (Ambutyrate) 500mg F/C Tablet x 100',2,534,'Frascos de 100 tabketas de 500mg','Enabled',4,0,NULL),(19,'Sodium Benzoate (Amzoate) 500mg Tablet x 100',14,44.72,'Frascos con 100 tabletas de 500 mg','Enabled',4,0,NULL),(20,'L- Citrulline Powder x 100g',16,241.8,'Presentacion en polvo de envases de 100 gramos ','Enabled',1,0,NULL),(21,'Neophe en polvo',9,450,' Latas en polvo de 376,75g','Enabled',3,0,NULL),(22,'Amoniul',17,3980,'Cajas x 1 ampolla c/u','Enabled',2,0,NULL),(23,'L-Arginine (Amargine) Powder x 100g',18,0,'L-Arginine (Amargine) Powder x 100g','Enabled',0,0,NULL),(24,'Betaine 500mg in 1 ml Powder for Oral Liquid x 100ml',0,0,'Betaine 500mg in 1 ml Powder for Oral Liquid x 100ml','Enabled',0,0,NULL),(25,'Betaine (Ambetaine) 250mg Tablet x 200',5,0,'Betaine (Ambetaine) 250mg Tablet x 200','Enabled',0,0,NULL),(26,'Calcium Carbonate 250mg Dispersible Tablet x 250',0,0,'Calcium Carbonate 250mg Dispersible Tablet x 250','Enabled',0,0,NULL),(27,'Creatine Anhydrous Powder x 100g',0,0,'Creatine Anhydrous Powder x 100g','Enabled',0,0,NULL),(28,'Creatine Monohydrate Powder x 100g',0,0,'Creatine Monohydrate Powder x 100g','Enabled',0,0,NULL),(29,'Diclofenac 10mg Dispersible Tablet x 100',0,0,'Diclofenac 10mg Dispersible Tablet x 100','Enabled',0,0,NULL),(30,'Sodium Dichloroacetate 50mg in 1ml Powder for Liquid x 200ml',13,0,'Sodium Dichloroacetate 50mg in 1ml Powder for Liquid x 200ml','Enabled',0,0,NULL),(31,'Sodium Dichloroacetate Powder x 10g',13,0,'Sodium Dichloroacetate Powder x 10g','Enabled',0,0,NULL),(32,'Sodium DL-3-Hydroxybutyrate Powder x 50g',0,0,'Sodium DL-3-Hydroxybutyrate Powder x 50g','Enabled',0,0,NULL),(33,'L-Isoleucine 10mg in 1ml Powder for Oral Solution x 200ml',0,0,'L-Isoleucine 10mg in 1ml Powder for Oral Solution x 200ml','Enabled',0,0,NULL),(34,'L-5-Hydroxytryptophan 50mg Capsule x 50',0,0,'L-5-Hydroxytryptophan 50mg Capsule x 50','Enabled',0,0,NULL),(35,'Lactulose Powder x 25gm',0,0,'Lactulose Powder x 25gm','Enabled',0,0,NULL),(36,'Mylanta Maximum Strength Oral Suspension x 355ml',0,0,'Mylanta Maximum Strength Oral Suspension x 355ml','Enabled',0,0,NULL),(37,'Melatonin 2mg Capsule x 60',0,0,'Melatonin 2mg Capsule x 60','Enabled',0,0,NULL),(38,'Melatonin 3mg Capsule x 60',0,0,'Melatonin 3mg Capsule x 60','Enabled',0,0,NULL),(39,'Midazolam (Consed) 10mg in 1ml Buccal Liquid x 25ml',0,0,'Midazolam (Consed) 10mg in 1ml Buccal Liquid x 25ml','Enabled',0,0,NULL),(40,'Midazolam (Amsed) 2.5mg in 1ml Oral Liquid x 100ml',0,0,'Midazolam (Amsed) 2.5mg in 1ml Oral Liquid x 100ml','Enabled',0,0,NULL),(41,'Magnesium Glycerophosphate (Maglyphos) 4mmol Tablet x 50',0,0,'Magnesium Glycerophosphate (Maglyphos) 4mmol Tablet x 50','Enabled',0,0,NULL),(42,'Midazolam (Epistatus) 10mg in 1ml Buccal Liquid x 5ml',0,0,'Midazolam (Epistatus) 10mg in 1ml Buccal Liquid x 5ml','Enabled',0,0,NULL),(43,'L-Phenylalanine 10mg in 1ml Powder for Oral Solution x 200ml',0,0,'L-Phenylalanine 10mg in 1ml Powder for Oral Solution x 200ml','Enabled',0,0,NULL),(44,'Potassium Chloride 2mmol in1ml (14.9% w/v) Solution x 100ml',0,0,'Potassium Chloride 2mmol in1ml (14.9% w/v) Solution x 100ml','Enabled',0,0,NULL),(45,'Potassium Acid Phosphate Oral Liquid 1mmol in 1ml x 100ml',0,0,'Potassium Acid Phosphate Oral Liquid 1mmol in 1ml x 100ml','Enabled',0,0,NULL),(46,'Sodium 4-Phenylbutyrate Granular Powder x 150g',0,0,'Sodium 4-Phenylbutyrate Granular Powder x 150g','Enabled',0,0,NULL),(47,'Sodium Benzoate (Amzoate) Powder x 250g',0,0,'Sodium Benzoate (Amzoate) Powder x 250g','Enabled',0,0,NULL),(48,'Sodium 4-Phenylbutyrate Powder for 250mg in 1ml x 100ml',2,0,'Sodium 4-Phenylbutyrate Powder for 250mg in 1ml x 100ml','Enabled',0,0,NULL),(49,'Sodium Benzoate (Amzoate) Oral Liquid 500mg in 5ml x 100ml',0,0,'Sodium Benzoate (Amzoate) Oral Liquid 500mg in 5ml x 100ml','Enabled',0,0,NULL),(50,'Sodium Bicarbonate Oral Solution 1mmol in 1ml (8.4%) x 100ml',0,0,'Sodium Bicarbonate Oral Solution 1mmol in 1ml (8.4%) x 100ml','Enabled',0,0,NULL),(51,'Sodium Chloride 1mmol in 1ml (5.85% w/v) Solution x 100ml',0,0,'Sodium Chloride 1mmol in 1ml (5.85% w/v) Solution x 100ml','Enabled',0,0,NULL),(52,'Sodium Acid Phosphate 1 mmol in 1ml Oral Solution x 100ml',0,0,'Sodium Acid Phosphate 1 mmol in 1ml Oral Solution x 100ml','Enabled',0,0,NULL),(53,'Short Chain Fatty Acids (Nutricol) Enema Solution x 100ml',0,0,'Short Chain Fatty Acids (Nutricol) Enema Solution x 100ml','Enabled',0,0,NULL),(54,'Sodium Chloride 5mmol in 1ml (30% w/v) Oral Solution x 100ml',0,0,'Sodium Chloride 5mmol in 1ml (30% w/v) Oral Solution x 100ml','Enabled',0,0,NULL),(55,'Uridine Powder x 100g',0,0,'Uridine Powder x 100g','Enabled',0,0,NULL),(56,'L-Valine 10mg in 1ml Powder for Oral Solution x 200ml',0,0,'L-Valine 10mg in 1ml Powder for Oral Solution x 200ml','Enabled',0,0,NULL),(57,'Cystagon (Cisteamina) 50 mg',0,0,'Cystagon (Cisteamina) 50 mg','Enabled',0,0,NULL);
/*!40000 ALTER TABLE `products` ENABLE KEYS */;
UNLOCK TABLES;

--
-- Table structure for table `proformadetails`
--

DROP TABLE IF EXISTS `proformadetails`;
SET @saved_cs_client     = @@character_set_client;
SET character_set_client = utf8;
CREATE TABLE `proformadetails` (
  `id` int(10) unsigned NOT NULL auto_increment,
  `quantity` int(10) unsigned default NULL,
  `price_each` decimal(10,2) default NULL,
  `amount` decimal(10,2) default NULL,
  `product_id` int(10) unsigned NOT NULL,
  `description` text,
  `proforma_id` int(10) unsigned NOT NULL default '0',
  `lot` varchar(45) default NULL,
  `version` bigint(20) default NULL,
  `daily_dose` double default NULL,
  PRIMARY KEY  (`id`),
  KEY `FK928612B26E093105` (`proforma_id`),
  KEY `FK928612B22F8F58AF` (`product_id`)
) ENGINE=MyISAM AUTO_INCREMENT=453 DEFAULT CHARSET=utf8;
SET character_set_client = @saved_cs_client;

--
-- Dumping data for table `proformadetails`
--

LOCK TABLES `proformadetails` WRITE;
/*!40000 ALTER TABLE `proformadetails` DISABLE KEYS */;
INSERT INTO `proformadetails` VALUES (1,1,'2900.00','2900.00',1,'Buphenyl',1,'',0,NULL),(2,5,'2900.00','14500.00',1,'Buphenyl',2,'',0,NULL),(3,2,'5916.70','11833.40',3,'NTBC',3,'',0,NULL),(4,3,'5916.70','17750.10',3,'NTBC5mg',4,'',0,NULL),(5,1,'2900.00','2900.00',1,'Buphenyl',5,'',0,NULL),(6,10,'72.70','727.00',4,'Betaina',6,'',0,NULL),(7,1,'2900.00','2900.00',1,'Buphenyl',7,'',0,NULL),(8,1,'928.00','928.00',5,'Ambutyrate',8,'',0,NULL),(9,3,'232.00','696.00',6,'AmbutyrateOral',9,'',0,NULL),(10,3,'11833.40','35500.20',7,'NTBC10mg',10,'',0,NULL),(11,2,'5916.70','11833.40',3,'NTBC5mg',11,'',0,NULL),(12,2,'5916.70','11833.40',3,'NTBC5mg',12,'',0,NULL),(13,1,'2461.36','2461.36',8,'NTBC2mg',12,'',0,NULL),(14,1,'5916.70','5916.70',3,'NTBC5mg',13,'',0,NULL),(15,1,'2900.00','2900.00',1,'Buphenyl',14,'',0,NULL),(16,5,'1961.85','9809.25',9,'BuphenylTabletas',15,'',0,NULL),(17,1,'2900.00','2900.00',1,'BuphenylPolvo',16,'',0,NULL),(18,3,'5916.70','17750.10',3,'NTBC5mg',17,'',0,NULL),(19,1,'5916.70','5916.70',3,'NTBC5mg',18,'',0,NULL),(20,1,'72.70','72.70',4,'Betaina',19,'',0,NULL),(21,6,'2461.36','14768.16',8,'NTBC2mg',20,'',0,NULL),(22,6,'72.70','436.20',4,'Betaina',21,'',0,NULL),(23,3,'11833.40','35500.20',7,'NTBC10mg',22,'',0,NULL),(24,2,'5916.70','11833.40',3,'NTBC5mg',23,'',0,NULL),(25,1,'928.00','928.00',5,'Ambutyrate',24,'',0,NULL),(26,3,'5916.70','17750.10',3,'NTBC5mg',25,'',0,NULL),(27,1,'928.00','928.00',5,'Ambutyrate',26,'',0,NULL),(28,1,'2900.00','2900.00',1,'BuphenylPolvo',27,'',0,NULL),(29,1,'2900.00','2900.00',1,'BuphenylPolvo',28,'',0,NULL),(30,6,'324.52','1947.12',2,'Cystagon',29,'',0,NULL),(31,3,'324.52','973.56',2,'Cystagon',30,'',0,NULL),(32,1,'2900.00','2900.00',1,'BuphenylPolvo',31,'',0,NULL),(33,1,'2900.00','2900.00',1,'BuphenylPolvo',32,'',0,NULL),(34,3,'5916.70','17750.10',3,'NTBC5mg',33,'',0,NULL),(35,1,'2461.36','2461.36',8,'NTBC2mg',33,'',0,NULL),(36,4,'5916.70','23666.80',3,'NTBC5mg',34,'',0,NULL),(37,6,'2461.36','14768.16',8,'NTBC2mg',34,'',0,NULL),(38,4,'72.70','290.80',4,'Betaina',35,'',0,NULL),(39,3,'12306.80','36920.40',7,'NTBC10mg',36,'',0,NULL),(40,1,'2900.00','2900.00',1,'BuphenylPolvo',37,'',0,NULL),(41,1,'2900.00','2900.00',1,'BuphenylPolvo',38,'',0,NULL),(42,5,'1961.85','9809.25',9,'BuphenylTabletas',39,'',0,NULL),(43,1,'12306.80','12306.80',7,'NTBC10mg',40,'',0,NULL),(44,1,'6153.40','6153.40',3,'NTBC5mg',40,'',0,NULL),(45,1,'2461.36','2461.36',8,'NTBC2mg',40,'',0,NULL),(46,1,'2620.00','2620.00',10,'Normosang',41,'',0,NULL),(47,6,'2461.36','14768.16',8,'NTBC2mg',42,'',0,NULL),(48,1,'928.00','928.00',5,'Ambutyrate',43,'',0,NULL),(49,3,'12306.80','36920.40',7,'NTBC10mg',44,'',0,NULL),(50,10,'72.70','727.00',4,'Betaina',45,'',0,NULL),(51,2,'232.00','464.00',6,'AmbutyrateOral',46,'',0,NULL),(52,1,'2620.00','2620.00',10,'Normosang',47,'',0,NULL),(53,1,'2900.00','2900.00',1,'BuphenylPolvo',48,'',0,NULL),(54,1,'2900.00','2900.00',1,'BuphenylPolvo',49,'',0,NULL),(55,2,'12306.80','24613.60',7,'NTBC10mg',50,'',0,NULL),(56,2,'6153.40','12306.80',3,'NTBC5mg',50,'',0,NULL),(57,3,'2461.36','7384.08',8,'NTBC2mg',50,'',0,NULL),(58,6,'6153.40','36920.40',3,'NTBC5mg',51,'',0,NULL),(59,10,'2461.36','24613.60',8,'NTBC2mg',51,'',0,NULL),(60,2,'6153.40','12306.80',3,'NTBC5mg',52,'',0,NULL),(61,1,'2900.00','2900.00',1,'BuphenylPolvo',53,'',0,NULL),(62,3,'12306.80','36920.40',7,'NTBC10mg',54,'',0,NULL),(63,3,'12306.80','36920.40',7,'NTBC10mg',55,'',0,NULL),(64,8,'324.52','2596.16',2,'Cystagon',56,'',0,NULL),(65,9,'324.52','2920.68',2,'Cystagon',57,'',0,NULL),(66,1,'2461.36','2461.36',8,'NTBC2mg',58,'',0,NULL),(67,1,'928.00','928.00',5,'Ambutyrate',59,'',0,NULL),(68,3,'6153.40','18460.20',3,'NTBC5mg',60,'',0,NULL),(69,1,'2461.36','2461.36',8,'NTBC2mg',61,'',0,NULL),(70,1,'2461.36','2461.36',8,'NTBC2mg',62,'',0,NULL),(71,2,'72.70','145.40',4,'Betaina',63,'',0,NULL),(72,1,'928.00','928.00',5,'Ambutyrate',64,'',0,NULL),(73,1,'2900.00','2900.00',1,'BuphenylPolvo',65,'',0,NULL),(74,1,'2461.36','2461.36',8,'NTBC2mg',66,'',0,NULL),(75,2,'72.70','145.40',4,'Betaina',67,'',0,NULL),(76,2,'12306.80','24613.60',7,'NTBC10mg',68,'',0,NULL),(77,4,'6153.40','24613.60',3,'NTBC5mg',69,'',0,NULL),(78,1,'550.00','550.00',11,'Neophe',70,'',0,NULL),(79,1,'928.00','928.00',5,'Ambutyrate',71,'',0,NULL),(80,1,'928.00','928.00',5,'Ambutyrate',72,'',0,NULL),(81,2,'928.00','1856.00',5,'Ambutyrate',73,'',0,NULL),(82,2,'232.00','464.00',6,'Ambutyrate Oral',74,'',0,NULL),(83,6,'12306.80','73840.80',7,'NTBC10mg',75,'',0,NULL),(84,1,'2900.00','2900.00',1,'Buphenyl Polvo',76,'',0,NULL),(85,2,'6153.40','12306.80',3,'NTBC 5mg',77,'',0,NULL),(86,5,'6153.40','30767.00',3,'NTBC 5mg',78,'',0,NULL),(87,2,'6153.40','12306.80',3,'NTBC 5mg',79,'',0,NULL),(88,2,'12306.80','24613.60',7,'NTBC 10mg',80,'',0,NULL),(89,1,'6153.40','6153.40',3,'NTBC 5mg',80,'',0,NULL),(90,1,'2461.36','2461.36',8,'NTBC 2mg',80,'',0,NULL),(91,3,'12306.80','36920.40',7,'NTBC 10mg',81,'',0,NULL),(92,1,'6153.40','6153.40',3,'NTBC 5mg',82,'',0,NULL),(93,10,'72.70','727.00',4,'Betaina',83,'',0,NULL),(94,3,'12306.80','36920.40',7,'NTBC 10mg',84,'',0,NULL),(95,3,'6153.40','18460.20',3,'NTBC 5mg',84,'',0,NULL),(96,9,'2461.36','22152.24',8,'NTBC 2mg',84,'',0,NULL),(97,2,'2900.00','5800.00',1,'Buphenyl Polvo',85,'',0,NULL),(98,4,'232.00','928.00',6,'Ambutyrate Oral',86,'',0,NULL),(99,2,'6153.40','12306.80',3,'NTBC 5mg',87,'',0,NULL),(100,1,'2461.36','2461.36',8,'NTBC 2mg',87,'',0,NULL),(101,1,'1961.85','1961.85',9,'Buphenyl Tabletas',88,'',0,NULL),(102,5,'1961.85','9809.25',9,'Buphenyl Tabletas',89,'',0,NULL),(103,2,'232.00','464.00',6,'Ambutyrate Oral',90,'',0,NULL),(104,2,'12306.80','24613.60',7,'NTBC 10mg',91,'',0,NULL),(105,2,'6153.40','12306.80',3,'NTBC 5mg',91,'',0,NULL),(106,3,'2461.36','7384.08',8,'NTBC 2mg',91,'',0,NULL),(107,1,'928.00','928.00',5,'Ambutyrate',92,'',0,NULL),(108,2,'72.70','145.40',4,'Betaina',93,'',0,NULL),(109,6,'12306.80','73840.80',7,'NTBC 10mg',94,'',0,NULL),(110,5,'6153.40','30767.00',3,'NTBC 5mg',95,'',0,NULL),(111,2,'2900.00','5800.00',1,'Buphenyl Polvo',96,'',0,NULL),(112,4,'2461.36','9845.44',8,'NTBC 2mg',97,'',0,NULL),(113,8,'12306.80','98454.40',7,'NTBC 10mg',97,'',0,NULL),(114,10,'72.70','727.00',4,'Betaina',98,'',0,NULL),(115,2,'72.70','145.40',4,'Betaina',99,'',0,NULL),(116,2,'2900.00','5800.00',1,'Buphenyl Polvo',100,'',0,NULL),(117,2,'232.00','464.00',6,'Ambutyrate Oral',101,'',0,NULL),(118,1,'2900.00','2900.00',1,'Buphenyl Polvo',102,'',0,NULL),(119,2,'6153.40','12306.80',3,'NTBC 5mg',103,'',0,NULL),(120,1,'6153.40','6153.40',3,'NTBC 5mg',104,'',0,NULL),(121,6,'6153.40','36920.40',3,'NTBC 5mg',105,'',0,NULL),(122,10,'2461.36','24613.60',8,'NTBC 2mg',105,'',0,NULL),(123,2,'2900.00','5800.00',1,'Buphenyl Polvo',106,'',0,NULL),(124,2,'6153.40','12306.80',3,'NTBC 5mg',107,'',0,NULL),(125,1,'2461.36','2461.36',8,'NTBC 2mg',107,'',0,NULL),(126,4,'6153.40','24613.60',3,'NTBC 5mg',108,'',0,NULL),(127,10,'72.70','727.00',4,'Betaina',109,'',0,NULL),(128,1,'6153.40','6153.40',3,'NTBC 5mg',110,'',0,NULL),(129,1,'2461.36','2461.36',8,'NTBC 2mg',111,'',0,NULL),(130,2,'6153.40','12306.80',3,'NTBC 5mg',111,'',0,NULL),(131,2,'12799.00','25598.00',7,'NTBC 10mg',112,'',0,NULL),(132,1,'2559.82','2559.82',8,'NTBC 2mg',112,'',0,NULL),(133,2,'232.00','464.00',6,'Ambutyrate Oral',113,'',0,NULL),(134,3,'324.52','973.56',2,'Cystagon',114,'',0,NULL),(135,8,'324.52','2596.16',2,'Cystagon',115,'',0,NULL),(136,2,'2900.00','5800.00',1,'Buphenyl Polvo',116,'',0,NULL),(137,9,'324.52','2920.68',2,'Cystagon',117,'',0,NULL),(138,1,'928.00','928.00',5,'Ambutyrate',118,'',0,NULL),(139,1,'2900.00','2900.00',1,'Buphenyl Polvo',119,'',0,NULL),(140,5,'1961.85','9809.25',9,'Buphenyl Tabletas',120,'',0,NULL),(141,6,'1961.85','11771.10',9,'Buphenyl Tabletas',121,'',0,NULL),(142,12,'928.00','11136.00',5,'Ambutyrate',122,'',0,NULL),(143,2,'2900.00','5800.00',1,'Buphenyl Polvo',123,'',0,NULL),(144,1,'2620.00','2620.00',10,'Normosang',124,'',0,NULL),(145,2,'928.00','1856.00',5,'Ambutyrate',125,'',0,NULL),(146,2,'72.70','145.40',4,'Betaina',126,'',0,NULL),(147,1,'2900.00','2900.00',1,'Buphenyl Polvo',127,'',0,NULL),(148,1,'6399.05','6399.05',3,'NTBC 5mg',128,'',0,NULL),(149,2,'2559.82','5119.64',8,'NTBC 2mg',128,'',0,NULL),(150,8,'6399.05','51192.40',3,'NTBC 5mg',129,'',0,NULL),(151,1,'928.00','928.00',5,'Ambutyrate',130,'',0,NULL),(152,3,'12799.00','38397.00',7,'NTBC 10mg',131,'',0,NULL),(153,2,'232.00','464.00',6,'Ambutyrate Oral',132,'',0,NULL),(154,6,'324.52','1947.12',2,'Cystagon',133,'',0,NULL),(155,2,'6399.05','12798.10',3,'NTBC 5mg',134,'',0,NULL),(156,1,'2559.82','2559.82',8,'NTBC 2mg',134,'',0,NULL),(157,8,'6399.05','51192.40',3,'NTBC 5mg',135,'',0,NULL),(158,2,'2559.82','5119.64',8,'NTBC 2mg',136,'',0,NULL),(159,2,'2559.82','5119.64',8,'NTBC 2mg',137,'',0,NULL),(160,2,'928.00','1856.00',5,'Ambutyrate',138,'',0,NULL),(161,2,'928.00','1856.00',5,'Ambutyrate',139,'',0,NULL),(162,6,'1961.85','11771.10',9,'Buphenyl Tabletas',140,'',0,NULL),(163,2,'6399.05','12798.10',3,'NTBC 5mg',141,'',0,NULL),(164,1,'2559.82','2559.82',8,'NTBC 2mg',141,'',0,NULL),(165,2,'6399.05','12798.10',3,'NTBC 5mg',142,'',0,NULL),(166,1,'12799.00','12799.00',7,'NTBC 10mg',143,'',0,NULL),(167,1,'6399.05','6399.05',3,'NTBC 5mg',143,'',0,NULL),(168,1,'2559.82','2559.82',8,'NTBC 2mg',143,'',0,NULL),(169,2,'328.15','656.30',12,'Lacrisert 5 mg',144,'',0,NULL),(170,1,'1378.50','1378.50',13,'Cidofovir ',144,'',0,NULL),(171,1,'12799.00','12799.00',7,'NTBC 10mg',145,'',0,NULL),(172,1,'6399.05','6399.05',3,'NTBC 5mg',145,'',0,NULL),(173,2,'232.00','464.00',6,'Ambutyrate Oral',146,'',0,NULL),(174,2,'6399.05','12798.10',3,'NTBC 5mg',147,'',0,NULL),(175,2,'928.00','1856.00',5,'Ambutyrate',148,'',0,NULL),(176,2,'928.00','1856.00',5,'Ambutyrate',149,'',0,NULL),(177,1,'928.00','928.00',5,'Ambutyrate',150,'',0,NULL),(178,2,'232.00','464.00',6,'Ambutyrate Oral',151,'',0,NULL),(179,2,'6399.05','12798.10',3,'NTBC 5mg',152,'',0,NULL),(180,4,'232.00','928.00',6,'Ambutyrate Oral',153,'',0,NULL),(181,1,'2900.00','2900.00',1,'Buphenyl Polvo',154,'',0,NULL),(182,2,'928.00','1856.00',5,'Ambutyrate',155,'',0,NULL),(183,3,'2559.82','7679.46',8,'NTBC 2mg',156,'',0,NULL),(184,3,'2559.82','7679.46',8,'NTBC 2mg',157,'',0,NULL),(185,3,'2559.82','7679.46',8,'NTBC 2mg',158,'',0,NULL),(186,3,'2559.82','7679.46',8,'NTBC 2mg',159,'',0,NULL),(187,3,'2559.82','7679.46',8,'NTBC 2mg',160,'',0,NULL),(188,2,'928.00','1856.00',5,'Ambutyrate',161,'',0,NULL),(189,6,'1961.85','11771.10',9,'Buphenyl Tabletas',162,'',0,NULL),(190,1,'2559.82','2559.82',8,'NTBC 2mg',163,'',0,NULL),(191,2,'6399.05','12798.10',3,'NTBC 5mg',163,'',0,NULL),(192,2,'2900.00','5800.00',1,'Buphenyl Polvo',164,'',0,NULL),(193,1,'2559.82','2559.82',8,'NTBC 2mg',165,'',0,NULL),(194,2,'6399.05','12798.10',3,'NTBC 5mg',165,'',0,NULL),(195,2,'72.70','145.40',4,'Betaina',166,'',0,NULL),(196,2,'232.00','464.00',6,'Ambutyrate Oral',167,'',0,NULL),(197,3,'6399.05','19197.15',3,'NTBC 5mg',168,'no',0,NULL),(198,2,'6399.05','12798.10',3,'NTBC 5mg',169,'',0,NULL),(199,2,'6399.05','12798.10',3,'NTBC 5mg',170,'',0,NULL),(200,10,'72.70','727.00',4,'Betaina',171,'',0,NULL),(201,2,'232.00','464.00',6,'Ambutyrate Oral',172,'',0,NULL),(202,1,'2900.00','2900.00',1,'Buphenyl Polvo',173,'',0,NULL),(203,5,'6399.05','31995.25',3,'NTBC 5mg',174,'',0,NULL),(204,1,'928.00','928.00',5,'Ambutyrate',175,'',0,NULL),(205,4,'157.78','631.12',14,'Sodium Dichloroacetate',176,'',0,NULL),(206,2,'72.70','145.40',4,'Betaina',177,'B052644',0,NULL),(207,2,'12799.00','25598.00',7,'NTBC 10mg',178,'',0,NULL),(208,4,'2559.82','10239.28',8,'NTBC 2mg',178,'',0,NULL),(209,2,'6399.05','12798.10',3,'NTBC 5mg',178,'',0,NULL),(210,1,'2900.00','2900.00',1,'Buphenyl Polvo',179,'',0,NULL),(211,5,'232.00','1160.00',6,'Ambutyrate Oral',180,'',0,NULL),(212,2,'232.00','464.00',6,'Ambutyrate Oral',181,'',0,NULL),(213,2,'928.00','1856.00',5,'Ambutyrate',182,'',0,NULL),(214,2,'2900.00','5800.00',1,'Buphenyl Polvo',183,'',0,NULL),(215,1,'2900.00','2900.00',1,'Buphenyl Polvo',184,'',0,NULL),(216,2,'6399.05','12798.10',3,'NTBC 5mg',185,'',0,NULL),(217,2,'6399.05','12798.10',3,'NTBC 5mg',186,'',0,NULL),(218,1,'2559.82','2559.82',8,'NTBC 2mg',186,'',0,NULL),(219,3,'12799.00','38397.00',7,'NTBC 10mg',187,'',0,NULL),(220,3,'12799.00','38397.00',7,'NTBC 10mg',188,'',0,NULL),(221,1,'2559.82','2559.82',8,'NTBC 2mg',188,'',0,NULL),(222,2,'2900.00','5800.00',1,'Buphenyl Polvo',189,'',0,NULL),(223,3,'2559.82','7679.46',8,'NTBC 2mg',190,'',0,NULL),(224,3,'2559.82','7679.46',8,'NTBC 2mg',191,'',0,NULL),(225,1,'203.00','203.00',15,'Amzoate',192,'',0,NULL),(226,1,'232.00','232.00',6,'Ambutyrate Oral',193,'S128621',0,NULL),(227,1,'6399.05','6399.05',3,'NTBC 5mg',194,'',0,NULL),(228,5,'72.70','363.50',4,'Betaina',195,'',0,NULL),(229,16,'324.52','5192.32',2,'Cystagon',196,'',0,NULL),(230,16,'420.00','6720.00',2,'Cystagon',197,'',0,NULL),(231,3,'12799.00','38397.00',7,'NTBC 10mg',198,'',0,NULL),(232,2,'2900.00','5800.00',1,'Buphenyl Polvo',199,'',0,NULL),(233,2,'928.00','1856.00',5,'Ambutyrate',200,'S07 8928',0,NULL),(234,2,'928.00','1856.00',5,'Ambutyrate',201,'',0,NULL),(235,2,'6399.05','12798.10',3,'NTBC 5mg',202,'',0,NULL),(236,1,'2559.82','2559.82',8,'NTBC 2mg',202,'',0,NULL),(237,4,'72.70','290.80',4,'Betaina',203,'',0,NULL),(238,1,'232.00','232.00',6,'Ambutyrate Oral',204,'S128621',0,NULL),(239,1,'6399.05','6399.05',3,'NTBC 5mg',205,'',0,NULL),(240,1,'2559.82','2559.82',8,'NTBC 2mg',205,'',0,NULL),(241,3,'12799.00','38397.00',7,'NTBC 10mg',206,'',0,NULL),(242,3,'6399.05','19197.15',3,'NTBC 5mg',206,'',0,NULL),(243,9,'2559.82','23038.38',8,'NTBC 2mg',206,'',0,NULL),(244,1,'2559.82','2559.82',8,'NTBC 2mg',207,'',0,NULL),(245,1,'2900.00','2900.00',1,'Buphenyl Polvo',208,'',0,NULL),(246,1,'2620.00','2620.00',10,'Normosang',209,'',0,NULL),(247,3,'6399.05','19197.15',3,'NTBC 5mg',210,'',0,NULL),(248,1,'420.00','420.00',2,'Cystagon',211,'',0,NULL),(249,1,'420.00','420.00',2,'Cystagon',212,'',0,NULL),(250,3,'6399.05','19197.15',3,'NTBC 5mg',213,'',0,NULL),(251,2,'928.00','1856.00',5,'Ambutyrate',214,'',0,NULL),(252,6,'1961.85','11771.10',9,'Buphenyl Tabletas',215,'',0,NULL),(253,2,'6399.05','12798.10',3,'NTBC 5mg',216,'',0,NULL),(254,2,'6719.48','13438.96',3,'NTBC 5mg',217,'',0,NULL),(255,1,'2900.00','2900.00',1,'Buphenyl Polvo',218,'3272024',0,NULL),(256,2,'502.24','1004.48',16,'Ambutyrate,10 ampollas inyectable',219,'',0,NULL),(257,2,'203.00','406.00',15,'Amzoate',219,'',0,NULL),(258,2,'208.14','416.28',17,'L-Arginina Inyecciones',219,'',0,NULL),(259,2,'232.00','464.00',6,'Ambutyrate Oral',220,'S128621',0,NULL),(260,2,'6719.48','13438.96',3,'NTBC 5mg',221,'',0,NULL),(261,1,'13439.00','13439.00',7,'NTBC 10mg',222,'',0,NULL),(262,1,'6719.48','6719.48',3,'NTBC 5mg',222,'',0,NULL),(263,3,'2687.80','8063.40',8,'NTBC 2mg',222,'',0,NULL),(264,3,'6719.48','20158.44',3,'NTBC 5mg',223,'',0,NULL),(265,2,'2900.00','5800.00',1,'Buphenyl Polvo',224,'',0,NULL),(266,4,'2900.00','11600.00',1,'Buphenyl Polvo',225,'',0,NULL),(267,4,'232.00','928.00',6,'Ambutyrate Oral',226,'',0,NULL),(268,9,'13439.00','120951.00',7,'NTBC 10mg',227,'',0,NULL),(269,3,'2687.80','8063.40',8,'NTBC 2mg',227,'',0,NULL),(270,6,'928.00','5568.00',5,'Ambutyrate',228,'',0,NULL),(271,1,'232.00','232.00',6,'Ambutyrate Oral',229,'',0,NULL),(272,1,'203.00','203.00',15,'Amzoate',230,'811174',0,NULL),(273,1,'203.00','203.00',15,'Amzoate',231,'802083',0,NULL),(274,1,'208.14','208.14',17,'L-Arginina Inyecciones',231,'811174',0,NULL),(275,1,'420.00','420.00',2,'Cystagon',232,'3004785',0,NULL),(276,1,'2687.80','2687.80',8,'NTBC 2mg',233,'',0,NULL),(277,1,'6719.48','6719.48',3,'NTBC 5mg',233,'',0,NULL),(278,2,'6719.48','13438.96',3,'NTBC 5mg',234,'',0,NULL),(279,1,'2687.80','2687.80',8,'NTBC 2mg',234,'',0,NULL),(280,4,'72.70','290.80',4,'Betaina',235,'',0,NULL),(281,1,'203.00','203.00',15,'Amzoate',236,'',0,NULL),(282,6,'534.00','3204.00',18,'Ambutyrate, tabletas de 500mg',237,'',0,NULL),(283,1,'232.00','232.00',6,'Ambutyrate Oral',238,'',0,NULL),(284,1,'2687.80','2687.80',8,'NTBC 2mg',239,'',0,NULL),(285,5,'420.00','2100.00',2,'Cystagon',240,'',0,NULL),(286,2,'232.00','464.00',6,'Ambutyrate Oral',241,'',0,NULL),(287,1,'928.00','928.00',5,'Ambutyrate',242,'',0,NULL),(288,1,'2687.80','2687.80',8,'NTBC 2mg',243,'',0,NULL),(289,2,'6719.48','13438.96',3,'NTBC 5mg',243,'',0,NULL),(290,1,'2687.80','2687.80',8,'NTBC 2mg',244,'',0,NULL),(291,2,'6719.48','13438.96',3,'NTBC 5mg',244,'',0,NULL),(292,2,'928.00','1856.00',5,'Ambutyrate',245,'',0,NULL),(293,2,'928.00','1856.00',5,'Ambutyrate',246,'',0,NULL),(294,4,'72.70','290.80',4,'Betaina',247,'',0,NULL),(295,1,'2900.00','2900.00',1,'Buphenyl Polvo',248,'3272.031',0,NULL),(296,1,'2687.80','2687.80',8,'NTBC 2mg',249,'',0,NULL),(297,10,'534.00','5340.00',18,'Ambutyrate, tabletas de 500mg',250,'',0,NULL),(298,1,'232.00','232.00',6,'Ambutyrate Oral',251,'',0,NULL),(299,4,'232.00','928.00',6,'Ambutyrate Oral',252,'',0,NULL),(300,1,'13439.00','13439.00',7,'NTBC 10mg',253,'',0,NULL),(301,1,'6719.48','6719.48',3,'NTBC 5mg',253,'',0,NULL),(302,1,'2687.80','2687.80',8,'NTBC 2mg',253,'',0,NULL),(303,2,'2900.00','5800.00',1,'Buphenyl Polvo',254,'',0,NULL),(304,1,'232.00','232.00',6,'Ambutyrate Oral',255,'',0,NULL),(305,3,'2900.00','8700.00',1,'Buphenyl Polvo',256,'',0,NULL),(306,3,'6719.48','20158.44',3,'NTBC 5mg',257,'',0,NULL),(307,4,'6719.48','26877.92',3,'NTBC 5mg',258,'',0,NULL),(308,10,'44.72','447.20',19,'Amzoate Tablets',259,'',0,NULL),(309,1,'232.00','232.00',6,'Ambutyrate Oral',260,'',0,NULL),(310,1,'2687.80','2687.80',8,'NTBC 2mg',261,'',0,NULL),(311,1,'72.70','72.70',4,'Betaina',262,'',0,NULL),(312,10,'72.70','727.00',4,'Betaina',263,'',0,NULL),(313,2,'928.00','1856.00',5,'Ambutyrate',264,'S07.8928',0,NULL),(314,1,'232.00','232.00',6,'Ambutyrate Oral',265,'',0,NULL),(315,9,'420.00','3780.00',2,'Cystagon',266,'',0,NULL),(316,3,'420.00','1260.00',2,'Cystagon',267,'',0,NULL),(317,2,'6719.48','13438.96',3,'NTBC 5mg',268,'',0,NULL),(318,1,'203.00','203.00',15,'Amzoate',269,'',0,NULL),(319,6,'534.00','3204.00',18,'Ambutyrate, tabletas de 500mg',270,'',0,NULL),(320,1,'2687.80','2687.80',8,'NTBC 2mg',271,'',0,NULL),(321,2,'928.00','1856.00',5,'Ambutyrate',272,'',0,NULL),(322,2,'2900.00','5800.00',1,'Buphenyl Polvo',273,'',0,NULL),(323,3,'13439.00','40317.00',7,'NTBC 10mg',274,'',0,NULL),(324,3,'6719.48','20158.44',3,'NTBC 5mg',274,'',0,NULL),(325,9,'2687.80','24190.20',8,'NTBC 2mg',274,'',0,NULL),(326,5,'6719.48','33597.40',3,'NTBC 5mg',275,'',0,NULL),(327,3,'928.00','2784.00',5,'Ambutyrate',276,'',0,NULL),(328,3,'928.00','2784.00',5,'Ambutyrate',277,'',0,NULL),(329,3,'928.00','2784.00',5,'Ambutyrate',278,'',0,NULL),(330,4,'13439.00','53756.00',7,'NTBC 10mg',279,'',0,NULL),(331,3,'1961.85','5885.55',9,'Buphenyl Tabletas',280,'',0,NULL),(332,6,'1961.85','11771.10',9,'Buphenyl Tabletas',281,'',0,NULL),(333,2,'1961.85','3923.70',9,'Buphenyl Tabletas',282,'',0,NULL),(334,1,'232.00','232.00',6,'Ambutyrate Oral',283,'',0,NULL),(335,1,'232.00','232.00',6,'Ambutyrate Oral',284,'',0,NULL),(336,5,'13439.00','67195.00',7,'NTBC 10mg',285,'',0,NULL),(337,8,'2687.80','21502.40',8,'NTBC 2mg',285,'',0,NULL),(338,3,'13439.00','40317.00',7,'NTBC 10mg',286,'',0,NULL),(339,1,'2900.00','2900.00',1,'Buphenyl Polvo',287,'',0,NULL),(340,1,'6719.48','6719.48',3,'NTBC 5mg',288,'',0,NULL),(341,6,'2687.80','16126.80',8,'NTBC 2mg',289,'',0,NULL),(342,1,'2900.00','2900.00',1,'Buphenyl Polvo',290,'',0,NULL),(343,3,'420.00','1260.00',2,'Cystagon',291,'',0,NULL),(344,2,'6719.48','13438.96',3,'NTBC 5mg',292,'',0,NULL),(345,1,'2687.80','2687.80',8,'NTBC 2mg',292,'',0,NULL),(346,3,'420.00','1260.00',2,'Cystagon',293,'',0,NULL),(347,2,'203.00','406.00',15,'Amzoate',294,'',0,NULL),(348,2,'502.24','1004.48',16,'Ambutyrate,10 ampollas inyectable',294,'',0,NULL),(349,2,'44.72','89.44',19,'Amzoate Tablets',295,'',0,NULL),(350,2,'534.00','1068.00',18,'Ambutyrate, tabletas de 500mg',296,'',0,NULL),(351,1,'1961.85','1961.85',9,'Buphenyl Tabletas',297,'',0,NULL),(352,2,'6719.48','13438.96',3,'NTBC 5mg',298,'',0,NULL),(353,6,'13439.00','80634.00',7,'NTBC 10mg',299,'',0,NULL),(354,1,'232.00','232.00',6,'Ambutyrate Oral',300,'',0,NULL),(355,2,'232.00','464.00',6,'Ambutyrate Oral',301,'',0,NULL),(356,2,'928.00','1856.00',5,'Ambutyrate',302,'',0,NULL),(357,2,'502.24','1004.48',16,'Ambutyrate,10 ampollas inyectable',303,'',0,NULL),(358,1,'203.00','203.00',15,'Amzoate',303,'',0,NULL),(359,1,'72.70','72.70',4,'Betaina',304,'',0,NULL),(360,1,'232.00','232.00',6,'Ambutyrate Oral',305,'',0,NULL),(361,6,'928.00','5568.00',5,'Ambutyrate',306,'',0,NULL),(362,4,'241.80','967.20',20,'L-Citrulline',306,'',0,NULL),(363,6,'928.00','5568.00',5,'Ambutyrate',307,'',0,NULL),(364,4,'241.80','967.20',20,'L-Citrulline',307,'',0,NULL),(365,4,'72.70','290.80',4,'Betaina',308,'',0,NULL),(366,1,'232.00','232.00',6,'Ambutyrate Oral',309,'S129973',0,NULL),(367,6,'13439.00','80634.00',7,'NTBC 10mg',310,'',0,NULL),(368,2,'13439.00','26878.00',7,'NTBC 10mg',311,'',0,NULL),(369,1,'2687.80','2687.80',8,'NTBC 2mg',312,'2449243',0,NULL),(370,5,'6719.48','33597.40',3,'NTBC 5mg',313,'',0,NULL),(371,12449243,'2687.80','99999999.99',8,'NTBC 2mg',314,'',0,NULL),(372,2,'2900.00','5800.00',1,'Buphenyl Polvo',315,'',0,NULL),(373,2,'2900.00','5800.00',1,'Buphenyl Polvo',316,'',0,NULL),(374,6,'13439.00','80634.00',7,'NTBC 10mg',317,'',0,NULL),(375,1,'6719.48','6719.48',3,'NTBC 5mg',318,'',0,NULL),(376,2,'928.00','1856.00',5,'Ambutyrate',319,'',0,NULL),(377,4,'928.00','3712.00',5,'Ambutyrate',320,'',0,NULL),(378,4,'928.00','3712.00',5,'Ambutyrate',321,'',0,NULL),(379,2,'6719.48','13438.96',3,'NTBC 5mg',322,'',0,NULL),(380,1,'2687.80','2687.80',8,'NTBC 2mg',322,'',0,NULL),(381,1,'2900.00','2900.00',1,'Buphenyl Polvo',323,'',0,NULL),(382,6,'534.00','3204.00',18,'Ambutyrate, tabletas de 500mg',324,'',0,NULL),(383,1,'2900.00','2900.00',1,'Buphenyl Polvo',325,'',0,NULL),(384,2,'232.00','464.00',6,'Ambutyrate Oral',326,'S12.9973',0,NULL),(385,9,'420.00','3780.00',2,'Cystagon',327,'',0,NULL),(386,3,'2687.80','8063.40',8,'NTBC 2mg',328,'',0,NULL),(387,3,'2687.80','8063.40',8,'NTBC 2mg',329,'',0,NULL),(388,2,'6719.48','13438.96',3,'NTBC 5mg',330,'',0,NULL),(389,2,'6719.48','13438.96',3,'NTBC 5mg',331,'',0,NULL),(390,2,'928.00','1856.00',5,'Ambutyrate',332,'',0,NULL),(391,2,'928.00','1856.00',5,'Ambutyrate',333,'S0710750',0,NULL),(392,1,'232.00','232.00',6,'Ambutyrate Oral',334,'',0,NULL),(393,6,'534.00','3204.00',18,'Ambutyrate, tabletas de 500mg',335,'S069814',0,NULL),(394,1,'2687.80','2687.80',8,'NTBC 2mg',336,'2449243',0,NULL),(395,7,'1961.85','13732.95',9,'Buphenyl Tabletas',337,'',0,NULL),(396,7,'1961.85','13732.95',9,'Buphenyl Tabletas',338,'',0,NULL),(397,1,'502.24','502.24',16,'Ambutyrate,10 ampollas inyectable',339,'',0,NULL),(398,1,'502.24','502.24',16,'Ambutyrate,10 ampollas inyectable',340,'',0,NULL),(399,8,'534.00','4272.00',18,'Ambutyrate, tabletas de 500mg',341,'',0,NULL),(400,1,'450.00','450.00',21,'Neophe en polvo',342,'',0,NULL),(401,2,'2687.80','5375.60',8,'NTBC 2mg',343,'',0,NULL),(402,1,'6719.48','6719.48',3,'NTBC 5mg',344,'',0,NULL),(403,1,'2687.80','2687.80',8,'NTBC 2mg',345,'',0,NULL),(404,1,'2900.00','2900.00',1,'Buphenyl Polvo',346,'',0,NULL),(405,1,'232.00','232.00',6,'Ambutyrate Oral',347,'',0,NULL),(406,1,'72.70','72.70',4,'Betaina',348,'',0,NULL),(407,1,'928.00','928.00',5,'Ambutyrate',349,'',0,NULL),(408,4,'232.00','928.00',6,'Ambutyrate Oral',350,'',0,NULL),(409,2,'232.00','464.00',6,'Ambutyrate Oral',351,'',0,NULL),(410,1,'2900.00','2900.00',1,'Buphenyl Polvo',352,'',0,NULL),(411,1,'6719.48','6719.48',3,'NTBC 5mg',353,'',0,NULL),(412,2,'203.00','406.00',15,'Amzoate',354,'',0,NULL),(413,2,'208.14','416.28',17,'L-Arginina Inyecciones',354,'',0,NULL),(414,1,'13439.00','13439.00',7,'NTBC 10mg',355,'',0,NULL),(415,12,'6719.48','80633.76',3,'NTBC 5mg',356,'',0,NULL),(416,4,'232.00','928.00',6,'Ambutyrate Oral',357,'',0,NULL),(417,1,'232.00','232.00',6,'Ambutyrate Oral',358,'',0,NULL),(418,3,'928.00','2784.00',5,'Ambutyrate',359,'',0,NULL),(419,1,'928.00','928.00',5,'Ambutyrate',360,'',0,NULL),(420,1,'232.00','232.00',6,'Ambutyrate Oral',361,'',0,NULL),(421,3,'2687.80','8063.40',8,'NTBC 2mg',362,'',0,NULL),(422,8,'534.00','4272.00',18,'Ambutyrate, tabletas de 500mg',363,'',0,NULL),(423,4,'13439.00','53756.00',7,'NTBC 10mg',364,'',0,NULL),(424,10,'928.00','9280.00',5,'Ambutyrate',365,'',0,NULL),(425,2,'1961.85','3923.70',9,'Buphenyl Tabletas',366,'',0,NULL),(426,3,'13439.00','40317.00',7,'NTBC 10mg',367,'',0,NULL),(427,3,'6719.48','20158.44',3,'NTBC 5mg',367,'',0,NULL),(428,9,'2687.80','24190.20',8,'NTBC 2mg',367,'',0,NULL),(429,2,'928.00','1856.00',5,'Ambutyrate',368,'',0,NULL),(430,11,'2687.80','29565.80',8,'NTBC 2mg',369,'',0,NULL),(431,1,'928.00','928.00',5,'Ambutyrate',370,'928',0,NULL),(432,1,'13439.00','13439.00',7,'NTBC 10mg',371,'',0,NULL),(433,4,'928.00','3712.00',5,'Ambutyrate',372,'',0,NULL),(434,3,'241.80','725.40',20,'L-Citrulline',372,'',0,NULL),(435,4,'928.00','3712.00',5,'Ambutyrate',373,'',0,NULL),(436,3,'241.80','725.40',20,'L-Citrulline',373,'',0,NULL),(437,3,'3980.00','11940.00',22,'Amoniul',374,'',0,NULL),(438,1,'6719.48','6719.48',3,'NTBC 5mg',375,'',0,NULL),(439,1,'6719.48','6719.48',3,'NTBC 5mg',376,'',0,NULL),(440,5,'6719.48','33597.40',3,'NTBC 5mg',377,'',0,NULL),(441,1,'232.00','232.00',6,'Ambutyrate Oral',378,'',0,NULL),(442,4,'928.00','3712.00',5,'Ambutyrate',379,'',0,NULL),(443,1,'502.24','502.24',16,'Ambutyrate,10 ampollas inyectable',379,'',0,NULL),(444,2,'6719.48','13438.96',3,'NTBC 5mg',380,'',0,NULL),(445,1,'232.00','232.00',6,'Ambutyrate Oral',381,'',0,NULL),(446,2,'2900.00','5800.00',1,'Buphenyl Polvo',382,'',0,NULL),(447,10,'72.70','727.00',4,'Betaina',383,'',0,NULL),(448,2,'232.00','464.00',6,'Ambutyrate Oral',384,'',0,NULL),(449,1,'2687.80','2687.80',8,'NTBC 2mg',385,'',0,NULL),(450,12,'232.00','2784.00',6,'Ambutyrate Oral',386,'',0,NULL),(451,2,'2687.80','5375.60',8,'NTBC 2mg',387,'',0,NULL),(452,2,'232.00','464.00',6,'Ambutyrate Oral',388,'',0,NULL);
/*!40000 ALTER TABLE `proformadetails` ENABLE KEYS */;
UNLOCK TABLES;

--
-- Table structure for table `proformas`
--

DROP TABLE IF EXISTS `proformas`;
SET @saved_cs_client     = @@character_set_client;
SET character_set_client = utf8;
CREATE TABLE `proformas` (
  `id` int(10) unsigned NOT NULL auto_increment,
  `user_id` int(10) unsigned NOT NULL default '0',
  `discount` int(10) unsigned default NULL,
  `courier` decimal(10,2) NOT NULL default '0.00',
  `total` decimal(10,2) NOT NULL default '0.00',
  `created_at` datetime default NULL,
  `patient_id` int(10) unsigned NOT NULL default '0',
  `patient_description` text,
  `client_id` int(10) unsigned NOT NULL default '0',
  `client_description` text,
  `status` enum('Creada','Aprobada','Rechazada','Anulada') NOT NULL default 'Creada',
  `version` bigint(20) default NULL,
  PRIMARY KEY  (`id`),
  KEY `FKC46A34E32F7C98EF` (`patient_id`)
) ENGINE=MyISAM AUTO_INCREMENT=389 DEFAULT CHARSET=utf8;
SET character_set_client = @saved_cs_client;

--
-- Dumping data for table `proformas`
--

LOCK TABLES `proformas` WRITE;
/*!40000 ALTER TABLE `proformas` DISABLE KEYS */;
INSERT INTO `proformas` VALUES (1,0,0,'200.00','3100.00','2008-07-15 12:00:03',1,'Ignacio Levandowsky',1,'OSPIA\nVenezuela 2386\n4383-9026\n','Aprobada',0),(2,0,0,'200.00','14700.00','2008-07-15 12:11:21',2,'Facundo Vallejos',2,'Droguerí­a Itati\nGobernador Pedro Ferré 1878\n03783-430595/436225\n','Aprobada',0),(3,0,0,'200.00','12033.00','2008-07-15 12:25:34',3,'JC Rotta',3,'Droguerí­a Zeus\nAvda. Cabret 1916 (Posadas)\n03752-438900\n','Aprobada',0),(4,0,0,'200.00','17950.00','2008-07-15 12:31:20',4,'Lucas Contreras',4,'OSECAC\nMoreno 648 (Capital Federal)\n4332-4217\n','Aprobada',0),(5,0,0,'200.00','3100.00','2008-07-15 12:37:13',5,'Maximo Tortolini',5,'Obra Social Jefes de Oficiales Navales\n24 de Noviembre 645\n4932-8079\n','Aprobada',0),(6,0,0,'200.00','927.00','2008-07-15 12:42:59',6,'Melina Mainardi',6,'Néstor Mainardi\nUrquiza 225 (Córdoba)\n03562-422502\n','Aprobada',0),(7,0,0,'200.00','3100.00','2008-07-15 12:43:43',1,'Ignacio Levandowsky',1,'OSPIA\nVenezuela 2386\n4383-9026\n','Aprobada',0),(8,0,0,'200.00','1128.00','2008-07-15 12:51:36',7,'Franco Viggiano',8,'Hospital Francés\nLa Rioja 951\n4959-1500\n','Aprobada',0),(9,0,0,'200.00','896.00','2008-07-15 13:50:30',8,'Candela Altamira',9,'DASPU OBRA SOCIAL\nNO\nNO\n','Aprobada',0),(10,0,0,'200.00','35700.00','2008-07-15 13:56:58',9,'VGPF VGPF',10,'Instituto Paraná\nNO\nNO\n','Creada',0),(11,0,0,'200.00','12033.00','2008-07-15 14:01:19',3,'JC Rotta',3,'Droguerí­a Zeus\nAvda. Cabret 1916 (Posadas)\n03752-438900\n','Aprobada',0),(12,0,0,'200.00','14494.00','2008-07-18 11:38:37',3,'JC Rotta',11,'Droguerí­a San Miguel\nSan Martin 2102 (Posadas)\n03752-431652\n','Aprobada',0),(13,0,0,'200.00','6116.00','2008-07-18 11:49:09',10,'Ariadna Coronel',12,'Obra Social Personal de Farmacia\nConstitución 2066\n4941-1342\n','Aprobada',0),(14,0,0,'200.00','3100.00','2008-07-21 16:13:01',1,'Ignacio Levandowsky',1,'OSPIA\nVenezuela 2386\n4383-9026\n','Aprobada',0),(15,0,10,'0.00','8828.00','2008-07-21 16:35:01',11,'Marlene Guercio',13,'I.N.S.S.J.P\nPerú 169 5ºA\n4344-8701\n','Aprobada',0),(16,0,0,'200.00','3100.00','2008-07-22 11:20:07',12,'NO NO',14,'Hospital Garrahan\nCombate de los Pozos 1881\n4308-4300\n','Creada',0),(17,0,0,'200.00','17950.00','2008-07-22 11:21:08',4,'Lucas Contreras',4,'OSECAC\nMoreno 648 (Capital Federal)\n4332-4217\n','Aprobada',0),(18,0,3,'200.00','5889.00','2008-07-22 11:23:26',4,'Lucas Contreras',4,'OSECAC\nMoreno 648 (Capital Federal)\n4332-4217\n','Creada',0),(19,0,0,'200.00','272.00','2008-07-22 11:32:30',13,'Natali Singh',15,'CEMECO\nCórdoba\nNO\n','Creada',0),(20,0,3,'200.00','14400.00','2008-07-22 11:38:28',14,'Gianella Maldonado',16,'Corbiet SA\nCórdoba\nNO\n','Aprobada',0),(21,0,0,'200.00','636.00','2008-07-22 11:41:57',15,'Ricardo Noriega',17,'Sin Obra Social\nNO\nNO\n','Aprobada',0),(22,0,0,'200.00','35700.00','2008-07-22 11:46:47',16,'Alfonso Sana',17,'Sin Obra Social\nNO\nNO\n','Aprobada',0),(23,0,0,'200.00','12033.00','2008-07-22 12:24:28',3,'JC Rotta',3,'Droguerí­a Zeus\nAvda. Cabret 1916 (Posadas)\n03752-438900\n','Aprobada',0),(24,0,0,'200.00','1128.00','2008-07-22 12:32:08',12,'NO NO',14,'Hospital Garrahan\nCombate de los Pozos 1881\n4308-4300\n','Creada',0),(25,0,0,'200.00','17950.00','2008-07-23 11:44:16',4,'Lucas Contreras',4,'OSECAC\nMoreno 648 (Capital Federal)\n4332-4217\n','Aprobada',0),(26,0,0,'200.00','1128.00','2008-07-23 11:45:57',12,'NO NO',8,'Hospital Francés\nLa Rioja 951\n4959-1500\n','Aprobada',0),(27,0,0,'200.00','3100.00','2008-07-23 11:47:26',5,'Maximo Tortolini',5,'Obra Social Jefes de Oficiales Navales\n24 de Noviembre 645\n4932-8079\n','Aprobada',0),(28,0,0,'200.00','3100.00','2008-07-23 11:48:03',1,'Ignacio Levandowsky',1,'OSPIA\nVenezuela 2386\n4383-9026\n','Aprobada',0),(29,0,0,'200.00','2147.00','2008-07-23 11:52:05',17,'Christian Guanco',18,'Drogueria Pharmers SRL\nNO\nNO\n','Aprobada',0),(30,0,0,'200.00','1173.00','2008-07-23 11:57:15',12,'NO NO',19,'Biofar\nLopez y Planes 551 (Resistencia, Chaco)\n(03722) 441212/442772\n','Aprobada',0),(31,0,0,'200.00','3100.00','2008-07-23 12:00:22',5,'Maximo Tortolini',5,'Obra Social Jefes de Oficiales Navales\n24 de Noviembre 645\n4932-8079\n','Aprobada',0),(32,0,0,'200.00','3100.00','2008-07-23 12:01:25',1,'Ignacio Levandowsky',1,'OSPIA\nVenezuela 2386\n4383-9026\n','Aprobada',0),(33,0,0,'200.00','20411.00','2008-07-23 12:02:48',4,'Lucas Contreras',4,'OSECAC\nMoreno 648 (Capital Federal)\n4332-4217\n','Aprobada',0),(34,0,0,'200.00','38634.00','2008-07-23 12:05:39',18,'Santino Ocampo',19,'Biofar\nLopez y Planes 551 (Resistencia, Chaco)\n(03722) 441212/442772\n','Creada',0),(35,0,0,'200.00','490.00','2008-07-23 12:08:52',19,'Arantxa Sola',15,'CEMECO\nCórdoba\nNO\n','Creada',0),(36,0,0,'200.00','37120.00','2008-07-23 12:16:17',21,'Sin Identificar',20,'Secretaria de Saude de Santa Catarina\nBrasil\nNO\n','Creada',0),(37,0,0,'200.00','3100.00','2008-07-23 12:17:12',1,'Ignacio Levandowsky',1,'OSPIA\nVenezuela 2386\n4383-9026\n','Aprobada',0),(38,0,0,'200.00','3100.00','2008-07-23 12:17:56',1,'Ignacio Levandowsky',1,'OSPIA\nVenezuela 2386\n4383-9026\n','Aprobada',0),(39,0,10,'200.00','9028.00','2008-07-23 12:18:41',11,'Marlene Guercio',13,'I.N.S.S.J.P\nPerú 169 5ºA\n4344-8701\n','Creada',0),(40,0,0,'200.00','21121.00','2008-07-23 12:20:35',3,'JC Rotta',3,'Droguerí­a Zeus\nAvda. Cabret 1916 (Posadas)\n03752-438900\n','Creada',0),(41,0,0,'250.00','2870.00','2008-07-23 12:26:35',21,'Sin Identificar',21,'Libra\nARROYO GRANDE 2832.CP 11800. Montevideo. Urug\n00598 2200 5521\n','Aprobada',0),(42,0,0,'200.00','14968.00','2008-07-23 12:27:55',14,'Gianella Maldonado',16,'Corbiet SA\nCórdoba\nNO\n','Aprobada',0),(43,0,0,'200.00','1128.00','2008-07-23 12:29:23',7,'Franco Viggiano',8,'Hospital Francés\nLa Rioja 951\n4959-1500\n','Aprobada',0),(44,0,7,'200.00','34246.00','2008-07-23 12:31:46',16,'Alfonso Sana',17,'Sin Obra Social\nNO\nNO\n','Aprobada',0),(45,0,0,'200.00','927.00','2008-07-23 12:35:16',6,'Melina Mainardi',22,'Smata\nCórdoba\nNO\n','Aprobada',0),(46,0,0,'200.00','664.00','2008-07-23 12:38:53',8,'Candela Altamira',9,'DASPU OBRA SOCIAL\nNO\nNO\n','Aprobada',0),(47,0,0,'250.00','2870.00','2008-07-23 12:39:54',21,'Sin Identificar',21,'Libra\nARROYO GRANDE 2832.CP 11800. Montevideo. Urug\n00598 2200 5521\n','Aprobada',0),(48,0,0,'200.00','3100.00','2008-07-23 12:42:07',1,'Ignacio Levandowsky',1,'OSPIA\nVenezuela 2386\n4383-9026\n','Aprobada',0),(49,0,0,'200.00','3100.00','2008-07-23 12:42:43',5,'Maximo Tortolini',5,'Obra Social Jefes de Oficiales Navales\n24 de Noviembre 645\n4932-8079\n','Aprobada',0),(50,0,0,'200.00','44504.00','2008-07-23 12:48:21',22,'Rosario Zelaya',23,'Instituto de Previsión y Seguridad Social\nTucumán\nNO\n','Aprobada',0),(51,0,0,'200.00','61734.00','2008-07-23 12:51:34',18,'Santino Ocampo',24,'Drogueria Mar\nChaco\n03783-478400\n','Creada',0),(52,0,0,'0.00','12306.00','2008-07-23 13:02:46',4,'Lucas Contreras',4,'OSECAC\nMoreno 648 (Capital Federal)\n4332-4217\n','Aprobada',0),(53,0,0,'200.00','3100.00','2008-07-23 13:03:24',1,'Ignacio Levandowsky',1,'OSPIA\nVenezuela 2386\n4383-9026\n','Aprobada',0),(54,0,3,'0.00','35502.00','2008-07-23 13:07:25',21,'Sin Identificar',10,'Instituto Paraná\nNO\nNO\n','Creada',0),(55,0,0,'200.00','37120.00','2008-07-23 13:09:13',21,'Sin Identificar',10,'Instituto Paraná\nNO\nNO\n','Aprobada',0),(56,0,0,'200.00','2796.00','2008-07-23 13:10:03',21,'Sin Identificar',19,'Biofar\nLopez y Planes 551 (Resistencia, Chaco)\n(03722) 441212/442772\n','Creada',0),(57,0,0,'200.00','3120.00','2008-07-23 13:10:55',21,'Sin Identificar',19,'Biofar\nLopez y Planes 551 (Resistencia, Chaco)\n(03722) 441212/442772\n','Aprobada',0),(58,0,0,'0.00','2461.00','2008-07-23 13:14:49',10,'Ariadna Coronel',12,'Obra Social Personal de Farmacia\nConstitución 2066\n4941-1342\n','Aprobada',0),(59,0,0,'200.00','1128.00','2008-07-23 13:15:50',7,'Franco Viggiano',8,'Hospital Francés\nLa Rioja 951\n4959-1500\n','Aprobada',0),(60,0,0,'200.00','18660.00','2008-07-23 13:16:29',4,'Lucas Contreras',4,'OSECAC\nMoreno 648 (Capital Federal)\n4332-4217\n','Aprobada',0),(61,0,0,'200.00','2661.00','2008-07-23 13:17:57',23,'Gina Marinho',17,'Sin Obra Social\nNO\nNO\n','Aprobada',0),(62,0,0,'200.00','2661.00','2008-07-23 13:18:59',3,'JC Rotta',11,'Droguerí­a San Miguel\nSan Martin 2102 (Posadas)\n03752-431652\n','Aprobada',0),(63,0,0,'200.00','345.00','2008-07-23 13:19:41',19,'Arantxa Sola',15,'CEMECO\nCórdoba\nNO\n','Creada',0),(64,0,0,'200.00','1128.00','2008-07-23 13:20:45',24,'Rafael Elizalde',17,'Sin Obra Social\nNO\nNO\n','Aprobada',0),(65,0,0,'200.00','3100.00','2008-07-23 13:21:20',1,'Ignacio Levandowsky',1,'OSPIA\nVenezuela 2386\n4383-9026\n','Aprobada',0),(66,0,0,'200.00','2661.00','2008-07-23 13:22:07',10,'Ariadna Coronel',12,'Obra Social Personal de Farmacia\nConstitución 2066\n4941-1342\n','Aprobada',0),(67,0,0,'200.00','345.00','2008-07-23 13:24:17',25,'Michael Hernandez',25,'IOSE\nNO\nNO\n','Aprobada',0),(68,0,0,'200.00','24813.00','2008-07-23 13:29:19',21,'Sin Identificar',26,'Instituto del niño (Ecuador)\nEcuador\nNO\n','Creada',0),(69,0,0,'200.00','24813.00','2008-07-23 13:36:08',4,'Lucas Contreras',4,'OSECAC\nMoreno 648 (Capital Federal)\n4332-4217\n','Aprobada',0),(70,0,0,'200.00','750.00','2008-07-24 14:10:51',26,'Joaquin Marchi',27,'OSPE\nRodriguez Peña 538\n4373-5740/4371/8957\n','Creada',0),(71,0,0,'200.00','1128.00','2008-07-25 10:40:39',27,'Helio Segouras',17,'Sin Obra Social\nNO\nNO\n','Anulada',0),(72,0,0,'200.00','1128.00','2008-07-30 12:22:02',27,'Helio Segouras',28,'Helio Segouras\nBrazil\nNO\n','Aprobada',0),(73,0,0,'200.00','2056.00','2008-07-31 16:10:03',24,'Mateo Elizalde',29,'Rafael Elizalde\nNO\nNO\n','Rechazada',0),(74,0,0,'200.00','664.00','2008-08-01 11:25:59',24,'Mateo Elizalde',29,'Rafael Elizalde\nNO\nNO\n','Creada',0),(75,0,0,'200.00','74040.80','2008-08-01 13:03:29',21,'Sin Identificar',30,'Swan Medicare\nDenmark\n+45 33 88 10 00\n','Creada',0),(76,0,0,'200.00','3100.00','2008-08-04 12:26:45',5,'Maximo Tortolini',5,'Obra Social Jefes de Oficiales Navales\n24 de Noviembre 645\n4932-8079\n','Aprobada',0),(77,0,0,'200.00','12506.80','2008-08-05 14:53:25',14,'Gianella Maldonado',16,'Corbiet SA\nCórdoba\nNO\n','Rechazada',0),(78,0,0,'200.00','30967.00','2008-08-05 14:56:25',4,'Lucas Contreras',4,'OSECAC\nMoreno 648 (Capital Federal)\n4332-4217\n','Creada',0),(79,0,4,'200.00','12014.52','2008-08-08 11:53:11',14,'Gianella Maldonado',16,'Corbiet SA\nCórdoba\nNO\n','Aprobada',0),(80,0,0,'200.00','33428.36','2008-08-11 13:11:33',16,'Alfonso Sana',31,'Cassia Sana\nBrasil\nNO\n','Rechazada',0),(81,0,7,'200.00','34245.26','2008-08-13 17:02:26',16,'Alfonso Sana',31,'Cassia Sana\nBrasil\nNO\n','Aprobada',0),(82,0,0,'200.00','6353.40','2008-08-19 14:11:42',10,'Ariadna Coronel',12,'Obra Social Personal de Farmacia\nConstitución 2066\n4941-1342\n','Aprobada',0),(83,0,0,'200.00','927.00','2008-08-19 14:14:50',25,'Michael Hernandez',17,'Sin Obra Social\nNO\nNO\n','Creada',0),(84,0,0,'200.00','77732.84','2008-08-19 14:17:06',18,'Santino Ocampo',19,'Biofar\nLopez y Planes 551 (Resistencia, Chaco)\n(03722) 441212/442772\n','Creada',0),(85,0,0,'200.00','6000.00','2008-08-21 11:27:48',1,'Ignacio Levandowsky',1,'OSPIA\nVenezuela 2386\n4383-9026\n','Aprobada',0),(86,0,0,'200.00','1128.00','2008-08-22 11:05:20',8,'Candela Altamira',9,'DASPU OBRA SOCIAL\nNO\nNO\n','Aprobada',0),(87,0,0,'200.00','14968.16','2008-08-22 11:07:21',3,'JC Rotta',11,'Droguerí­a San Miguel\nSan Martin 2102 (Posadas)\n03752-431652\n','Aprobada',0),(88,0,50,'200.00','1180.92','2008-08-22 16:56:00',8,'Candela Altamira',19,'Biofar\nLopez y Planes 551 (Resistencia, Chaco)\n(03722) 441212/442772\n','Rechazada',0),(89,0,25,'200.00','7556.93','2008-08-25 18:16:14',11,'Marlene Guercio',13,'I.N.S.S.J.P\nPerú 169 5ºA\n4344-8701\n','Aprobada',0),(90,0,0,'200.00','664.00','2008-08-27 12:40:39',24,'Mateo Elizalde',29,'Rafael Elizalde\nNO\nNO\n','Aprobada',0),(91,0,0,'200.00','44504.48','2008-08-28 11:17:29',22,'Rosario Zelaya',23,'Instituto de Previsión y Seguridad Social\nTucumán\nNO\n','Aprobada',0),(92,0,0,'0.00','928.00','2008-08-28 12:31:17',28,'Catarina Magnano',33,'Ramiro Cabrero\nBrasil\nNO\n','Aprobada',0),(93,0,0,'200.00','345.40','2008-09-03 14:51:17',19,'Arantxa Sola',15,'CEMECO\nCórdoba\nNO\n','Aprobada',0),(94,0,10,'200.00','66102.91','2008-09-09 15:51:52',29,'Matheus Giovanella',20,'Secretaria de Saude de Santa Catarina\nBrasil\nNO\n','Aprobada',0),(95,0,0,'200.00','30967.00','2008-09-11 09:59:22',4,'Lucas Contreras',4,'OSECAC\nMoreno 648 (Capital Federal)\n4332-4217\n','Aprobada',0),(96,0,0,'200.00','6000.00','2008-09-12 15:12:26',1,'Ignacio Levandowsky',1,'OSPIA\nVenezuela 2386\n4383-9026\n','Aprobada',0),(97,0,0,'200.00','108499.84','2008-09-15 11:41:47',21,'Sin Identificar',10,'Fundo Estadual de Saude do Parana\nRua Piquiri, 170, Reboucas. Curitiba, Parana,\nNO\n','Aprobada',0),(98,0,0,'200.00','927.00','2008-09-16 15:10:28',6,'Melina Mainardi',22,'Smata\nCórdoba\nNO\n','Creada',0),(99,0,0,'200.00','345.40','2008-09-17 11:05:16',25,'Michael Hernandez',25,'IOSE\nNO\nNO\n','Creada',0),(100,0,0,'200.00','6000.00','2008-09-17 11:59:56',5,'Maximo Tortolini',5,'Obra Social Jefes de Oficiales Navales\n24 de Noviembre 645\n4932-8079\n','Aprobada',0),(101,0,0,'200.00','664.00','2008-09-22 10:38:26',24,'Mateo Elizalde',29,'Rafael Elizalde\nNO\nNO\n','Aprobada',0),(102,0,0,'200.00','3100.00','2008-09-23 14:41:44',5,'Maximo Tortolini',5,'Obra Social Jefes de Oficiales Navales\n24 de Noviembre 645\n4932-8079\n','Aprobada',0),(103,0,0,'200.00','12506.80','2008-09-25 11:11:29',14,'Gianella Maldonado',16,'Corbiet SA\nCórdoba\nNO\n','Creada',0),(104,0,0,'200.00','6353.40','2008-09-25 15:20:50',30,'Rosaura Lascano',34,'Protección Social de Ecuador\nEcuador\nNO\n','Creada',0),(105,0,0,'200.00','61734.00','2008-09-26 12:57:59',18,'Santino Ocampo',24,'Drogueria Mar\nChaco\n03783-478400\n','Aprobada',0),(106,0,0,'200.00','6000.00','2008-10-03 11:44:37',1,'Ignacio Levandowsky',1,'OSPIA\nVenezuela 2386\n4383-9026\n','Aprobada',0),(107,0,0,'200.00','14968.16','2008-10-03 14:55:13',3,'JC Rotta',11,'Droguerí­a San Miguel\nSan Martin 2102 (Posadas)\n03752-431652\n','Aprobada',0),(108,0,0,'200.00','24813.60','2008-10-03 15:25:04',4,'Lucas Contreras',4,'OSECAC\nMoreno 648 (Capital Federal)\n4332-4217\n','Aprobada',0),(109,0,0,'200.00','927.00','2008-10-03 15:41:24',25,'Michael Hernandez',17,'Sin Obra Social\nNO\nNO\n','Aprobada',0),(110,0,0,'200.00','6353.40','2008-10-03 15:45:32',10,'Ariadna Coronel',12,'Obra Social Personal de Farmacia\nConstitución 2066\n4941-1342\n','Aprobada',0),(111,0,0,'200.00','14968.16','2008-10-09 10:34:03',3,'JC Rotta',11,'Droguerí­a San Miguel\nSan Martin 2102 (Posadas)\n03752-431652\n','Creada',0),(112,0,0,'200.00','28357.82','2008-10-09 12:45:47',16,'Alfonso Sana',31,'Cassia Sana\nBrasil\nNO\n','Creada',0),(113,0,0,'200.00','664.00','2008-10-09 15:07:17',24,'Mateo Elizalde',29,'Rafael Elizalde\nNO\nNO\n','Creada',0),(114,0,0,'200.00','1173.56','2008-10-10 16:20:47',31,'Lautaro Contreras',35,'Compañia de Servicios Farmacéuticos\nNO\nNO\nNO','Aprobada',0),(115,0,0,'200.00','2796.16','2008-10-10 16:45:41',21,'Sin Identificar',19,'Biofar\nLopez y Planes 551 (Resistencia, Chaco)\n(03722) 441212/442772\n','Aprobada',0),(116,0,0,'200.00','6000.00','2008-10-15 13:18:36',1,'Ignacio Levandowsky',1,'OSPIA\nVenezuela 2386\n4383-9026\n','Creada',0),(117,0,0,'200.00','3120.68','2008-10-20 13:00:28',17,'Christian Guanco',18,'Drogueria Pharmers SRL\nNO\nNO\n','Creada',0),(118,0,0,'200.00','1128.00','2008-10-21 11:46:31',32,'Micaela Rodriguez',36,'Hospital Italiano\nGascón 450\n4959-0200\nGabriela.Fraschetti@hospitalitaliano.org.ar','Creada',0),(119,0,0,'200.00','3100.00','2008-10-24 09:12:28',5,'Maximo Tortolini',5,'Obra Social Jefes de Oficiales Navales\n24 de Noviembre 645\n4932-8079\n','Creada',0),(120,0,25,'200.00','7556.93','2008-10-24 11:51:51',11,'Marlene Guercio',13,'I.N.S.S.J.P\nPerú 169 5ºA\n4344-8701\n','Rechazada',0),(121,0,25,'200.00','9028.32','2008-10-24 12:03:00',11,'Marlene Guercio',13,'I.N.S.S.J.P\nPerú 169 5ºA\n4344-8701\n','Creada',0),(122,0,0,'200.00','11336.00','2008-10-24 14:26:41',32,'Micaela Rodriguez',36,'Hospital Italiano\nGascón 450\n4959-0200\nGabriela.Fraschetti@hospitalitaliano.org.ar','Creada',0),(123,0,0,'200.00','6000.00','2008-10-28 14:18:05',1,'Ignacio Levandowsky',1,'OSPIA\nVenezuela 2386\n4383-9026\n','Creada',0),(124,0,0,'200.00','2820.00','2008-10-28 14:41:09',21,'Sin Identificar',21,'Libra\nARROYO GRANDE 2832.CP 11800. Montevideo. Urug\n00598 2200 5521\n','Creada',0),(125,0,0,'200.00','2056.00','2008-10-30 11:41:22',33,'Victoria Peralta',37,'Peralta\nDiagonal Tucumán 1193.Martnez\n4798-5152/154404-9480\n','Creada',0),(126,0,0,'200.00','345.40','2008-11-03 09:19:46',19,'Arantxa Sola',15,'CEMECO\nCórdoba\nNO\n','Creada',0),(127,0,0,'200.00','3100.00','2008-11-04 11:46:07',1,'Ignacio Levandowsky',1,'OSPIA\nVenezuela 2386\n4383-9026\n','Creada',0),(128,0,0,'200.00','11718.69','2008-11-04 15:27:42',34,'Micaela Cabrera',14,'Hospital Garrahan\nCombate de los Pozos 1881\n4308-4300\n','Creada',0),(129,0,0,'200.00','51392.40','2008-11-04 15:48:34',4,'Lucas Contreras',4,'OSECAC\nMoreno 648 (Capital Federal)\n4332-4217\n','Creada',0),(130,0,0,'200.00','1128.00','2008-11-05 11:23:13',35,'Luisina Zabala',38,'OSPECOR\nNO\nNO\nNO','Creada',0),(131,0,32,'200.00','26076.50','2008-11-05 11:55:26',16,'Alfonso Sana',31,'Cassia Sana\nBrasil\nNO\n','Creada',0),(132,0,0,'200.00','664.00','2008-11-07 11:07:27',24,'Mateo Elizalde',29,'Rafael Elizalde\nNO\nNO\n','Creada',0),(133,0,0,'200.00','2147.12','2008-11-07 11:54:35',36,'Nicolas Molinas',19,'Biofar\nLopez y Planes 551 (Resistencia, Chaco)\n(03722) 441212/442772\n','Creada',0),(134,0,0,'200.00','15557.92','2008-11-10 08:45:40',3,'JC Rotta',11,'Droguerí­a San Miguel\nSan Martin 2102 (Posadas)\n03752-431652\n','Rechazada',0),(135,0,0,'200.00','51392.40','2008-11-10 08:49:28',4,'Lucas Contreras',4,'OSECAC\nMoreno 648 (Capital Federal)\n4332-4217\n','Creada',0),(136,0,0,'200.00','5319.64','2008-11-13 16:08:35',23,'Gabriel Marinho',17,'Sin Obra Social\nNO\nNO\n','Creada',0),(137,0,0,'200.00','5319.64','2008-11-13 16:14:23',23,'Gabriel Marinho',40,'Gina Marinho\nBrasil\nNO\nNO','Creada',0),(138,0,0,'200.00','2056.00','2008-11-14 11:02:57',37,'estefania gimenez',39,'Instituto Dorrego\n3 de febrero 748.Rosario\n(0341)4202411\nfarmacia@institutodorrego.com.ar','Rechazada',0),(139,0,0,'200.00','2056.00','2008-11-18 12:23:43',27,'Helio Segouras',28,'Helio Segouras\nBrazil\nNO\n','Creada',0),(140,0,25,'200.00','9028.32','2008-11-18 14:30:23',11,'Marlene Guercio',13,'I.N.S.S.J.P\nPerú 169 5ºA\n4344-8701\n','Creada',0),(141,0,0,'200.00','15557.92','2008-11-19 11:39:12',3,'JC Rotta',41,'Alfonso Ramón Darí­o\nChaco\nno\nno','Creada',0),(142,0,0,'200.00','12998.10','2008-11-20 15:33:11',14,'Gianella Maldonado',36,'Hospital Italiano\nGascón 450\n4959-0200\nGabriela.Fraschetti@hospitalitaliano.org.ar','Rechazada',0),(143,0,0,'200.00','21957.87','2008-11-21 15:19:58',21,'Sin Identificar',42,'Consulado Paraguay\nno\nno\niralabernal@hotmail.com','Creada',0),(144,0,0,'200.00','2234.80','2008-11-24 10:25:09',21,'Sin Identificar',25,'IOSE\nNO\nNO\n','Creada',0),(145,0,0,'200.00','19398.05','2008-11-24 10:31:47',21,'Sin Identificar',43,'SES\nBrasil\n(51) 3288-5982\nceres@saude.rs.gov.br','Creada',0),(146,0,0,'200.00','664.00','2008-11-25 12:22:03',37,'Estefania Gimenez',39,'Instituto Dorrego\n3 de febrero 748.Rosario\n(0341)4202411\nfarmacia@institutodorrego.com.ar','Creada',0),(147,0,0,'200.00','12998.10','2008-11-26 10:54:24',14,'Gianella Maldonado',16,'Corbiet SA\nCórdoba\nNO\n','Creada',0),(148,0,0,'200.00','2056.00','2008-12-02 10:56:16',8,'Candela Altamira',41,'Alfonso Ramón Darí­o\nChaco\nno\nno','Rechazada',0),(149,0,0,'200.00','2056.00','2008-12-02 10:57:20',28,'Catarina Magnano',32,'Isabel Magnano\nBrasil\nNO\n','Creada',0),(150,0,0,'0.00','928.00','2008-12-02 12:23:14',33,'Victoria Peralta',37,'Peralta\nDiagonal Tucumán 1193.Martnez\n4798-5152/154404-9480\n','Creada',0),(151,0,0,'200.00','664.00','2008-12-03 09:43:51',24,'Mateo Elizalde',29,'Rafael Elizalde\nNO\nNO\n','Creada',0),(152,0,0,'200.00','12998.10','2008-12-03 14:45:34',30,'Rosaura Lascano',34,'Protección Social de Ecuador\nEcuador\nNO\n','Creada',0),(153,0,0,'200.00','1128.00','2008-12-10 11:51:34',8,'Candela Altamira',9,'DASPU OBRA SOCIAL\nNO\nNO\n','Creada',0),(154,0,0,'200.00','3100.00','2008-12-10 12:04:22',5,'Maximo Tortolini',5,'Obra Social Jefes de Oficiales Navales\n24 de Noviembre 645\n4932-8079\n','Creada',0),(155,0,0,'200.00','2056.00','2008-12-16 08:50:08',35,'Luisina Zabala',38,'OSPECOR\nNO\nNO\nNO','Creada',0),(156,0,0,'200.00','7879.46','2008-12-17 11:50:39',23,'Gabriel Marinho',40,'Gina Marinho\nBrasil\nNO\nNO','Anulada',0),(157,0,0,'200.00','7879.46','2008-12-17 11:52:20',23,'Gabriel Marinho',40,'Gina Marinho\nBrasil\nNO\nNO','Rechazada',0),(158,0,0,'200.00','7879.46','2008-12-17 11:52:20',23,'Gabriel Marinho',40,'Gina Marinho\nBrasil\nNO\nNO','Rechazada',0),(159,0,0,'200.00','7879.46','2008-12-17 11:52:20',23,'Gabriel Marinho',40,'Gina Marinho\nBrasil\nNO\nNO','Rechazada',0),(160,0,0,'0.00','7679.46','2008-12-17 11:53:21',23,'Gabriel Marinho',40,'Gina Marinho\nBrasil\nNO\nNO','Creada',0),(161,0,0,'200.00','2056.00','2008-12-17 11:58:30',33,'Victoria Peralta',37,'Peralta\nDiagonal Tucumán 1193.Martnez\n4798-5152/154404-9480\n','Creada',0),(162,0,25,'200.00','9028.32','2008-12-17 14:13:36',11,'Marlene Guercio',13,'I.N.S.S.J.P\nPerú 169 5ºA\n4344-8701\n','Creada',0),(163,0,0,'200.00','15557.92','2008-12-18 10:49:16',3,'JC Rotta',11,'Droguerí­a San Miguel\nSan Martin 2102 (Posadas)\n03752-431652\n','Rechazada',0),(164,0,0,'200.00','6000.00','2008-12-18 15:08:23',1,'Ignacio Levandowsky',1,'OSPIA\nVenezuela 2386\n4383-9026\n','Aprobada',0),(165,0,0,'200.00','15557.92','2008-12-19 09:42:29',3,'JC Rotta',41,'Alfonso Ramón Darí­o\nChaco\nno\nno','Creada',0),(166,0,0,'200.00','345.40','2008-12-19 10:19:31',25,'Michael Hernandez',25,'IOSE\nNO\nNO\n','Creada',0),(167,0,0,'200.00','664.00','2008-12-22 14:50:24',37,'Estefania Gimenez',39,'Instituto Dorrego\n3 de febrero 748.Rosario\n(0341)4202411\nfarmacia@institutodorrego.com.ar','Creada',0),(168,0,0,'200.00','19397.15','2008-12-23 12:08:14',34,'Micaela Cabrera',44,'Ministerio de Desarrollo Social\nno\n4121-4604/4121-4611\nno','Creada',0),(169,0,0,'200.00','12998.10','2008-12-29 13:24:54',14,'Gianella Maldonado',16,'Corbiet SA\nCórdoba\nNO\n','Rechazada',0),(170,0,11,'200.00','11578.79','2008-12-29 13:28:01',14,'Gianella Maldonado',16,'Corbiet SA\nCórdoba\nNO\n','Creada',0),(171,0,0,'200.00','927.00','2009-01-05 11:51:53',6,'Melina Mainardi',22,'Smata\nCórdoba\nNO\n','Creada',0),(172,0,0,'200.00','664.00','2009-01-05 11:55:05',24,'Mateo Elizalde',29,'Rafael Elizalde\nNO\nNO\n','Creada',0),(173,0,0,'200.00','3100.00','2009-01-12 08:38:14',1,'Ignacio Levandowsky',1,'OSPIA\nVenezuela 2386\n4383-9026\n','Aprobada',0),(174,0,0,'200.00','32195.25','2009-01-12 08:41:16',4,'Lucas Contreras',4,'OSECAC\nMoreno 648 (Capital Federal)\n4332-4217\n','Creada',0),(175,0,0,'200.00','1128.00','2009-01-14 09:43:03',35,'Luisina Zabala',38,'OSPECOR\nNO\nNO\ngralbard@yahoo.com.ar','Creada',0),(176,0,0,'200.00','831.12','2009-01-15 16:00:56',39,'Paula Laporta',45,'Galeno \nno\nno\nno','Aprobada',0),(177,0,0,'200.00','345.40','2009-01-21 09:23:55',19,'Arantxa Sola',15,'CEMECO\nCórdoba\nNO\n','Creada',0),(178,0,0,'200.00','48835.38','2009-01-22 09:55:46',22,'Rosario Zelaya',23,'Instituto de Previsión y Seguridad Social\nTucumán\nNO\n','Creada',0),(179,0,0,'200.00','3100.00','2009-01-23 11:50:21',5,'Maximo Tortolini',5,'Obra Social Jefes de Oficiales Navales\n24 de Noviembre 645\n4932-8079\n','Creada',0),(180,0,0,'200.00','1360.00','2009-02-02 14:19:52',37,'Estefania Gimenez',39,'Instituto Dorrego\n3 de febrero 748.Rosario\n(0341)4202411\nfarmacia@institutodorrego.com.ar','Creada',0),(181,0,0,'200.00','664.00','2009-02-02 14:27:23',24,'Mateo Elizalde',29,'Rafael Elizalde\nNO\nNO\n','Creada',0),(182,0,0,'200.00','2056.00','2009-02-02 14:30:43',33,'Victoria Peralta',37,'Peralta\nDiagonal Tucumán 1193.Martnez\n4798-5152/154404-9480\n','Creada',0),(183,0,0,'200.00','6000.00','2009-02-02 15:07:43',1,'Ignacio Levandowsky',1,'OSPIA\nVenezuela 2386\n4383-9026\n','Rechazada',0),(184,0,0,'200.00','3100.00','2009-02-02 15:15:27',1,'Ignacio Levandowsky',1,'OSPIA\nVenezuela 2386\n4383-9026\n','Creada',0),(185,0,11,'200.00','11590.30','2009-02-03 09:15:45',14,'Gianella Maldonado',16,'Corbiet SA\nCórdoba\nNO\n','Creada',0),(186,0,0,'200.00','15557.92','2009-02-03 10:29:58',3,'JC Rotta',41,'Alfonso Ramón Darí­o\nChaco\nno\nno','Creada',0),(187,0,0,'200.00','38597.00','2009-02-11 10:52:18',16,'Alfonso Sana',31,'Cassia Sana\nBrasil\nNO\n','Rechazada',0),(188,0,0,'200.00','41156.82','2009-02-11 14:07:20',16,'Alfonso Sana',31,'Cassia Sana\nBrasil\nNO\n','Anulada',0),(189,0,0,'200.00','6000.00','2009-02-11 14:08:55',5,'Maximo Tortolini',5,'Obra Social Jefes de Oficiales Navales\n24 de Noviembre 645\n4932-8079\n','Creada',0),(190,0,0,'200.00','7879.46','2009-02-16 14:47:49',23,'Gabriel Marinho',40,'Gina Marinho\nBrasil\nNO\nNO','Rechazada',0),(191,0,0,'0.00','7679.46','2009-02-16 14:49:30',23,'Gabriel Marinho',40,'Gina Marinho\nBrasil\nNO\nNO','Creada',0),(192,0,0,'200.00','403.00','2009-02-16 15:38:38',40,'Genaro Bognanni',46,'Juan Ignacio Bognanni\nAngel Brunel 565\n(0291)154146985\nno','Creada',0),(193,0,0,'0.00','232.00','2009-02-20 10:30:13',24,'Mateo Elizalde',29,'Rafael Elizalde\nNO\nNO\n','Creada',0),(194,0,0,'200.00','6599.05','2009-02-26 15:21:01',30,'Rosaura Lascano',34,'Protección Social de Ecuador\nEcuador\nNO\n','Creada',0),(195,0,0,'200.00','563.50','2009-03-02 11:48:06',19,'Arantxa Sola',15,'CEMECO\nCórdoba\nNO\n','Rechazada',0),(196,0,0,'200.00','5392.32','2009-03-02 12:10:21',36,'Nicolas Molinas',19,'Biofar\nLopez y Planes 551 (Resistencia, Chaco)\n(03722) 441212/442772\n','Rechazada',0),(197,0,0,'200.00','6920.00','2009-03-02 15:29:15',36,'Nicolas Molinas',19,'Biofar\nLopez y Planes 551 (Resistencia, Chaco)\n(03722) 441212/442772\n','Creada',0),(198,0,0,'200.00','38597.00','2009-03-03 15:24:33',16,'Alfonso Sana',31,'Cassia Sana\nBrasil\nNO\n','Creada',0),(199,0,0,'200.00','6000.00','2009-03-04 14:58:04',1,'Ignacio Levandowsky',1,'OSPIA\nVenezuela 2386\n4383-9026\n','Creada',0),(200,0,0,'200.00','2056.00','2009-03-05 09:13:57',28,'Catarina Magnano',32,'Isabel Magnano\nBrasil\nNO\n','Creada',0),(201,0,0,'200.00','2056.00','2009-03-05 09:15:30',35,'Luisina Zabala',38,'OSPECOR\nNO\nNO\ngralbard@yahoo.com.ar','Creada',0),(202,0,0,'200.00','15557.92','2009-03-06 09:17:12',3,'JC Rotta',41,'Alfonso Ramón Darí­o\nChaco\nno\nno','Creada',0),(203,0,0,'200.00','490.80','2009-03-09 09:45:11',19,'Arantxa Sola',15,'CEMECO\nCórdoba\nNO\n','Creada',0),(204,0,0,'200.00','432.00','2009-03-12 09:43:06',24,'Mateo Elizalde',29,'Rafael Elizalde\nNO\nNO\n','Creada',0),(205,0,0,'200.00','9158.87','2009-03-12 15:27:00',34,'Micaela Cabrera',44,'Ministerio de Desarrollo Social\nno\n4121-4604/4121-4611\nno','Creada',0),(206,0,0,'200.00','80832.53','2009-03-16 09:24:41',18,'Santino Ocampo',19,'Biofar\nLopez y Planes 551 (Resistencia, Chaco)\n(03722) 441212/442772\n','Creada',0),(207,0,0,'200.00','2759.82','2009-03-16 15:57:52',41,'Carlos Catabiano',47,'Secretaria de Salud de Cordoba\nno\nno\nkarina.gatica@cba.gov.ar','Creada',0),(208,0,0,'200.00','3100.00','2009-03-17 14:47:15',1,'Ignacio Levandowsky',1,'OSPIA\nVenezuela 2386\n4383-9026\n','Creada',0),(209,0,0,'200.00','2820.00','2009-03-18 11:56:06',42,'Marcela Giordano',48,'Luis Giordano\nUrquiza\n02272 420354\ngiordano@abacc.org.br','Creada',0),(210,0,0,'200.00','19397.15','2009-03-18 16:06:04',4,'Lucas Contreras',1,'OSPIA\nVenezuela 2386\n4383-9026\n','Rechazada',0),(211,0,0,'200.00','620.00','2009-03-18 16:52:50',43,'Jenifer Gonzalez',47,'Secretaria de Salud de Cordoba\nno\nno\nkarina.gatica@cba.gov.ar','Creada',0),(212,0,0,'200.00','620.00','2009-03-19 11:49:30',43,'Jenifer Gonzalez',49,'Drogueria San Jorge\nCordoba\n0351 4884367\ndrogueriasanjorge@hotmail.com','Creada',0),(213,0,0,'200.00','19397.15','2009-03-20 10:31:01',4,'Lucas Contreras',4,'OSECAC\nMoreno 648 (Capital Federal)\n4332-4217\n','Creada',0),(214,0,0,'200.00','2056.00','2009-03-20 11:45:26',33,'Victoria Peralta',37,'Peralta\nDiagonal Tucumán 1193.Martnez\n4798-5152/154404-9480\n','Creada',0),(215,0,25,'200.00','9028.32','2009-03-20 11:54:47',11,'Marlene Guercio',13,'I.N.S.S.J.P\nPerú 169 5ºA\n4344-8701\n','Creada',0),(216,0,0,'200.00','12998.10','2009-03-23 11:45:08',14,'Gianella Maldonado',16,'Corbiet SA\nCórdoba\nNO\n','Rechazada',0),(217,0,11,'200.00','12160.67','2009-03-23 12:28:23',14,'Gianella Maldonado',16,'Corbiet SA\nCórdoba\nNO\n','Creada',0),(218,0,0,'200.00','3100.00','2009-03-25 11:14:35',5,'Maximo Tortolini',5,'Obra Social Jefes de Oficiales Navales\n24 de Noviembre 645\n4932-8079\n','Creada',0),(219,0,0,'200.00','2026.76','2009-03-25 14:17:59',44,'Fernando Duran',50,'Luz Marí­a Durán\nMéxico\nno\nluzmaduran@gmail.com','Creada',0),(220,0,0,'200.00','664.00','2009-03-30 10:10:56',24,'Mateo Elizalde',29,'Rafael Elizalde\nNO\nNO\n','Creada',0),(221,0,11,'200.00','12160.67','2009-03-31 11:07:03',14,'Gianella Maldonado',51,'Sociedad de beneficiencia Hospital Italiano\nRoma 550\n0351 4119436\nno','Creada',0),(222,0,0,'200.00','28421.88','2009-04-01 10:44:49',18,'Santino Ocampo',19,'Biofar\nLopez y Planes 551 (Resistencia, Chaco)\n(03722) 441212/442772\n','Creada',0),(223,0,0,'200.00','20358.44','2009-04-03 10:27:31',4,'Lucas Contreras',4,'OSECAC\nMoreno 648 (Capital Federal)\n4332-4217\n','Creada',0),(224,0,0,'200.00','6000.00','2009-04-06 10:28:09',1,'Ignacio Levandowsky',1,'OSPIA\nVenezuela 2386\n4383-9026\n','Creada',0),(225,0,0,'0.00','11600.00','2009-04-07 10:36:13',21,'Sin Identificar',52,'UNOHEALTHCARE\n8357 NW 54TH STREET. MIAMI\n3054770263 \nrenata@unohealthcare.com','Creada',0),(226,0,0,'200.00','1128.00','2009-04-07 11:58:51',8,'Candela Altamira',9,'DASPU OBRA SOCIAL\nNO\nNO\n','Creada',0),(227,0,0,'200.00','129214.40','2009-04-07 17:57:09',21,'Sin Identificar',10,'Fundo Estadual de Saude do Parana\nRua Piquiri, 170, Reboucas. Curitiba, Parana,\nNO\n','Creada',0),(228,0,0,'200.00','5768.00','2009-04-13 10:30:19',35,'Luisina Zabala',38,'OSPECOR\nNO\nNO\ngralbard@yahoo.com.ar','Creada',0),(229,0,0,'200.00','432.00','2009-04-13 11:04:47',45,'Nadia Bonocore',53,'Gerardo Bonocore\nAv Debenedetti 2100.Avellaneda\n4205-4078\nno','Creada',0),(230,0,0,'200.00','403.00','2009-04-14 09:28:12',1,'Ignacio Levandowsky',1,'OSPIA\nVenezuela 2386\n4383-9026\n','Rechazada',0),(231,0,0,'200.00','611.14','2009-04-14 09:30:26',1,'Ignacio Levandowsky',1,'OSPIA\nVenezuela 2386\n4383-9026\n','Creada',0),(232,0,0,'200.00','620.00','2009-04-15 13:30:04',43,'Jenifer Gonzalez',47,'Secretaria de Salud de Cordoba\nno\nno\nkarina.gatica@cba.gov.ar','Rechazada',0),(233,0,0,'200.00','9607.28','2009-04-17 09:13:28',30,'Rosaura Lascano',54,'Sociedad de Beneficiencia Hospital Italiano d\nPringles 431 4to piso\n4959-0336\n','Rechazada',0),(234,0,0,'200.00','16326.76','2009-04-17 11:30:08',30,'Rosaura Lascano',54,'Sociedad de Beneficiencia Hospital Italiano d\nPringles 431 4to piso\n4959-0336\n','Creada',0),(235,0,0,'200.00','490.80','2009-04-17 11:42:44',19,'Arantxa Sola',15,'CEMECO\nCórdoba\nNO\n','Creada',0),(236,0,0,'200.00','403.00','2009-04-17 12:28:28',1,'Ignacio Levandowsky',1,'OSPIA\nVenezuela 2386\n4383-9026\n','Creada',0),(237,0,0,'200.00','3404.00','2009-04-20 13:37:16',47,'Jenifer Rodriguez',4,'OSECAC\nMoreno 648 (Capital Federal)\n4332-4217\n','Creada',0),(238,0,0,'200.00','432.00','2009-04-20 14:31:07',45,'Nadia Bonocore',53,'Gerardo Bonocore\nAv Debenedetti 2100.Avellaneda\n4205-4078\nno','Creada',0),(239,0,0,'200.00','2887.80','2009-04-21 09:55:11',12,'NO NO',14,'Hospital Garrahan\nCombate de los Pozos 1881\n4308-4300\n','Creada',0),(240,0,0,'200.00','2300.00','2009-04-21 10:34:38',43,'Jenifer Gonzalez',47,'Secretaria de Salud de Cordoba\nno\nno\nkarina.gatica@cba.gov.ar','Creada',0),(241,0,0,'200.00','664.00','2009-04-23 09:53:00',24,'Mateo Elizalde',29,'Rafael Elizalde\nNO\nNO\n','Creada',0),(242,0,0,'200.00','1128.00','2009-04-23 10:10:42',28,'Catarina Magnano',32,'Isabel Magnano\nBrasil\nNO\n','Creada',0),(243,0,0,'200.00','16326.76','2009-04-23 12:28:16',3,'JC Rotta',11,'Droguerí­a San Miguel\nSan Martin 2102 (Posadas)\n03752-431652\n','Rechazada',0),(244,0,0,'200.00','16326.76','2009-04-23 16:24:17',3,'JC Rotta',41,'Alfonso Ramón Darí­o\nChaco\nno\nno','Creada',0),(245,0,0,'200.00','2056.00','2009-04-24 12:14:48',33,'Victoria Peralta',15,'CEMECO\nCórdoba\nNO\n','Rechazada',0),(246,0,0,'200.00','2056.00','2009-04-24 12:16:06',33,'Victoria Peralta',37,'Peralta\nDiagonal Tucumán 1193.Martnez\n4798-5152/154404-9480\n','Creada',0),(247,0,0,'200.00','490.80','2009-04-24 12:16:44',19,'Arantxa Sola',15,'CEMECO\nCórdoba\nNO\n','Creada',0),(248,0,0,'200.00','3100.00','2009-04-28 14:33:02',5,'Maximo Tortolini',5,'Obra Social Jefes de Oficiales Navales\n24 de Noviembre 645\n4932-8079\n','Creada',0),(249,0,0,'200.00','2887.80','2009-04-28 15:20:19',49,'Bautista Paz',57,'Oseam\nno\n4451-2944\nno','Creada',0),(250,0,0,'200.00','5540.00','2009-04-30 15:22:19',50,'Cecilia Consoni',58,'Estela Boldorini\nno\n00598 99689633\nno','Anulada',0),(251,0,0,'200.00','432.00','2009-05-06 15:19:14',45,'Nadia Bonocore',53,'Gerardo Bonocore\nAv Debenedetti 2100.Avellaneda\n4205-4078\nno','Creada',0),(252,0,0,'200.00','1128.00','2009-05-06 15:25:15',8,'Candela Altamira',9,'DASPU OBRA SOCIAL\nNO\nNO\n','Creada',0),(253,0,0,'200.00','23046.28','2009-05-06 16:00:42',21,'Sin Identificar',17,'Sin Obra Social\nNO\nNO\n','Creada',0),(254,0,0,'200.00','6000.00','2009-05-06 16:12:46',1,'Ignacio Levandowsky',1,'OSPIA\nVenezuela 2386\n4383-9026\n','Creada',0),(255,0,0,'200.00','432.00','2009-05-06 16:18:21',24,'Mateo Elizalde',29,'Rafael Elizalde\nNO\nNO\n','Creada',0),(256,0,0,'200.00','8900.00','2009-05-07 13:17:52',51,'Antonia Stodola',59,'Iosper\nEntre Rí­os\nno\nm.fernandez@iosper.gov.ar','Creada',0),(257,0,0,'200.00','20358.44','2009-05-08 09:52:09',4,'Lucas Contreras',4,'OSECAC\nMoreno 648 (Capital Federal)\n4332-4217\n','Anulada',0),(258,0,0,'200.00','27077.92','2009-05-08 10:18:26',4,'Lucas Contreras',4,'OSECAC\nMoreno 648 (Capital Federal)\n4332-4217\n','Creada',0),(259,0,0,'200.00','647.20','2009-05-08 12:06:21',50,'Cecilia Consoni',58,'Estela Boldorini\nno\n00598 99689633\nno','Creada',0),(260,0,0,'0.00','232.00','2009-05-08 15:39:46',21,'Sin Identificar',60,'Gloria Duran\nCHILE\nNO\ndurang15@yahoo.com','Creada',0),(261,0,0,'200.00','2887.80','2009-05-11 11:03:16',49,'Bautista Paz',61,'Hospital de Niños Ricardo Gutierrez\nGallo 1300\n4308-4300\nno','Creada',0),(262,0,0,'200.00','272.70','2009-05-12 12:07:29',19,'Arantxa Sola',15,'CEMECO\nCórdoba\nNO\n','Creada',0),(263,0,0,'200.00','927.00','2009-05-13 15:09:47',6,'Melina Mainardi',22,'Smata\nCórdoba\nNO\n','Creada',0),(264,0,0,'200.00','2056.00','2009-05-18 11:54:24',33,'Victoria Peralta',37,'Peralta\nDiagonal Tucumán 1193.Martnez\n4798-5152/154404-9480\n','Creada',0),(265,0,0,'200.00','432.00','2009-05-18 13:36:25',45,'Nadia Bonocore',53,'Gerardo Bonocore\nAv Debenedetti 2100.Avellaneda\n4205-4078\nno','Creada',0),(266,0,0,'200.00','3980.00','2009-05-19 12:25:08',17,'Christian Guanco',18,'Drogueria Pharmers SRL\nNO\nNO\n','Creada',0),(267,0,0,'200.00','1460.00','2009-05-20 09:59:15',2,'Facundo Vallejos',2,'Droguerí­a Itati\nGobernador Pedro Ferré 1878\n03783-430595/436225\n','Creada',0),(268,0,0,'200.00','13638.96','2009-05-20 12:01:23',14,'Gianella Maldonado',51,'Sociedad de beneficiencia Hospital Italiano\nRoma 550\n0351 4119436\nno','Creada',0),(269,0,0,'200.00','403.00','2009-05-21 09:47:23',50,'Cecilia Consoni',58,'Estela Boldorini\nno\n00598 99689633\nno','Creada',0),(270,0,0,'200.00','3404.00','2009-05-22 12:55:11',47,'Jenifer Rodriguez',4,'OSECAC\nMoreno 648 (Capital Federal)\n4332-4217\n','Creada',0),(271,0,0,'200.00','2887.80','2009-05-22 16:27:57',49,'Bautista Paz',57,'Oseam\nno\n4451-2944\nno','Creada',0),(272,0,0,'200.00','2056.00','2009-05-26 16:34:14',28,'Catarina Magnano',32,'Isabel Magnano\nBrasil\nNO\n','Creada',0),(273,0,0,'200.00','6000.00','2009-05-26 16:38:47',1,'Ignacio Levandowsky',1,'OSPIA\nVenezuela 2386\n4383-9026\n','Creada',0),(274,0,0,'200.00','84865.64','2009-05-27 16:44:59',18,'Santino Ocampo',19,'Biofar\nLopez y Planes 551 (Resistencia, Chaco)\n(03722) 441212/442772\n','Creada',0),(275,0,0,'200.00','33797.40','2009-05-28 10:38:24',4,'Lucas Contreras',4,'OSECAC\nMoreno 648 (Capital Federal)\n4332-4217\n','Creada',0),(276,0,0,'200.00','2984.00','2009-05-28 13:11:10',12,'NO NO',28,'Helio Segouras\nBrazil\nNO\n','Rechazada',0),(277,0,20,'100.00','2327.20','2009-05-29 16:45:02',8,'Candela Altamira',41,'Alfonso Ramón Darí­o\nChaco\nno\nno','Rechazada',0),(278,0,20,'100.00','2327.20','2009-05-29 16:47:41',12,'NO NO',28,'Helio Segouras\nBrazil\nNO\n','Creada',0),(279,0,0,'200.00','53956.00','2009-06-02 10:14:56',22,'Rosario Zelaya',23,'Instituto de Previsión y Seguridad Social\nTucumán\nNO\n','Creada',0),(280,0,0,'200.00','6085.55','2009-06-02 11:11:32',51,'Antonia Stodola',59,'Iosper\nEntre Rí­os\nno\nm.fernandez@iosper.gov.ar','Rechazada',0),(281,0,25,'200.00','9028.32','2009-06-02 12:46:01',21,'Sin Identificar',13,'I.N.S.S.J.P\nPerú 169 5ºA\n4344-8701\n','Creada',0),(282,0,0,'200.00','4123.70','2009-06-02 13:19:25',51,'Antonia Stodola',59,'Iosper\nEntre Rí­os\nno\nm.fernandez@iosper.gov.ar','Creada',0),(283,0,0,'200.00','432.00','2009-06-03 12:43:08',45,'Nadia Bonocore',53,'Gerardo Bonocore\nAv Debenedetti 2100.Avellaneda\n4205-4078\nno','Creada',0),(284,0,0,'200.00','432.00','2009-06-03 15:59:06',24,'Mateo Elizalde',29,'Rafael Elizalde\nNO\nNO\n','Creada',0),(285,0,0,'200.00','88897.40','2009-06-05 13:11:33',52,'MSO NO',62,'HCPA\nPorto Alegre\nNO\nNO','Creada',0),(286,0,0,'200.00','40517.00','2009-06-16 16:28:57',16,'Alfonso Sana',31,'Cassia Sana\nBrasil\nNO\n','Creada',0),(287,0,0,'200.00','3100.00','2009-06-16 22:17:36',1,'Ignacio Levandowsky',1,'OSPIA\nVenezuela 2386\n4383-9026\n','Creada',0),(288,0,0,'200.00','6919.48','2009-06-16 22:18:36',49,'Bautista Paz',57,'Oseam\nno\n4451-2944\nno','Creada',0),(289,0,0,'200.00','16326.80','2009-06-16 22:19:42',49,'Bautista Paz',57,'Oseam\nno\n4451-2944\nno','Creada',0),(290,0,0,'200.00','3100.00','2009-06-16 22:20:47',5,'Maximo Tortolini',5,'Obra Social Jefes de Oficiales Navales\n24 de Noviembre 645\n4932-8079\n','Creada',0),(291,0,0,'200.00','1460.00','2009-06-16 22:21:47',17,'Christian Guanco',18,'Drogueria Pharmers SRL\nNO\nNO\n','Creada',0),(292,0,0,'200.00','16326.76','2009-06-16 22:23:09',3,'JC Rotta',41,'Alfonso Ramón Darí­o\nChaco\nno\nno','Creada',0),(293,0,0,'200.00','1460.00','2009-06-17 14:47:31',31,'Lautaro Contreras',35,'Compañia de Servicios Farmacéuticos\nNO\nNO\nNO','Creada',0),(294,0,0,'200.00','1610.48','2009-06-17 16:12:16',21,'Sin Identificar',63,'Andres Montan\nChile\nNO\namontan@icofrut.cl','Creada',0),(295,0,0,'200.00','289.44','2009-06-18 11:10:59',53,'Chiara Tinnirello',64,'Karina Tinnirello\nTrelew Chubut\n0295 15418469\nno','Anulada',0),(296,0,0,'200.00','1268.00','2009-06-18 11:12:56',53,'Chiara Tinnirello',64,'Karina Tinnirello\nTrelew Chubut\n0295 15418469\nno','Creada',0),(297,0,0,'200.00','2161.85','2009-06-18 11:14:45',53,'Chiara Tinnirello',64,'Karina Tinnirello\nTrelew Chubut\n0295 15418469\nno','Creada',0),(298,0,0,'200.00','13638.96','2009-06-18 12:28:58',34,'Micaela Cabrera',44,'Ministerio de Desarrollo Social\nno\n4121-4604/4121-4611\nno','Creada',0),(299,0,0,'200.00','80834.00','2009-06-19 18:12:46',21,'Sin Identificar',65,'Ministerio Público\nBrasil\nNO\nfpsantos@mp.rs.gov.br','Creada',0),(300,0,0,'200.00','432.00','2009-06-23 11:44:30',24,'Mateo Elizalde',29,'Rafael Elizalde\nNO\nNO\n','Anulada',0),(301,0,0,'200.00','664.00','2009-06-24 09:26:56',24,'Mateo Elizalde',29,'Rafael Elizalde\nNO\nNO\n','Creada',0),(302,0,0,'200.00','2056.00','2009-06-24 09:27:30',33,'Victoria Peralta',37,'Peralta\nDiagonal Tucumán 1193.Martnez\n4798-5152/154404-9480\n','Creada',0),(303,0,0,'200.00','1407.48','2009-06-26 11:03:20',21,'Sin Identificar',63,'Andres Montan\nChile\nNO\namontan@icofrut.cl','Creada',0),(304,0,0,'200.00','272.70','2009-06-26 11:21:37',19,'Arantxa Sola',15,'CEMECO\nCórdoba\nNO\n','Creada',0),(305,0,0,'200.00','432.00','2009-06-29 10:44:17',12,'NO NO',15,'CEMECO\nCórdoba\nNO\n','Creada',0),(306,0,0,'200.00','6735.20','2009-07-01 15:47:25',12,'NO NO',51,'Sociedad de beneficiencia Hospital Italiano\nRoma 550\n0351 4119436\nno','Anulada',0),(307,0,0,'200.00','6735.20','2009-07-01 15:50:39',12,'NO NO',54,'Sociedad de Beneficiencia Hospital Italiano d\nPringles 431 4to piso\n4959-0336\n','Creada',0),(308,0,0,'200.00','490.80','2009-07-02 10:38:56',25,'Michael Hernandez',25,'IOSE\nNO\nNO\n','Creada',0),(309,0,0,'200.00','432.00','2009-07-06 12:17:21',45,'Nadia Bonocore',53,'Gerardo Bonocore\nAv Debenedetti 2100.Avellaneda\n4205-4078\nno','Creada',0),(310,0,0,'200.00','80834.00','2009-07-06 12:57:01',16,'Alfonso Sana',31,'Cassia Sana\nBrasil\nNO\n','Creada',0),(311,0,0,'200.00','27078.00','2009-07-06 12:58:34',16,'Alfonso Sana',31,'Cassia Sana\nBrasil\nNO\n','Creada',0),(312,0,0,'200.00','2887.80','2009-07-07 10:40:22',49,'Bautista Paz',57,'Oseam\nno\n4451-2944\nno','Rechazada',0),(313,0,0,'200.00','33797.40','2009-07-07 15:10:20',4,'Lucas Contreras',4,'OSECAC\nMoreno 648 (Capital Federal)\n4332-4217\n','Creada',0),(314,0,0,'200.00','99999999.99','2009-07-08 09:53:33',49,'Bautista Paz',57,'Oseam\nno\n4451-2944\nno','Creada',0),(315,0,0,'200.00','6000.00','2009-07-10 12:47:27',1,'Ignacio Levandowsky',1,'OSPIA\nVenezuela 2386\n4383-9026\n','Creada',0),(316,0,0,'200.00','6000.00','2009-07-10 12:48:25',5,'Maximo Tortolini',5,'Obra Social Jefes de Oficiales Navales\n24 de Noviembre 645\n4932-8079\n','Creada',0),(317,0,0,'200.00','80834.00','2009-07-10 13:52:15',29,'Matheus Giovanella',20,'Secretaria de Saude de Santa Catarina\nBrasil\nNO\n','Creada',0),(318,0,0,'200.00','6919.48','2009-07-10 18:43:02',21,'Sin Identificar',17,'Sin Obra Social\nNO\nNO\n','Creada',0),(319,0,0,'200.00','2056.00','2009-07-13 11:49:09',28,'Catarina Magnano',32,'Isabel Magnano\nBrasil\nNO\n','Creada',0),(320,0,0,'200.00','3912.00','2009-07-13 14:35:17',20,'No I',51,'Sociedad de beneficiencia Hospital Italiano\nRoma 550\n0351 4119436\nno','Anulada',0),(321,0,0,'200.00','3912.00','2009-07-13 14:36:00',20,'No I',54,'Sociedad de Beneficiencia Hospital Italiano d\nPringles 431 4to piso\n4959-0336\n','Creada',0),(322,0,0,'200.00','16326.76','2009-07-14 12:12:16',3,'JC Rotta',41,'Alfonso Ramón Darí­o\nChaco\nno\nno','Creada',0),(323,0,0,'200.00','3100.00','2009-07-14 12:15:30',53,'Chiara Tinnirello',64,'Karina Tinnirello\nTrelew Chubut\n0295 15418469\nno','Creada',0),(324,0,0,'200.00','3404.00','2009-07-14 12:59:04',47,'Jenifer Rodriguez',4,'OSECAC\nMoreno 648 (Capital Federal)\n4332-4217\n','Creada',0),(325,0,0,'200.00','3100.00','2009-07-14 14:59:17',1,'Ignacio Levandowsky',1,'OSPIA\nVenezuela 2386\n4383-9026\n','Creada',0),(326,0,0,'200.00','664.00','2009-07-20 11:42:20',24,'Mateo Elizalde',29,'Rafael Elizalde\nNO\nNO\n','Creada',0),(327,0,0,'200.00','3980.00','2009-07-21 11:08:08',20,'No I',59,'Iosper\nEntre Rí­os\nno\nm.fernandez@iosper.gov.ar','Creada',0),(328,0,0,'200.00','8263.40','2009-07-21 13:58:03',20,'No I',10,'Fundo Estadual de Saude do Parana\nRua Piquiri, 170, Reboucas. Curitiba, Parana,\nNO\n','Rechazada',0),(329,0,0,'200.00','8263.40','2009-07-21 14:02:19',20,'No I',10,'Fundo Estadual de Saude do Parana\nRua Piquiri, 170, Reboucas. Curitiba, Parana,\nNO\n','Creada',0),(330,0,0,'200.00','13638.96','2009-07-22 11:02:34',14,'Gianella Maldonado',54,'Sociedad de Beneficiencia Hospital Italiano d\nPringles 431 4to piso\n4959-0336\n','Anulada',0),(331,0,0,'200.00','13638.96','2009-07-22 11:03:25',14,'Gianella Maldonado',51,'Sociedad de beneficiencia Hospital Italiano\nRoma 550\n0351 4119436\nno','Creada',0),(332,0,0,'200.00','2056.00','2009-07-22 11:51:54',33,'Victoria Peralta',37,'Peralta\nDiagonal Tucumán 1193.Martnez\n4798-5152/154404-9480\n','Creada',0),(333,0,0,'200.00','2056.00','2009-07-23 12:23:24',28,'Catarina Magnano',32,'Isabel Magnano\nBrasil\nNO\n','Creada',0),(334,0,0,'200.00','432.00','2009-07-23 12:33:20',45,'Nadia Bonocore',53,'Gerardo Bonocore\nAv Debenedetti 2100.Avellaneda\n4205-4078\nno','Creada',0),(335,0,0,'200.00','3404.00','2009-07-23 12:37:19',47,'Jenifer Rodriguez',4,'OSECAC\nMoreno 648 (Capital Federal)\n4332-4217\n','Creada',0),(336,0,0,'200.00','2887.80','2009-07-27 14:32:24',49,'Bautista Paz',57,'Oseam\nno\n4451-2944\nno','Creada',0),(337,0,0,'200.00','13932.95','2009-07-28 12:13:54',11,'Marlene Guercio',13,'I.N.S.S.J.P\nPerú 169 5ºA\n4344-8701\n','Creada',0),(338,0,25,'200.00','10499.71','2009-07-29 15:28:19',11,'Marlene Guercio',13,'I.N.S.S.J.P\nPerú 169 5ºA\n4344-8701\n','Creada',0),(339,0,0,'200.00','702.24','2009-07-30 10:35:35',20,'No I',51,'Sociedad de beneficiencia Hospital Italiano\nRoma 550\n0351 4119436\nno','Rechazada',0),(340,0,0,'200.00','702.24','2009-07-30 10:36:22',20,'No I',54,'Sociedad de Beneficiencia Hospital Italiano d\nPringles 431 4to piso\n4959-0336\n','Creada',0),(341,0,0,'200.00','4472.00','2009-08-04 12:18:14',47,'Jenifer Rodriguez',4,'OSECAC\nMoreno 648 (Capital Federal)\n4332-4217\n','Creada',0),(342,0,0,'200.00','650.00','2009-08-04 16:36:09',54,'Nicolas Villar',66,'Osplad\nno\n52465149\nno','Creada',0),(343,0,0,'200.00','5575.60','2009-08-05 12:12:01',49,'Bautista Paz',57,'Oseam\nno\n4451-2944\nno','Creada',0),(344,0,0,'200.00','6919.48','2009-08-07 14:43:27',34,'Micaela Cabrera',44,'Ministerio de Desarrollo Social\nno\n4121-4604/4121-4611\nno','Creada',0),(345,0,0,'200.00','2887.80','2009-08-07 15:42:12',49,'Bautista Paz',57,'Oseam\nno\n4451-2944\nno','Creada',0),(346,0,0,'200.00','3100.00','2009-08-10 11:25:43',5,'Maximo Tortolini',5,'Obra Social Jefes de Oficiales Navales\n24 de Noviembre 645\n4932-8079\n','Creada',0),(347,0,0,'200.00','432.00','2009-08-12 09:37:20',45,'Nadia Bonocore',53,'Gerardo Bonocore\nAv Debenedetti 2100.Avellaneda\n4205-4078\nno','Creada',0),(348,0,0,'200.00','272.70','2009-08-12 09:41:43',19,'Arantxa Sola',67,'Paola Torres\nRio Cuarto\n0358 154298509\nno','Creada',0),(349,0,0,'200.00','1128.00','2009-08-13 09:21:12',53,'Chiara Tinnirello',68,'Secretarí­a de Salud de la prov de Chubut\nno\n02965484118\nno','Creada',0),(350,0,0,'200.00','1128.00','2009-08-18 10:29:29',8,'Candela Altamira',9,'DASPU OBRA SOCIAL\nNO\nNO\n','Creada',0),(351,0,0,'200.00','664.00','2009-08-18 11:24:57',24,'Mateo Elizalde',29,'Rafael Elizalde\nNO\nNO\n','Creada',0),(352,0,0,'200.00','3100.00','2009-08-18 15:35:33',1,'Ignacio Levandowsky',1,'OSPIA\nVenezuela 2386\n4383-9026\n','Creada',0),(353,0,0,'200.00','6919.48','2009-08-18 15:56:43',49,'Bautista Paz',57,'Oseam\nno\n4451-2944\nno','Creada',0),(354,0,0,'200.00','1022.28','2009-08-19 11:57:12',21,'Sin Identificar',69,'Clinica Alemana\nChile\nNO\nmcontreras@alemana.cl','Creada',0),(355,0,15,'200.00','11655.40','2009-08-20 13:12:11',16,'Alfonso Sana',31,'Cassia Sana\nBrasil\nNO\n','Creada',0),(356,0,0,'200.00','80833.76','2009-08-21 12:40:14',21,'Sin Identificar',70,'Instituto Venezolano de los seguros sociales\nVenezuela\nNO\nNO','Creada',0),(357,0,0,'200.00','1128.00','2009-08-24 15:15:07',45,'Nadia Bonocore',71,'Galeno\nno\n48147325\nno ','Creada',0),(358,0,0,'200.00','432.00','2009-08-25 13:51:04',56,'Alejo Gonzalez',72,'Mariana Zapia\nno\n4720 4291\nno','Creada',0),(359,0,0,'200.00','2984.00','2009-08-26 09:54:12',20,'No I',73,'Farmacia Rex\nAv Cordoba\n4962-0153\nno','Creada',0),(360,0,0,'200.00','1128.00','2009-08-27 13:30:02',56,'Alejo Gonzalez',72,'Mariana Zapia\nno\n4720 4291\nno','Creada',0),(361,0,0,'200.00','432.00','2009-08-28 11:15:30',45,'Nadia Bonocore',53,'Gerardo Bonocore\nAv Debenedetti 2100.Avellaneda\n4205-4078\nno','Creada',0),(362,0,0,'200.00','8263.40','2009-08-31 11:23:18',57,'Zaira Rey',74,'Julian Rey\nno\n1564654600\nno','Creada',0),(363,0,0,'200.00','4472.00','2009-09-01 11:10:17',47,'Jenifer Rodriguez',4,'OSECAC\nMoreno 648 (Capital Federal)\n4332-4217\n','Creada',0),(364,0,0,'200.00','53956.00','2009-09-02 09:53:47',22,'Rosario Zelaya',23,'Instituto de Previsión y Seguridad Social\nTucumán\nNO\n','Creada',0),(365,0,10,'200.00','8552.00','2009-09-02 12:08:04',35,'Luisina Zabala',38,'OSPECOR\nNO\nNO\ngralbard@yahoo.com.ar','Creada',0),(366,0,0,'200.00','4123.70','2009-09-03 09:50:34',51,'Antonia Stodola',59,'Iosper\nEntre Rí­os\nno\nm.fernandez@iosper.gov.ar','Creada',0),(367,0,0,'200.00','84865.64','2009-09-03 10:09:23',18,'Santino Ocampo',19,'Biofar\nLopez y Planes 551 (Resistencia, Chaco)\n(03722) 441212/442772\n','Creada',0),(368,0,0,'200.00','2056.00','2009-09-03 11:18:06',33,'Victoria Peralta',37,'Peralta\nDiagonal Tucumán 1193.Martnez\n4798-5152/154404-9480\n','Creada',0),(369,0,0,'200.00','29765.80','2009-09-07 13:22:10',23,'Gabriel Marinho',40,'Gina Marinho\nBrasil\nNO\nNO','Creada',0),(370,0,0,'200.00','1128.00','2009-09-08 17:41:43',8,'Candela Altamira',41,'Alfonso Ramón Darí­o\nChaco\nno\nno','Rechazada',0),(371,0,0,'200.00','13639.00','2009-09-09 09:52:12',20,'No I',47,'Secretaria de Salud de Cordoba\nno\nno\nkarina.gatica@cba.gov.ar','Creada',0),(372,0,0,'200.00','4637.40','2009-09-09 10:06:59',20,'No I',51,'Sociedad de beneficiencia Hospital Italiano\nRoma 550\n0351 4119436\nno','Rechazada',0),(373,0,0,'200.00','4637.40','2009-09-09 10:07:58',20,'No I',54,'Sociedad de Beneficiencia Hospital Italiano d\nPringles 431 4to piso\n4959-0336\n','Creada',0),(374,0,0,'200.00','12140.00','2009-09-09 13:55:35',21,'Sin Identificar',36,'Hospital Italiano\nGascón 450\n4959-0200\nGabriela.Fraschetti@hospitalitaliano.org.ar','Creada',0),(375,0,0,'200.00','6919.48','2009-09-10 10:23:22',34,'Micaela Cabrera',44,'Ministerio de Desarrollo Social\nno\n4121-4604/4121-4611\nno','Creada',0),(376,0,0,'200.00','6919.48','2009-09-14 13:03:29',49,'Bautista Paz',57,'Oseam\nno\n4451-2944\nno','Creada',0),(377,0,0,'200.00','33797.40','2009-09-14 13:31:13',4,'Lucas Contreras',4,'OSECAC\nMoreno 648 (Capital Federal)\n4332-4217\n','Creada',0),(378,0,0,'200.00','432.00','2009-09-15 12:29:59',45,'Nadia Bonocore',75,'OSJOMN\nLibertad 1668 CP1016\n01148153102 (102)\nolguin@maquinaval.com.ar','Creada',0),(379,0,0,'200.00','4414.24','2009-09-17 10:07:04',20,'No I',54,'Sociedad de Beneficiencia Hospital Italiano d\nPringles 431 4to piso\n4959-0336\n','Creada',0),(380,0,0,'200.00','13638.96','2009-09-17 10:12:12',14,'Gianella Maldonado',51,'Sociedad de beneficiencia Hospital Italiano\nRoma 550\n0351 4119436\nno','Creada',0),(381,0,0,'200.00','432.00','2009-09-17 15:20:15',58,'Edgar Gimenez',39,'Instituto Dorrego\n3 de febrero 748.Rosario\n(0341)4202411\nfarmacia@institutodorrego.com.ar','Creada',0),(382,0,0,'200.00','6000.00','2009-09-18 15:42:58',1,'Ignacio Levandowsky',1,'OSPIA\nVenezuela 2386\n4383-9026\n','Creada',0),(383,0,0,'200.00','927.00','2009-09-21 10:31:05',6,'Melina Mainardi',22,'Smata\nCórdoba\nNO\n','Creada',0),(384,0,0,'200.00','664.00','2009-09-21 11:45:15',45,'Nadia Bonocore',75,'OSJOMN\nLibertad 1668 CP1016\n01148153102 (102)\nolguin@maquinaval.com.ar','Creada',0),(385,0,0,'200.00','2887.80','2009-09-22 14:25:56',57,'Zaira Rey',74,'Julian Rey\nno\n1564654600\nno','Creada',0),(386,0,0,'200.00','2984.00','2009-09-23 10:04:48',8,'Candela Altamira',9,'DASPU OBRA SOCIAL\nNO\nNO\n','Creada',0),(387,0,0,'200.00','5575.60','2009-09-23 13:35:17',49,'Bautista Paz',76,'Principal Plan\nno\n4451-7934\nno','Creada',0),(388,0,0,'200.00','664.00','2009-09-23 13:41:29',24,'Mateo Elizalde',29,'Rafael Elizalde\nNO\nNO\n','Creada',0);
/*!40000 ALTER TABLE `proformas` ENABLE KEYS */;
UNLOCK TABLES;

--
-- Table structure for table `purchase_invoices`
--

DROP TABLE IF EXISTS `purchase_invoices`;
SET @saved_cs_client     = @@character_set_client;
SET character_set_client = utf8;
CREATE TABLE `purchase_invoices` (
  `id` int(10) unsigned NOT NULL auto_increment,
  `purchase_id` int(10) unsigned NOT NULL default '0',
  `invoice_id` int(10) unsigned NOT NULL default '0',
  PRIMARY KEY  (`id`)
) ENGINE=MyISAM AUTO_INCREMENT=50 DEFAULT CHARSET=utf8;
SET character_set_client = @saved_cs_client;

--
-- Dumping data for table `purchase_invoices`
--

LOCK TABLES `purchase_invoices` WRITE;
/*!40000 ALTER TABLE `purchase_invoices` DISABLE KEYS */;
INSERT INTO `purchase_invoices` VALUES (1,1,42),(2,2,6),(3,5,12),(4,9,22),(5,10,18),(6,11,20),(7,12,30),(8,13,21),(9,15,43),(10,16,47),(11,19,34),(12,20,57),(13,21,36),(14,22,45),(15,24,58),(16,25,56),(17,26,13),(18,27,54),(19,28,51),(20,29,64),(21,30,66),(22,32,69),(23,33,62),(24,34,71),(25,35,78),(26,36,7),(27,37,9),(28,38,16),(29,39,15),(30,39,24),(31,40,25),(32,41,28),(33,41,29),(34,42,67),(35,43,31),(36,43,32),(37,44,40),(38,44,41),(39,45,63),(40,45,65),(41,46,79),(42,47,80),(43,48,4),(44,49,83),(45,50,26),(46,51,33),(47,52,27),(48,53,39),(49,54,84);
/*!40000 ALTER TABLE `purchase_invoices` ENABLE KEYS */;
UNLOCK TABLES;

--
-- Table structure for table `purchases`
--

DROP TABLE IF EXISTS `purchases`;
SET @saved_cs_client     = @@character_set_client;
SET character_set_client = utf8;
CREATE TABLE `purchases` (
  `id` int(10) unsigned NOT NULL auto_increment,
  `amount` decimal(10,2) default NULL,
  `date` date default NULL,
  `expire_date` date default NULL,
  `supplier_id` int(10) unsigned NOT NULL default '0',
  `code` varchar(45) default NULL,
  `status` enum('Paid','Pending','Free') NOT NULL default 'Pending',
  `version` bigint(20) default NULL,
  PRIMARY KEY  (`id`),
  KEY `FK95379B92D6C2F785` (`supplier_id`)
) ENGINE=MyISAM AUTO_INCREMENT=83 DEFAULT CHARSET=utf8;
SET character_set_client = @saved_cs_client;

--
-- Dumping data for table `purchases`
--

LOCK TABLES `purchases` WRITE;
/*!40000 ALTER TABLE `purchases` DISABLE KEYS */;
INSERT INTO `purchases` VALUES (1,'21300.00','2008-02-06','2008-05-06',1,'1485','Paid',0),(2,'8875.00','2008-02-06','2008-05-06',1,'1486','Paid',0),(3,'5700.00','2008-02-06','2008-05-06',1,'1501','Free',0),(4,'450.00','2008-02-08','2008-05-08',1,'1512','Free',0),(5,'5916.00','2008-02-08','2008-05-08',1,'1513','Paid',0),(6,'8875.00','2008-04-12','2008-07-12',1,'1505','Paid',0),(7,'10058.00','2008-02-22','2008-05-22',1,'1515','Paid',0),(8,'750.00','2008-02-28','2008-05-28',1,'1519','Free',0),(9,'8875.00','2008-03-06','2008-06-06',1,'1549','Paid',0),(10,'7100.00','2008-03-06','2008-06-06',1,'1550','Paid',0),(11,'17750.00','2008-03-06','2008-06-06',1,'1551','Paid',0),(12,'8875.00','2008-04-04','2008-07-04',1,'1580','Paid',0),(13,'5916.00','2008-04-11','2008-07-11',1,'1581','Paid',0),(14,'7020.00','2008-04-21','2008-07-21',1,'1587','Free',0),(15,'15975.10','2008-05-13','2008-08-13',1,'1622','Paid',0),(16,'21300.17','2008-05-13','2008-08-13',1,'1624','Paid',0),(17,'720.00','2008-05-13','2008-08-13',1,'1626','Free',0),(18,'10058.41','2008-05-23','2008-08-23',1,'1628','Paid',0),(19,'7100.00','2008-06-05','2008-09-05',1,'1660','Paid',0),(20,'1183.00','2008-06-18','2008-09-18',1,'1661','Paid',0),(21,'17750.00','2008-06-11','2008-09-11',1,'1662','Paid',0),(22,'17750.00','2008-06-12','2008-09-12',1,'1663','Paid',0),(23,'900.00','2008-06-25','2008-09-25',1,'1671','Free',0),(24,'10058.00','2008-06-30','2008-09-30',1,'1672','Paid',0),(25,'8875.00','2008-07-25','2008-10-25',1,'1690','Paid',0),(26,'7100.05','2008-07-25','2008-10-25',1,'1691','Paid',0),(27,'2366.00','2008-07-28','2008-10-28',1,'1692','Paid',0),(28,'1183.00','2008-07-29','2008-10-29',1,'1693','Paid',0),(29,'12306.76','2008-08-15','2008-11-15',1,'1725','Pending',0),(30,'7384.06','2008-08-19','2008-08-19',1,'1727','Pending',0),(31,'7384.06','2008-08-25','2008-11-25',1,'1733','Pending',0),(32,'6153.00','2008-08-26','2008-11-26',1,'1734','Pending',0),(33,'17022.63','2008-09-08','2008-09-08',1,'1745','Pending',0),(34,'3076.00','2008-09-08','2008-12-08',1,'1749','Pending',0),(35,'15383.45','2008-09-08','2008-12-08',1,'1749','Pending',0),(36,'5260.00','2008-01-08','2008-04-08',2,'90000133','Paid',0),(37,'2630.00','2008-01-30','2008-04-30',1,'90001850','Paid',0),(38,'6575.00','2008-02-11','2008-05-11',2,'90002522','Paid',0),(39,'2630.00','2008-02-26','2008-05-26',2,'90003858','Paid',0),(40,'197.00','2008-03-19','2008-06-19',2,'2630','Paid',0),(41,'5260.00','2008-04-01','2008-07-01',2,'90006734','Paid',0),(42,'6575.00','2008-05-13','2008-08-13',2,'90011184','Paid',0),(43,'5260.00','2008-06-17','2008-09-17',2,'90014537','Paid',0),(44,'5260.00','2008-06-24','2008-09-24',2,'90015099','Pending',0),(45,'2200.00','2008-08-29','2008-11-29',2,'90021058','Pending',0),(46,'2200.00','2008-09-10','2008-12-10',2,'90022033','Pending',0),(47,'2200.00','2008-09-11','2008-12-11',2,'90022059','Paid',0),(48,'1020.00','2008-01-14','2008-03-14',3,'80153','Paid',0),(49,'601.00','2008-02-12','2008-05-12',3,'80449','Paid',0),(50,'1500.00','2008-04-14','2008-07-14',3,'81124','Paid',0),(51,'2150.00','2008-04-28','2008-07-28',3,'81285','Paid',0),(52,'601.15','2008-05-13','2008-08-13',3,'81420','Paid',0),(53,'2150.00','2008-05-26','2008-08-26',3,'81573','Paid',0),(54,'181.80','2008-06-27','2008-09-27',3,'81929','Pending',0),(55,'36920.00','2008-11-04','2009-02-04',1,'1801','Pending',0),(56,'7679.00','2008-11-17','2009-02-17',1,'1821','Pending',0),(57,'540.00','2009-11-19','2009-02-11',3,'1822','Free',0),(58,'1803.00','2009-12-11','2009-03-12',1,'1826','Pending',0),(59,'540.00','2009-11-27','2009-02-27',1,'1828','Pending',0),(60,'9599.00','2009-11-27','2009-02-27',1,'1829','Pending',0),(61,'1080.00','2009-11-20','2009-02-20',1,'1836','Free',0),(62,'13005.00','2009-11-20','2009-02-20',1,'1837','Pending',0),(63,'54149.00','2008-11-20','2009-02-20',1,'1838','Pending',0),(64,'6399.00','2008-11-11','2009-02-11',1,'1846','Pending',0),(65,'7679.00','2008-12-18','2009-03-18',1,'1847','Pending',0),(66,'4479.00','2008-12-24','2009-02-24',1,'1849','Pending',0),(67,'687.00','2008-11-03','2009-02-03',4,'76588','Pending',0),(68,'205.00','2008-03-11','2009-03-11',4,'76591','Pending',0),(69,'498.00','2008-11-12','2009-03-12',4,'77015','Pending',0),(70,'3930.00','2009-11-03','2009-02-03',4,'76590','Pending',0),(71,'205.00','2009-03-11','2009-02-11',4,'76591','Pending',0),(72,'498.00','2009-11-12','2009-02-02',3,'77011','Pending',0),(73,'498.00','2008-11-12','2009-02-12',4,'77011','Pending',0),(74,'496.00','2008-11-12','2009-02-12',4,'77015','Pending',0),(75,'1355.00','2008-12-02','2009-03-02',4,'78113','Pending',0),(76,'127.00','2008-12-10','2009-02-10',4,'78441','Pending',0),(77,'1355.00','2008-12-02','2009-03-02',4,'78442','Pending',0),(78,'269.00','2008-12-17','2009-03-17',4,'78666','Pending',0),(79,'697.00','2008-12-17','2009-03-17',4,'78667','Pending',0),(80,'370.00','2009-01-23','2009-04-23',4,'80212','Pending',0),(81,'370.00','2009-01-23','2009-04-23',4,'80212','Pending',0),(82,'2200.00','2008-01-26','2009-04-26',2,'90034145','Pending',0);
/*!40000 ALTER TABLE `purchases` ENABLE KEYS */;
UNLOCK TABLES;

--
-- Table structure for table `request_map`
--

DROP TABLE IF EXISTS `request_map`;
SET @saved_cs_client     = @@character_set_client;
SET character_set_client = utf8;
CREATE TABLE `request_map` (
  `id` bigint(20) NOT NULL auto_increment,
  `version` bigint(20) NOT NULL,
  `config_attribute` varchar(255) NOT NULL,
  `url` varchar(255) NOT NULL,
  PRIMARY KEY  (`id`),
  UNIQUE KEY `url` (`url`)
) ENGINE=MyISAM DEFAULT CHARSET=utf8;
SET character_set_client = @saved_cs_client;

--
-- Dumping data for table `request_map`
--

LOCK TABLES `request_map` WRITE;
/*!40000 ALTER TABLE `request_map` DISABLE KEYS */;
/*!40000 ALTER TABLE `request_map` ENABLE KEYS */;
UNLOCK TABLES;

--
-- Table structure for table `role`
--

DROP TABLE IF EXISTS `role`;
SET @saved_cs_client     = @@character_set_client;
SET character_set_client = utf8;
CREATE TABLE `role` (
  `id` bigint(20) NOT NULL auto_increment,
  `version` bigint(20) NOT NULL,
  `authority` varchar(255) NOT NULL,
  `description` varchar(255) NOT NULL,
  PRIMARY KEY  (`id`),
  UNIQUE KEY `authority` (`authority`)
) ENGINE=MyISAM AUTO_INCREMENT=3 DEFAULT CHARSET=utf8;
SET character_set_client = @saved_cs_client;

--
-- Dumping data for table `role`
--

LOCK TABLES `role` WRITE;
/*!40000 ALTER TABLE `role` DISABLE KEYS */;
INSERT INTO `role` VALUES (1,0,'ROLE_ADMIN','Rol Administrador'),(2,0,'ROLE_USER','Rol Usuario');
/*!40000 ALTER TABLE `role` ENABLE KEYS */;
UNLOCK TABLES;

--
-- Table structure for table `role_people`
--

DROP TABLE IF EXISTS `role_people`;
SET @saved_cs_client     = @@character_set_client;
SET character_set_client = utf8;
CREATE TABLE `role_people` (
  `role_id` bigint(20) NOT NULL,
  `user_id` bigint(20) NOT NULL,
  PRIMARY KEY  (`role_id`,`user_id`),
  KEY `FK28B75E787C80DCC5` (`role_id`),
  KEY `FK28B75E7821ABA0A5` (`user_id`)
) ENGINE=MyISAM DEFAULT CHARSET=utf8;
SET character_set_client = @saved_cs_client;

--
-- Dumping data for table `role_people`
--

LOCK TABLES `role_people` WRITE;
/*!40000 ALTER TABLE `role_people` DISABLE KEYS */;
INSERT INTO `role_people` VALUES (1,2),(2,1),(2,3),(2,4);
/*!40000 ALTER TABLE `role_people` ENABLE KEYS */;
UNLOCK TABLES;

--
-- Table structure for table `suppliers`
--

DROP TABLE IF EXISTS `suppliers`;
SET @saved_cs_client     = @@character_set_client;
SET character_set_client = utf8;
CREATE TABLE `suppliers` (
  `id` int(10) unsigned NOT NULL auto_increment,
  `name` varchar(45) NOT NULL,
  `telephone` varchar(45) default NULL,
  `email` varchar(45) default NULL,
  `contact` varchar(45) default NULL,
  `version` bigint(20) default NULL,
  `delivery_period` int(11) default NULL,
  `payment_condition_period` int(11) default NULL,
  PRIMARY KEY  (`id`)
) ENGINE=MyISAM AUTO_INCREMENT=5 DEFAULT CHARSET=utf8;
SET character_set_client = @saved_cs_client;

--
-- Dumping data for table `suppliers`
--

LOCK TABLES `suppliers` WRITE;
/*!40000 ALTER TABLE `suppliers` DISABLE KEYS */;
INSERT INTO `suppliers` VALUES (0,'Proveedor 0','','','',0,20,NULL),(1,'RDT','','','',0,20,NULL),(2,'UCYCLYD','','','',0,20,NULL),(3,'ORPHAN','','','',0,20,NULL),(4,'Special Products','00441483736950/Fax004411483721926','Gary.Hurley@SpecialProducts.biz','Albert Chan',0,20,NULL);
/*!40000 ALTER TABLE `suppliers` ENABLE KEYS */;
UNLOCK TABLES;

--
-- Table structure for table `user_to_countries`
--

DROP TABLE IF EXISTS `user_to_countries`;
SET @saved_cs_client     = @@character_set_client;
SET character_set_client = utf8;
CREATE TABLE `user_to_countries` (
  `user_countries_id` bigint(20) default NULL,
  `country_id` bigint(20) default NULL,
  KEY `FKC0A645E424E35D10` (`user_countries_id`),
  KEY `FKC0A645E4D5F7034F` (`country_id`)
) ENGINE=MyISAM DEFAULT CHARSET=utf8;
SET character_set_client = @saved_cs_client;

--
-- Dumping data for table `user_to_countries`
--

LOCK TABLES `user_to_countries` WRITE;
/*!40000 ALTER TABLE `user_to_countries` DISABLE KEYS */;
INSERT INTO `user_to_countries` VALUES (1,1),(2,1),(3,1),(4,1);
/*!40000 ALTER TABLE `user_to_countries` ENABLE KEYS */;
UNLOCK TABLES;

--
-- Table structure for table `users`
--

DROP TABLE IF EXISTS `users`;
SET @saved_cs_client     = @@character_set_client;
SET character_set_client = utf8;
CREATE TABLE `users` (
  `id` int(10) unsigned NOT NULL auto_increment,
  `username` varchar(45) NOT NULL default '',
  `email` varchar(45) NOT NULL default '',
  `version` bigint(20) default NULL,
  `enabled` bit(1) default NULL,
  `first_name` varchar(255) default NULL,
  `last_name` varchar(255) default NULL,
  `passwd` varchar(255) default NULL,
  PRIMARY KEY  (`id`)
) ENGINE=MyISAM AUTO_INCREMENT=5 DEFAULT CHARSET=utf8;
SET character_set_client = @saved_cs_client;

--
-- Dumping data for table `users`
--

LOCK TABLES `users` WRITE;
/*!40000 ALTER TABLE `users` DISABLE KEYS */;
INSERT INTO `users` VALUES (1,'ivan','igrosny@gmail.com',0,'',NULL,NULL,'a15f8b81a160b4eebe5c84e9e3b65c87b9b2f18e'),(2,'edu','eduardo@gmail.com',0,'',NULL,NULL,'863f8f3edbcde342a53dd30d6d00b81a90e4249d'),(3,'tati','cmassone@innovativemedicines.com.ar',0,'',NULL,NULL,'7d595301fe29f25bf9c7c9fc4e406cee1e4c9971'),(4,'vicky','',0,'',NULL,NULL,'e79cab55eab4c0a1a63610829a51fd51d5cfb294');
/*!40000 ALTER TABLE `users` ENABLE KEYS */;
UNLOCK TABLES;
/*!40103 SET TIME_ZONE=@OLD_TIME_ZONE */;

/*!40101 SET SQL_MODE=@OLD_SQL_MODE */;
/*!40014 SET FOREIGN_KEY_CHECKS=@OLD_FOREIGN_KEY_CHECKS */;
/*!40014 SET UNIQUE_CHECKS=@OLD_UNIQUE_CHECKS */;
/*!40101 SET CHARACTER_SET_CLIENT=@OLD_CHARACTER_SET_CLIENT */;
/*!40101 SET CHARACTER_SET_RESULTS=@OLD_CHARACTER_SET_RESULTS */;
/*!40101 SET COLLATION_CONNECTION=@OLD_COLLATION_CONNECTION */;
/*!40111 SET SQL_NOTES=@OLD_SQL_NOTES */;

-- Dump completed on 2009-09-28  0:37:56
