-- MySQL dump 10.11
--
-- Host: localhost    Database: vitaflo_sistema
-- ------------------------------------------------------
-- Server version	5.0.75-0ubuntu10.5

/*!40101 SET @OLD_CHARACTER_SET_CLIENT=@@CHARACTER_SET_CLIENT */;
/*!40101 SET @OLD_CHARACTER_SET_RESULTS=@@CHARACTER_SET_RESULTS */;
/*!40101 SET @OLD_COLLATION_CONNECTION=@@COLLATION_CONNECTION */;
/*!40101 SET NAMES utf8 */;
/*!40103 SET @OLD_TIME_ZONE=@@TIME_ZONE */;
/*!40103 SET TIME_ZONE='+00:00' */;
/*!40014 SET @OLD_UNIQUE_CHECKS=@@UNIQUE_CHECKS, UNIQUE_CHECKS=0 */;
/*!40014 SET @OLD_FOREIGN_KEY_CHECKS=@@FOREIGN_KEY_CHECKS, FOREIGN_KEY_CHECKS=0 */;
/*!40101 SET @OLD_SQL_MODE=@@SQL_MODE, SQL_MODE='NO_AUTO_VALUE_ON_ZERO' */;
/*!40111 SET @OLD_SQL_NOTES=@@SQL_NOTES, SQL_NOTES=0 */;

--
-- Table structure for table `audit_log`
--

DROP TABLE IF EXISTS `audit_log`;
SET @saved_cs_client     = @@character_set_client;
SET character_set_client = utf8;
CREATE TABLE `audit_log` (
  `id` bigint(20) NOT NULL auto_increment,
  `property_name` varchar(255) default NULL,
  `last_updated` datetime NOT NULL,
  `old_value` varchar(255) default NULL,
  `actor` varchar(255) default NULL,
  `uri` varchar(255) default NULL,
  `new_value` varchar(255) default NULL,
  `persisted_object_version` bigint(20) default NULL,
  `date_created` datetime NOT NULL,
  `class_name` varchar(255) default NULL,
  `event_name` varchar(255) default NULL,
  `persisted_object_id` bigint(20) default NULL,
  PRIMARY KEY  (`id`)
) ENGINE=MyISAM AUTO_INCREMENT=393 DEFAULT CHARSET=utf8;
SET character_set_client = @saved_cs_client;

--
-- Dumping data for table `audit_log`
--

LOCK TABLES `audit_log` WRITE;
/*!40000 ALTER TABLE `audit_log` DISABLE KEYS */;
INSERT INTO `audit_log` VALUES (1,'status','2010-04-21 12:06:54','Creada','horacio',NULL,'Aprobada',NULL,'2010-04-21 12:06:54','com.vitaflo.innova.Proforma','UPDATE',483),(2,NULL,'2010-04-21 12:07:32',NULL,'horacio',NULL,NULL,NULL,'2010-04-21 12:07:32','com.vitaflo.innova.Invoice','INSERT',126),(3,NULL,'2010-04-23 15:01:27',NULL,'vicky',NULL,NULL,NULL,'2010-04-23 15:01:27','com.vitaflo.innova.Proforma','INSERT',512),(4,NULL,'2010-04-26 09:13:02',NULL,'horacio',NULL,NULL,NULL,'2010-04-26 09:13:02','com.vitaflo.innova.Invoice','INSERT',127),(5,NULL,'2010-04-27 09:58:47',NULL,'horacio',NULL,NULL,NULL,'2010-04-27 09:58:47','com.vitaflo.innova.Invoice','INSERT',128),(6,NULL,'2010-04-29 12:14:14',NULL,'horacio',NULL,NULL,NULL,'2010-04-29 12:14:14','com.vitaflo.innova.Invoice','INSERT',129),(7,NULL,'2010-05-03 12:46:37',NULL,'vicky',NULL,NULL,NULL,'2010-05-03 12:46:37','com.vitaflo.innova.Proforma','INSERT',514),(8,NULL,'2010-05-04 13:58:37',NULL,'horacio',NULL,NULL,NULL,'2010-05-04 13:58:37','com.vitaflo.innova.Invoice','INSERT',130),(9,NULL,'2010-05-04 16:07:12',NULL,'vicky',NULL,NULL,NULL,'2010-05-04 16:07:12','com.vitaflo.innova.Proforma','INSERT',515),(10,NULL,'2010-05-05 09:13:51',NULL,'vicky',NULL,NULL,NULL,'2010-05-05 09:13:51','com.vitaflo.innova.Proforma','INSERT',516),(11,NULL,'2010-05-05 12:58:26',NULL,'vicky',NULL,NULL,NULL,'2010-05-05 12:58:26','com.vitaflo.innova.Proforma','INSERT',517),(12,NULL,'2010-05-05 14:35:17',NULL,'vicky',NULL,NULL,NULL,'2010-05-05 14:35:17','com.vitaflo.innova.Proforma','INSERT',518),(13,NULL,'2010-05-05 14:54:47',NULL,'vicky',NULL,NULL,NULL,'2010-05-05 14:54:47','com.vitaflo.innova.Proforma','INSERT',519),(14,'email','2010-05-07 11:51:43',NULL,'horacio',NULL,'ventas@farmacia-rex.com',NULL,'2010-05-07 11:51:43','com.vitaflo.innova.Client','UPDATE',73),(15,'country','2010-05-07 11:51:43','Argentina','horacio',NULL,'Argentina',NULL,'2010-05-07 11:51:43','com.vitaflo.innova.Client','UPDATE',73),(16,NULL,'2010-05-10 11:38:09',NULL,'vicky',NULL,NULL,NULL,'2010-05-10 11:38:09','com.vitaflo.innova.Proforma','INSERT',522),(17,NULL,'2010-05-10 11:59:58',NULL,'horacio',NULL,NULL,NULL,'2010-05-10 11:59:58','com.vitaflo.innova.Purchase','INSERT',83),(18,'purchase','2010-05-10 11:59:58',NULL,'horacio',NULL,'90077963',NULL,'2010-05-10 11:59:58','com.vitaflo.innova.Invoice','UPDATE',128),(19,NULL,'2010-05-10 12:16:41',NULL,'horacio',NULL,NULL,NULL,'2010-05-10 12:16:41','com.vitaflo.innova.Purchase','INSERT',84),(20,'purchase','2010-05-10 12:16:41',NULL,'horacio',NULL,'90067882',NULL,'2010-05-10 12:16:41','com.vitaflo.innova.Invoice','UPDATE',98),(21,NULL,'2010-05-12 13:18:37',NULL,'horacio',NULL,NULL,NULL,'2010-05-12 13:18:37','com.vitaflo.innova.Invoice','INSERT',131),(22,NULL,'2010-05-13 14:50:11',NULL,'vicky',NULL,NULL,NULL,'2010-05-13 14:50:11','com.vitaflo.innova.Proforma','INSERT',523),(23,'client','2010-05-14 09:10:38','Droguerí­a Itati','vicky',NULL,'Droguerí­a Itati',NULL,'2010-05-14 09:10:38','com.vitaflo.innova.Proforma','UPDATE',515),(24,'patient','2010-05-14 09:10:38','Vallejos, Facundo','vicky',NULL,'Vallejos, Facundo',NULL,'2010-05-14 09:10:38','com.vitaflo.innova.Proforma','UPDATE',515),(25,'deliveryDate','2010-05-14 09:10:38',NULL,'vicky',NULL,'Mon May 24 00:00:00 ART 2010',NULL,'2010-05-14 09:10:38','com.vitaflo.innova.Proforma','UPDATE',515),(26,NULL,'2010-05-18 15:02:25',NULL,'vicky',NULL,NULL,NULL,'2010-05-18 15:02:25','com.vitaflo.innova.Proforma','INSERT',524),(27,NULL,'2010-05-18 15:25:54',NULL,'vicky',NULL,NULL,NULL,'2010-05-18 15:25:54','com.vitaflo.innova.Proforma','INSERT',525),(28,'client','2010-05-18 15:25:54','CENABAST','vicky',NULL,'Compañia de Servicios Farmacéuticos',NULL,'2010-05-18 15:25:54','com.vitaflo.innova.Patient','UPDATE',21),(29,'status','2010-05-21 12:59:33','Creada','horacio',NULL,'Aprobada',NULL,'2010-05-21 12:59:33','com.vitaflo.innova.Proforma','UPDATE',495),(30,'status','2010-05-21 12:59:53','Creada','horacio',NULL,'Aprobada',NULL,'2010-05-21 12:59:53','com.vitaflo.innova.Proforma','UPDATE',506),(31,'status','2010-05-21 13:00:18','Creada','horacio',NULL,'Aprobada',NULL,'2010-05-21 13:00:18','com.vitaflo.innova.Proforma','UPDATE',513),(32,'status','2010-05-21 13:00:20','Creada','horacio',NULL,'Aprobada',NULL,'2010-05-21 13:00:20','com.vitaflo.innova.Proforma','UPDATE',512),(33,NULL,'2010-05-21 13:01:13',NULL,'horacio',NULL,NULL,NULL,'2010-05-21 13:01:13','com.vitaflo.innova.Invoice','INSERT',132),(34,NULL,'2010-05-27 15:07:34',NULL,'vicky',NULL,NULL,NULL,'2010-05-27 15:07:34','com.vitaflo.innova.Proforma','INSERT',527),(35,NULL,'2010-05-27 15:27:35',NULL,'horacio',NULL,NULL,NULL,'2010-05-27 15:27:35','com.vitaflo.innova.Invoice','INSERT',134),(36,NULL,'2010-05-27 15:28:27',NULL,'horacio',NULL,NULL,NULL,'2010-05-27 15:28:27','com.vitaflo.innova.Invoice','INSERT',135),(37,NULL,'2010-06-03 10:34:08',NULL,'vicky',NULL,NULL,NULL,'2010-06-03 10:34:08','com.vitaflo.innova.Proforma','INSERT',529),(38,NULL,'2010-06-03 10:35:50',NULL,'edu',NULL,NULL,NULL,'2010-06-03 10:35:50','com.vitaflo.innova.Proforma','INSERT',530),(39,'client','2010-06-03 10:35:50','Sin Obra Social','edu',NULL,'Cassia Sana',NULL,'2010-06-03 10:35:50','com.vitaflo.innova.Patient','UPDATE',16),(40,NULL,'2010-06-03 10:44:50',NULL,'vicky',NULL,NULL,NULL,'2010-06-03 10:44:50','com.vitaflo.innova.Proforma','INSERT',531),(41,'client','2010-06-03 10:44:50','Compañia de Servicios Farmacéuticos','vicky',NULL,'Hospital Garrahan',NULL,'2010-06-03 10:44:50','com.vitaflo.innova.Patient','UPDATE',21),(42,NULL,'2010-06-03 11:04:27',NULL,'vicky',NULL,NULL,NULL,'2010-06-03 11:04:27','com.vitaflo.innova.Proforma','INSERT',532),(43,NULL,'2010-06-03 15:21:03',NULL,'vicky',NULL,NULL,NULL,'2010-06-03 15:21:03','com.vitaflo.innova.Proforma','INSERT',533),(44,'client','2010-06-03 15:21:03','Hospital Garrahan','vicky',NULL,'Biofarma S.R.L',NULL,'2010-06-03 15:21:03','com.vitaflo.innova.Patient','UPDATE',21),(45,'status','2010-06-04 11:36:05','Creada','horacio',NULL,'Aprobada',NULL,'2010-06-04 11:36:05','com.vitaflo.innova.Proforma','UPDATE',524),(46,'status','2010-06-04 11:36:17','Creada','horacio',NULL,'Aprobada',NULL,'2010-06-04 11:36:17','com.vitaflo.innova.Proforma','UPDATE',518),(47,'status','2010-06-04 11:36:26','Creada','horacio',NULL,'Aprobada',NULL,'2010-06-04 11:36:26','com.vitaflo.innova.Proforma','UPDATE',511),(48,NULL,'2010-06-04 11:37:21',NULL,'horacio',NULL,NULL,NULL,'2010-06-04 11:37:21','com.vitaflo.innova.Invoice','INSERT',136),(49,NULL,'2010-06-04 11:37:57',NULL,'horacio',NULL,NULL,NULL,'2010-06-04 11:37:57','com.vitaflo.innova.Invoice','INSERT',137),(50,NULL,'2010-06-04 11:38:24',NULL,'horacio',NULL,NULL,NULL,'2010-06-04 11:38:24','com.vitaflo.innova.Invoice','INSERT',138),(51,NULL,'2010-06-04 11:40:35',NULL,'horacio',NULL,NULL,NULL,'2010-06-04 11:40:35','com.vitaflo.innova.Invoice','INSERT',139),(52,NULL,'2010-06-04 14:51:57',NULL,'vicky',NULL,NULL,NULL,'2010-06-04 14:51:57','com.vitaflo.innova.Proforma','INSERT',534),(53,NULL,'2010-06-07 15:25:43',NULL,'vicky',NULL,NULL,NULL,'2010-06-07 15:25:43','com.vitaflo.innova.Client','INSERT',95),(54,NULL,'2010-06-07 15:27:31',NULL,'vicky',NULL,NULL,NULL,'2010-06-07 15:27:31','com.vitaflo.innova.Proforma','INSERT',535),(55,'client','2010-06-07 15:27:31','Biofarma S.R.L','vicky',NULL,'Jaime Paez',NULL,'2010-06-07 15:27:31','com.vitaflo.innova.Patient','UPDATE',21),(56,'client','2010-06-08 09:29:54','Jaime Paez','vicky',NULL,'Compañia de Servicios Farmacéuticos',NULL,'2010-06-08 09:29:54','com.vitaflo.innova.Patient','UPDATE',21),(57,NULL,'2010-06-08 11:35:13',NULL,'vicky',NULL,NULL,NULL,'2010-06-08 11:35:13','com.vitaflo.innova.Proforma','INSERT',537),(58,'client','2010-06-08 11:35:13','Compañia de Servicios Farmacéuticos','vicky',NULL,'Biofar',NULL,'2010-06-08 11:35:13','com.vitaflo.innova.Patient','UPDATE',21),(59,'status','2010-06-08 12:27:59','Creada','horacio',NULL,'Aprobada',NULL,'2010-06-08 12:27:59','com.vitaflo.innova.Proforma','UPDATE',522),(60,NULL,'2010-06-08 12:28:36',NULL,'horacio',NULL,NULL,NULL,'2010-06-08 12:28:36','com.vitaflo.innova.Invoice','INSERT',140),(61,NULL,'2010-06-09 10:15:04',NULL,'edu',NULL,NULL,NULL,'2010-06-09 10:15:04','com.vitaflo.innova.User','INSERT',7),(62,'countries','2010-06-09 10:15:05',NULL,'edu',NULL,'[Ecuador, Venezuela, Brasil, Colombia, Chile, Argentina]',NULL,'2010-06-09 10:15:05','com.vitaflo.innova.User','UPDATE',7),(63,'authorities','2010-06-09 10:15:05',NULL,'edu',NULL,'[ROLE_ACCOUNTANT]',NULL,'2010-06-09 10:15:05','com.vitaflo.innova.User','UPDATE',7),(64,'people','2010-06-09 10:15:05','[]','edu',NULL,'[account]',NULL,'2010-06-09 10:15:05','com.vitaflo.innova.Role','UPDATE',4),(65,NULL,'2010-06-10 09:32:11',NULL,'vicky',NULL,NULL,NULL,'2010-06-10 09:32:11','com.vitaflo.innova.Proforma','INSERT',538),(66,NULL,'2010-06-10 10:58:42',NULL,'vicky',NULL,NULL,NULL,'2010-06-10 10:58:42','com.vitaflo.innova.Proforma','INSERT',539),(67,NULL,'2010-06-14 16:02:37',NULL,'vicky',NULL,NULL,NULL,'2010-06-14 16:02:37','com.vitaflo.innova.Proforma','INSERT',541),(68,'client','2010-06-14 16:02:37','Biofar','vicky',NULL,'Libra',NULL,'2010-06-14 16:02:37','com.vitaflo.innova.Patient','UPDATE',21),(69,'status','2010-06-16 12:42:20','Creada','horacio',NULL,'Aprobada',NULL,'2010-06-16 12:42:20','com.vitaflo.innova.Proforma','UPDATE',537),(70,'status','2010-06-16 12:42:47','Creada','horacio',NULL,'Aprobada',NULL,'2010-06-16 12:42:47','com.vitaflo.innova.Proforma','UPDATE',514),(71,NULL,'2010-06-16 12:43:34',NULL,'horacio',NULL,NULL,NULL,'2010-06-16 12:43:34','com.vitaflo.innova.Invoice','INSERT',141),(72,NULL,'2010-06-16 12:44:01',NULL,'horacio',NULL,NULL,NULL,'2010-06-16 12:44:01','com.vitaflo.innova.Invoice','INSERT',142),(73,'patient','2010-06-17 10:42:27','Stodola, Antonia','vicky',NULL,'Stodola, Antonia',NULL,'2010-06-17 10:42:27','com.vitaflo.innova.Proforma','UPDATE',543),(74,'deliveryDate','2010-06-17 10:42:27','2010-07-16 00:00:00.0','vicky',NULL,'Sat Jul 17 00:00:00 ART 2010',NULL,'2010-06-17 10:42:27','com.vitaflo.innova.Proforma','UPDATE',543),(75,NULL,'2010-06-17 10:57:38',NULL,'horacio',NULL,NULL,NULL,'2010-06-17 10:57:38','com.vitaflo.innova.User','INSERT',8),(76,'countries','2010-06-17 10:57:39',NULL,'horacio',NULL,'[Bolivia, Colombia, Brasil, Argentina, Uruguay, Ecuador, Venezuela, Chile, Peru, Mexico]',NULL,'2010-06-17 10:57:39','com.vitaflo.innova.User','UPDATE',8),(77,'authorities','2010-06-17 10:57:39',NULL,'horacio',NULL,'[ROLE_USER]',NULL,'2010-06-17 10:57:39','com.vitaflo.innova.User','UPDATE',8),(78,'status','2010-06-22 11:29:25','Creada','horacio',NULL,'Aprobada',NULL,'2010-06-22 11:29:25','com.vitaflo.innova.Proforma','UPDATE',490),(79,NULL,'2010-06-22 11:30:00',NULL,'horacio',NULL,NULL,NULL,'2010-06-22 11:30:00','com.vitaflo.innova.Invoice','INSERT',143),(80,NULL,'2010-06-22 11:30:32',NULL,'horacio',NULL,NULL,NULL,'2010-06-22 11:30:32','com.vitaflo.innova.Invoice','INSERT',144),(81,NULL,'2010-06-22 14:14:06',NULL,'vicky',NULL,NULL,NULL,'2010-06-22 14:14:06','com.vitaflo.innova.Proforma','INSERT',544),(82,NULL,'2010-06-28 13:43:16',NULL,'vicky',NULL,NULL,NULL,'2010-06-28 13:43:16','com.vitaflo.innova.Proforma','INSERT',546),(83,'status','2010-06-30 10:39:33','Creada','horacio',NULL,'Aprobada',NULL,'2010-06-30 10:39:33','com.vitaflo.innova.Proforma','UPDATE',438),(84,'status','2010-06-30 10:40:09','Creada','horacio',NULL,'Aprobada',NULL,'2010-06-30 10:40:09','com.vitaflo.innova.Proforma','UPDATE',539),(85,'status','2010-06-30 10:40:26','Creada','horacio',NULL,'Aprobada',NULL,'2010-06-30 10:40:26','com.vitaflo.innova.Proforma','UPDATE',532),(86,NULL,'2010-07-02 12:22:44',NULL,'edu',NULL,NULL,NULL,'2010-07-02 12:22:44','com.vitaflo.innova.Proforma','INSERT',549),(87,'client','2010-07-06 10:53:05','Farmacia Rex','vicky',NULL,'Biofarma S.R.L',NULL,'2010-07-06 10:53:05','com.vitaflo.innova.Patient','UPDATE',21),(88,'status','2010-07-06 10:56:39','Creada','horacio',NULL,'Aprobada',NULL,'2010-07-06 10:56:39','com.vitaflo.innova.Proforma','UPDATE',520),(89,'status','2010-07-06 10:57:01','Creada','horacio',NULL,'Aprobada',NULL,'2010-07-06 10:57:01','com.vitaflo.innova.Proforma','UPDATE',543),(90,'status','2010-07-06 10:57:19','Creada','horacio',NULL,'Aprobada',NULL,'2010-07-06 10:57:19','com.vitaflo.innova.Proforma','UPDATE',542),(91,NULL,'2010-07-06 10:58:41',NULL,'horacio',NULL,NULL,NULL,'2010-07-06 10:58:41','com.vitaflo.innova.Invoice','INSERT',145),(92,NULL,'2010-07-06 10:59:17',NULL,'horacio',NULL,NULL,NULL,'2010-07-06 10:59:17','com.vitaflo.innova.Invoice','INSERT',146),(93,NULL,'2010-07-06 11:00:06',NULL,'horacio',NULL,NULL,NULL,'2010-07-06 11:00:06','com.vitaflo.innova.Invoice','INSERT',147),(94,NULL,'2010-07-06 11:00:38',NULL,'horacio',NULL,NULL,NULL,'2010-07-06 11:00:38','com.vitaflo.innova.Invoice','INSERT',148),(95,NULL,'2010-07-06 11:01:34',NULL,'horacio',NULL,NULL,NULL,'2010-07-06 11:01:34','com.vitaflo.innova.Invoice','INSERT',149),(96,NULL,'2010-07-06 11:02:18',NULL,'horacio',NULL,NULL,NULL,'2010-07-06 11:02:18','com.vitaflo.innova.Invoice','INSERT',150),(97,NULL,'2010-07-06 12:14:37',NULL,'vicky',NULL,NULL,NULL,'2010-07-06 12:14:37','com.vitaflo.innova.Proforma','INSERT',551),(98,'client','2010-07-08 12:04:13','Biofarma S.R.L','vicky',NULL,'Hospital Garrahan',NULL,'2010-07-08 12:04:13','com.vitaflo.innova.Patient','UPDATE',21),(99,'client','2010-07-12 09:02:44','Hospital Garrahan','vicky',NULL,'Biofar',NULL,'2010-07-12 09:02:44','com.vitaflo.innova.Patient','UPDATE',21),(100,NULL,'2010-07-12 16:20:22',NULL,'vicky',NULL,NULL,NULL,'2010-07-12 16:20:22','com.vitaflo.innova.Proforma','INSERT',554),(101,'client','2010-07-12 16:20:22','Oseam','vicky',NULL,'Principal Plan',NULL,'2010-07-12 16:20:22','com.vitaflo.innova.Patient','UPDATE',49),(102,'status','2010-07-13 09:37:59','Creada','horacio',NULL,'Aprobada',NULL,'2010-07-13 09:37:59','com.vitaflo.innova.Proforma','UPDATE',538),(103,NULL,'2010-07-13 09:38:46',NULL,'horacio',NULL,NULL,NULL,'2010-07-13 09:38:46','com.vitaflo.innova.Invoice','INSERT',151),(104,NULL,'2010-07-15 11:21:38',NULL,'vicky',NULL,NULL,NULL,'2010-07-15 11:21:38','com.vitaflo.innova.Proforma','INSERT',556),(105,NULL,'2010-07-15 14:56:34',NULL,'vicky',NULL,NULL,NULL,'2010-07-15 14:56:34','com.vitaflo.innova.Proforma','INSERT',557),(106,NULL,'2010-07-15 15:35:52',NULL,'horacio',NULL,NULL,NULL,'2010-07-15 15:35:52','com.vitaflo.innova.User','INSERT',10),(107,'countries','2010-07-15 15:35:52',NULL,'horacio',NULL,'[Chile]',NULL,'2010-07-15 15:35:52','com.vitaflo.innova.User','UPDATE',10),(108,'authorities','2010-07-15 15:35:52',NULL,'horacio',NULL,'[ROLE_USER]',NULL,'2010-07-15 15:35:52','com.vitaflo.innova.User','UPDATE',10),(109,NULL,'2010-07-15 15:36:42',NULL,'horacio',NULL,NULL,NULL,'2010-07-15 15:36:42','com.vitaflo.innova.User','INSERT',11),(110,'countries','2010-07-15 15:36:42',NULL,'horacio',NULL,'[Colombia]',NULL,'2010-07-15 15:36:42','com.vitaflo.innova.User','UPDATE',11),(111,'authorities','2010-07-15 15:36:42',NULL,'horacio',NULL,'[ROLE_USER]',NULL,'2010-07-15 15:36:42','com.vitaflo.innova.User','UPDATE',11),(112,NULL,'2010-07-19 10:16:24',NULL,'vicky',NULL,NULL,NULL,'2010-07-19 10:16:24','com.vitaflo.innova.Proforma','INSERT',558),(113,'client','2010-07-19 10:16:25','Principal Plan','vicky',NULL,'Oseam',NULL,'2010-07-19 10:16:25','com.vitaflo.innova.Patient','UPDATE',49),(114,'status','2010-07-21 11:21:11','Creada','horacio',NULL,'Aprobada',NULL,'2010-07-21 11:21:11','com.vitaflo.innova.Proforma','UPDATE',536),(115,'status','2010-07-21 11:21:23','Creada','horacio',NULL,'Aprobada',NULL,'2010-07-21 11:21:23','com.vitaflo.innova.Proforma','UPDATE',528),(116,'status','2010-07-21 11:21:33','Creada','horacio',NULL,'Aprobada',NULL,'2010-07-21 11:21:33','com.vitaflo.innova.Proforma','UPDATE',533),(117,'status','2010-07-21 11:21:46','Aprobada','horacio',NULL,'Creada',NULL,'2010-07-21 11:21:46','com.vitaflo.innova.Proforma','UPDATE',533),(118,'status','2010-07-21 11:22:01','Creada','horacio',NULL,'Aprobada',NULL,'2010-07-21 11:22:01','com.vitaflo.innova.Proforma','UPDATE',553),(119,'status','2010-07-21 11:22:08','Creada','horacio',NULL,'Aprobada',NULL,'2010-07-21 11:22:08','com.vitaflo.innova.Proforma','UPDATE',558),(120,NULL,'2010-07-21 11:25:12',NULL,'horacio',NULL,NULL,NULL,'2010-07-21 11:25:12','com.vitaflo.innova.Invoice','INSERT',152),(121,NULL,'2010-07-21 11:25:51',NULL,'horacio',NULL,NULL,NULL,'2010-07-21 11:25:51','com.vitaflo.innova.Invoice','INSERT',153),(122,NULL,'2010-07-21 11:26:16',NULL,'horacio',NULL,NULL,NULL,'2010-07-21 11:26:16','com.vitaflo.innova.Invoice','INSERT',154),(123,NULL,'2010-07-21 11:26:39',NULL,'horacio',NULL,NULL,NULL,'2010-07-21 11:26:39','com.vitaflo.innova.Invoice','INSERT',155),(124,NULL,'2010-07-22 12:18:45',NULL,'vicky',NULL,NULL,NULL,'2010-07-22 12:18:45','com.vitaflo.innova.Client','INSERT',96),(125,NULL,'2010-07-22 12:20:12',NULL,'vicky',NULL,NULL,NULL,'2010-07-22 12:20:12','com.vitaflo.innova.Proforma','INSERT',560),(126,'client','2010-07-22 12:20:13','Biofar','vicky',NULL,'Clínica Trinidad San Isidro',NULL,'2010-07-22 12:20:13','com.vitaflo.innova.Patient','UPDATE',21),(127,NULL,'2010-07-22 15:57:21',NULL,'vicky',NULL,NULL,0,'2010-07-22 15:57:21','com.vitaflo.innova.Proforma','DELETE',560),(128,NULL,'2010-07-22 15:59:42',NULL,'vicky',NULL,NULL,NULL,'2010-07-22 15:59:42','com.vitaflo.innova.Proforma','INSERT',561),(129,'client','2010-07-25 15:44:04','Andres Montan','correa',NULL,'Andres Montan',NULL,'2010-07-25 15:44:04','com.vitaflo.innova.Patient','UPDATE',74),(130,'pathology','2010-07-25 15:44:04','Tirosinemia','correa',NULL,'Tirosinemia TIPO I',NULL,'2010-07-25 15:44:04','com.vitaflo.innova.Patient','UPDATE',74),(131,'physician','2010-07-25 15:44:04','Rain Man Erna','correa',NULL,'Raimann Erna',NULL,'2010-07-25 15:44:04','com.vitaflo.innova.Patient','UPDATE',74),(132,'dose','2010-07-25 15:44:05','30.0','correa',NULL,'40.0',NULL,'2010-07-25 15:44:05','com.vitaflo.innova.Patient','UPDATE',74),(133,'country','2010-07-25 15:44:05','Chile','correa',NULL,'Chile',NULL,'2010-07-25 15:44:05','com.vitaflo.innova.Patient','UPDATE',74),(134,'doseUnit','2010-07-25 15:44:05',NULL,'correa',NULL,'mg',NULL,'2010-07-25 15:44:05','com.vitaflo.innova.Patient','UPDATE',74),(135,'clinicalStatus','2010-07-25 15:44:05',NULL,'correa',NULL,'WELL',NULL,'2010-07-25 15:44:05','com.vitaflo.innova.Patient','UPDATE',74),(136,'client','2010-07-25 15:47:04','Andres Montan','correa',NULL,'Andres Montan',NULL,'2010-07-25 15:47:04','com.vitaflo.innova.Patient','UPDATE',74),(137,'country','2010-07-25 15:47:04','Chile','correa',NULL,'Chile',NULL,'2010-07-25 15:47:04','com.vitaflo.innova.Patient','UPDATE',74),(138,'clinicalHistory','2010-07-25 15:47:04',NULL,'correa',NULL,'Pac Fem - Started NTBC 12/04/1996 -',NULL,'2010-07-25 15:47:04','com.vitaflo.innova.Patient','UPDATE',74),(139,'adverseEvent','2010-07-25 15:47:04',NULL,'correa',NULL,'No',NULL,'2010-07-25 15:47:04','com.vitaflo.innova.Patient','UPDATE',74),(140,'birth','2010-07-25 15:52:12','2003-01-21 00:00:00.0','correa',NULL,'Wed Jan 16 00:00:00 ART 2002',NULL,'2010-07-25 15:52:12','com.vitaflo.innova.Patient','UPDATE',85),(141,'client','2010-07-25 15:52:12','Andres Montan','correa',NULL,'Andres Montan',NULL,'2010-07-25 15:52:12','com.vitaflo.innova.Patient','UPDATE',85),(142,'physician','2010-07-25 15:52:12',NULL,'correa',NULL,'Erna Raimann',NULL,'2010-07-25 15:52:12','com.vitaflo.innova.Patient','UPDATE',85),(143,'dose','2010-07-25 15:52:12',NULL,'correa',NULL,'40.0',NULL,'2010-07-25 15:52:12','com.vitaflo.innova.Patient','UPDATE',85),(144,'initials','2010-07-25 15:52:12','JAC','correa',NULL,'YAC',NULL,'2010-07-25 15:52:12','com.vitaflo.innova.Patient','UPDATE',85),(145,'firstName','2010-07-25 15:52:12','Jordán','correa',NULL,'Jord&aacute;n',NULL,'2010-07-25 15:52:12','com.vitaflo.innova.Patient','UPDATE',85),(146,'lastName','2010-07-25 15:52:12','Alegría Cepeda','correa',NULL,'Alegr&iacute;a Cepeda',NULL,'2010-07-25 15:52:12','com.vitaflo.innova.Patient','UPDATE',85),(147,'country','2010-07-25 15:52:12','Chile','correa',NULL,'Chile',NULL,'2010-07-25 15:52:12','com.vitaflo.innova.Patient','UPDATE',85),(148,'doseUnit','2010-07-25 15:52:12',NULL,'correa',NULL,'mg',NULL,'2010-07-25 15:52:12','com.vitaflo.innova.Patient','UPDATE',85),(149,'clinicalStatus','2010-07-25 15:52:12',NULL,'correa',NULL,'WELL',NULL,'2010-07-25 15:52:12','com.vitaflo.innova.Patient','UPDATE',85),(150,'clinicalHistory','2010-07-25 15:52:12',NULL,'correa',NULL,'Pac Male- Started NTBC 19/4/2002 -',NULL,'2010-07-25 15:52:12','com.vitaflo.innova.Patient','UPDATE',85),(151,'adverseEvent','2010-07-25 15:52:12',NULL,'correa',NULL,'NO',NULL,'2010-07-25 15:52:12','com.vitaflo.innova.Patient','UPDATE',85),(152,'client','2010-07-25 15:56:40','Andres Montan','correa',NULL,'Andres Montan',NULL,'2010-07-25 15:56:40','com.vitaflo.innova.Patient','UPDATE',68),(153,'physician','2010-07-25 15:56:40','Rain Man Erna','correa',NULL,'Erna Raimann',NULL,'2010-07-25 15:56:40','com.vitaflo.innova.Patient','UPDATE',68),(154,'country','2010-07-25 15:56:40','Chile','correa',NULL,'Chile',NULL,'2010-07-25 15:56:40','com.vitaflo.innova.Patient','UPDATE',68),(155,'doseUnit','2010-07-25 15:56:40',NULL,'correa',NULL,'mg',NULL,'2010-07-25 15:56:40','com.vitaflo.innova.Patient','UPDATE',68),(156,'clinicalStatus','2010-07-25 15:56:41',NULL,'correa',NULL,'WELL',NULL,'2010-07-25 15:56:41','com.vitaflo.innova.Patient','UPDATE',68),(157,'clinicalHistory','2010-07-25 15:56:41',NULL,'correa',NULL,'Male pat - Started NTBC 30/10/2002 -',NULL,'2010-07-25 15:56:41','com.vitaflo.innova.Patient','UPDATE',68),(158,'client','2010-07-25 15:59:27','Andres Montan','correa',NULL,'Andres Montan',NULL,'2010-07-25 15:59:27','com.vitaflo.innova.Patient','UPDATE',75),(159,'physician','2010-07-25 15:59:27','Rain Man Erna','correa',NULL,'Erna Raimann',NULL,'2010-07-25 15:59:27','com.vitaflo.innova.Patient','UPDATE',75),(160,'dose','2010-07-25 15:59:27','10.0','correa',NULL,'20.0',NULL,'2010-07-25 15:59:27','com.vitaflo.innova.Patient','UPDATE',75),(161,'initials','2010-07-25 15:59:27','VH','correa',NULL,'VHF o VHJ',NULL,'2010-07-25 15:59:27','com.vitaflo.innova.Patient','UPDATE',75),(162,'country','2010-07-25 15:59:27','Chile','correa',NULL,'Chile',NULL,'2010-07-25 15:59:27','com.vitaflo.innova.Patient','UPDATE',75),(163,'doseUnit','2010-07-25 15:59:27',NULL,'correa',NULL,'mg',NULL,'2010-07-25 15:59:27','com.vitaflo.innova.Patient','UPDATE',75),(164,'clinicalStatus','2010-07-25 15:59:27',NULL,'correa',NULL,'WELL',NULL,'2010-07-25 15:59:27','com.vitaflo.innova.Patient','UPDATE',75),(165,'clinicalHistory','2010-07-25 15:59:27',NULL,'correa',NULL,'Pat Fem - Started NTBC 13/05/2004',NULL,'2010-07-25 15:59:27','com.vitaflo.innova.Patient','UPDATE',75),(166,'birth','2010-07-25 16:01:43','2004-01-21 00:00:00.0','correa',NULL,'Tue Oct 14 00:00:00 ART 2003',NULL,'2010-07-25 16:01:43','com.vitaflo.innova.Patient','UPDATE',84),(167,'client','2010-07-25 16:01:43','Andres Montan','correa',NULL,'Andres Montan',NULL,'2010-07-25 16:01:43','com.vitaflo.innova.Patient','UPDATE',84),(168,'physician','2010-07-25 16:01:43',NULL,'correa',NULL,'Erna Raimann',NULL,'2010-07-25 16:01:43','com.vitaflo.innova.Patient','UPDATE',84),(169,'dose','2010-07-25 16:01:43',NULL,'correa',NULL,'20.0',NULL,'2010-07-25 16:01:43','com.vitaflo.innova.Patient','UPDATE',84),(170,'initials','2010-07-25 16:01:43','MAMJ','correa',NULL,'MMJ',NULL,'2010-07-25 16:01:43','com.vitaflo.innova.Patient','UPDATE',84),(171,'firstName','2010-07-25 16:01:43','Miguel &Aacute;ngel','correa',NULL,'Miguel &amp;Aacute;ngel',NULL,'2010-07-25 16:01:43','com.vitaflo.innova.Patient','UPDATE',84),(172,'country','2010-07-25 16:01:43','Chile','correa',NULL,'Chile',NULL,'2010-07-25 16:01:43','com.vitaflo.innova.Patient','UPDATE',84),(173,'doseUnit','2010-07-25 16:01:43',NULL,'correa',NULL,'mg',NULL,'2010-07-25 16:01:43','com.vitaflo.innova.Patient','UPDATE',84),(174,'clinicalStatus','2010-07-25 16:01:43',NULL,'correa',NULL,'WELL',NULL,'2010-07-25 16:01:43','com.vitaflo.innova.Patient','UPDATE',84),(175,'clinicalHistory','2010-07-25 16:01:43',NULL,'correa',NULL,'male pat - Started NTBC 08/03/2004-',NULL,'2010-07-25 16:01:43','com.vitaflo.innova.Patient','UPDATE',84),(176,'adverseEvent','2010-07-25 16:01:43',NULL,'correa',NULL,'NO',NULL,'2010-07-25 16:01:43','com.vitaflo.innova.Patient','UPDATE',84),(177,'birth','2010-07-25 16:03:32','2004-01-21 00:00:00.0','correa',NULL,'Tue Oct 21 00:00:00 ART 2003',NULL,'2010-07-25 16:03:32','com.vitaflo.innova.Patient','UPDATE',79),(178,'client','2010-07-25 16:03:32','Andres Montan','correa',NULL,'Andres Montan',NULL,'2010-07-25 16:03:32','com.vitaflo.innova.Patient','UPDATE',79),(179,'physician','2010-07-25 16:03:32',NULL,'correa',NULL,'Erna Raimann',NULL,'2010-07-25 16:03:32','com.vitaflo.innova.Patient','UPDATE',79),(180,'firstName','2010-07-25 16:03:32','Damián','correa',NULL,'Dami&aacute;n',NULL,'2010-07-25 16:03:32','com.vitaflo.innova.Patient','UPDATE',79),(181,'country','2010-07-25 16:03:32','Chile','correa',NULL,'Chile',NULL,'2010-07-25 16:03:32','com.vitaflo.innova.Patient','UPDATE',79),(182,'clinicalStatus','2010-07-25 16:03:32',NULL,'correa',NULL,'WELL',NULL,'2010-07-25 16:03:32','com.vitaflo.innova.Patient','UPDATE',79),(183,'clinicalHistory','2010-07-25 16:03:32',NULL,'correa',NULL,'Male pat - Started NTBC 10/06/2004 -',NULL,'2010-07-25 16:03:32','com.vitaflo.innova.Patient','UPDATE',79),(184,'adverseEvent','2010-07-25 16:03:32',NULL,'correa',NULL,'NO',NULL,'2010-07-25 16:03:32','com.vitaflo.innova.Patient','UPDATE',79),(185,'client','2010-07-25 16:04:00','Andres Montan','correa',NULL,'Andres Montan',NULL,'2010-07-25 16:04:00','com.vitaflo.innova.Patient','UPDATE',79),(186,'dose','2010-07-25 16:04:00',NULL,'correa',NULL,'20.0',NULL,'2010-07-25 16:04:00','com.vitaflo.innova.Patient','UPDATE',79),(187,'firstName','2010-07-25 16:04:00','Dami&aacute;n','correa',NULL,'Dami&amp;aacute;n',NULL,'2010-07-25 16:04:00','com.vitaflo.innova.Patient','UPDATE',79),(188,'country','2010-07-25 16:04:00','Chile','correa',NULL,'Chile',NULL,'2010-07-25 16:04:00','com.vitaflo.innova.Patient','UPDATE',79),(189,'doseUnit','2010-07-25 16:04:00',NULL,'correa',NULL,'mg',NULL,'2010-07-25 16:04:00','com.vitaflo.innova.Patient','UPDATE',79),(190,'birth','2010-07-25 16:07:06','2005-01-21 00:00:00.0','correa',NULL,'Mon Jul 04 00:00:00 ART 2005',NULL,'2010-07-25 16:07:06','com.vitaflo.innova.Patient','UPDATE',86),(191,'client','2010-07-25 16:07:06','Andres Montan','correa',NULL,'Andres Montan',NULL,'2010-07-25 16:07:06','com.vitaflo.innova.Patient','UPDATE',86),(192,'physician','2010-07-25 16:07:06',NULL,'correa',NULL,'Erna Raimann',NULL,'2010-07-25 16:07:06','com.vitaflo.innova.Patient','UPDATE',86),(193,'dose','2010-07-25 16:07:06',NULL,'correa',NULL,'20.0',NULL,'2010-07-25 16:07:06','com.vitaflo.innova.Patient','UPDATE',86),(194,'lastName','2010-07-25 16:07:06','Isla Núñez','correa',NULL,'Isla N&uacute;&ntilde;ez',NULL,'2010-07-25 16:07:06','com.vitaflo.innova.Patient','UPDATE',86),(195,'country','2010-07-25 16:07:06','Chile','correa',NULL,'Chile',NULL,'2010-07-25 16:07:06','com.vitaflo.innova.Patient','UPDATE',86),(196,'doseUnit','2010-07-25 16:07:06',NULL,'correa',NULL,'mg',NULL,'2010-07-25 16:07:06','com.vitaflo.innova.Patient','UPDATE',86),(197,'clinicalStatus','2010-07-25 16:07:06',NULL,'correa',NULL,'WELL',NULL,'2010-07-25 16:07:06','com.vitaflo.innova.Patient','UPDATE',86),(198,'clinicalHistory','2010-07-25 16:07:06',NULL,'correa',NULL,'Fem pat - Started NTBC Oct 13 2005 -',NULL,'2010-07-25 16:07:06','com.vitaflo.innova.Patient','UPDATE',86),(199,'adverseEvent','2010-07-25 16:07:06',NULL,'correa',NULL,'NO',NULL,'2010-07-25 16:07:06','com.vitaflo.innova.Patient','UPDATE',86),(200,'birth','2010-07-25 16:11:22','2006-01-21 00:00:00.0','correa',NULL,'Thu May 25 00:00:00 ART 2006',NULL,'2010-07-25 16:11:22','com.vitaflo.innova.Patient','UPDATE',81),(201,'client','2010-07-25 16:11:22','Andres Montan','correa',NULL,'Andres Montan',NULL,'2010-07-25 16:11:22','com.vitaflo.innova.Patient','UPDATE',81),(202,'physician','2010-07-25 16:11:22',NULL,'correa',NULL,'Erna Raimann',NULL,'2010-07-25 16:11:22','com.vitaflo.innova.Patient','UPDATE',81),(203,'dose','2010-07-25 16:11:22',NULL,'correa',NULL,'20.0',NULL,'2010-07-25 16:11:22','com.vitaflo.innova.Patient','UPDATE',81),(204,'country','2010-07-25 16:11:22','Chile','correa',NULL,'Chile',NULL,'2010-07-25 16:11:22','com.vitaflo.innova.Patient','UPDATE',81),(205,'doseUnit','2010-07-25 16:11:22',NULL,'correa',NULL,'mg',NULL,'2010-07-25 16:11:22','com.vitaflo.innova.Patient','UPDATE',81),(206,'clinicalStatus','2010-07-25 16:11:22',NULL,'correa',NULL,'WELL',NULL,'2010-07-25 16:11:22','com.vitaflo.innova.Patient','UPDATE',81),(207,'clinicalHistory','2010-07-25 16:11:22',NULL,'correa',NULL,'Male pat - Started NTBC Aug 10 2006 -',NULL,'2010-07-25 16:11:22','com.vitaflo.innova.Patient','UPDATE',81),(208,'adverseEvent','2010-07-25 16:11:22',NULL,'correa',NULL,'NO',NULL,'2010-07-25 16:11:22','com.vitaflo.innova.Patient','UPDATE',81),(209,'birth','2010-07-25 16:13:03','2008-01-21 00:00:00.0','correa',NULL,'Wed Mar 12 00:00:00 ARST 2008',NULL,'2010-07-25 16:13:03','com.vitaflo.innova.Patient','UPDATE',82),(210,'client','2010-07-25 16:13:03','Andres Montan','correa',NULL,'Andres Montan',NULL,'2010-07-25 16:13:03','com.vitaflo.innova.Patient','UPDATE',82),(211,'physician','2010-07-25 16:13:03',NULL,'correa',NULL,'Erna Raimann',NULL,'2010-07-25 16:13:03','com.vitaflo.innova.Patient','UPDATE',82),(212,'dose','2010-07-25 16:13:03',NULL,'correa',NULL,'7.0',NULL,'2010-07-25 16:13:03','com.vitaflo.innova.Patient','UPDATE',82),(213,'lastName','2010-07-25 16:13:03','Ram&iacute;rez Valle','correa',NULL,'Ram&amp;iacute;rez Valle',NULL,'2010-07-25 16:13:03','com.vitaflo.innova.Patient','UPDATE',82),(214,'country','2010-07-25 16:13:03','Chile','correa',NULL,'Chile',NULL,'2010-07-25 16:13:03','com.vitaflo.innova.Patient','UPDATE',82),(215,'doseUnit','2010-07-25 16:13:03',NULL,'correa',NULL,'mg',NULL,'2010-07-25 16:13:03','com.vitaflo.innova.Patient','UPDATE',82),(216,'clinicalStatus','2010-07-25 16:13:03',NULL,'correa',NULL,'WELL',NULL,'2010-07-25 16:13:03','com.vitaflo.innova.Patient','UPDATE',82),(217,'clinicalHistory','2010-07-25 16:13:03',NULL,'correa',NULL,'Fem Pat - Started NTBC Sept 24 2009 -',NULL,'2010-07-25 16:13:03','com.vitaflo.innova.Patient','UPDATE',82),(218,NULL,'2010-07-25 16:17:14',NULL,'correa',NULL,NULL,NULL,'2010-07-25 16:17:14','com.vitaflo.innova.Patient','INSERT',88),(219,NULL,'2010-07-25 16:19:32',NULL,'correa',NULL,NULL,NULL,'2010-07-25 16:19:32','com.vitaflo.innova.Patient','INSERT',89),(220,NULL,'2010-07-27 14:09:17',NULL,'horacio',NULL,NULL,NULL,'2010-07-27 14:09:17','com.vitaflo.innova.Invoice','INSERT',156),(221,NULL,'2010-07-27 14:56:54',NULL,'vicky',NULL,NULL,NULL,'2010-07-27 14:56:54','com.vitaflo.innova.Proforma','INSERT',562),(222,NULL,'2010-07-27 17:00:19',NULL,'edu',NULL,NULL,NULL,'2010-07-27 17:00:19','com.vitaflo.innova.Proforma','INSERT',563),(223,'status','2010-07-29 11:29:16','Creada','horacio',NULL,'Aprobada',NULL,'2010-07-29 11:29:16','com.vitaflo.innova.Proforma','UPDATE',552),(224,NULL,'2010-07-29 11:30:00',NULL,'horacio',NULL,NULL,NULL,'2010-07-29 11:30:00','com.vitaflo.innova.Invoice','INSERT',157),(225,NULL,'2010-07-29 12:16:39',NULL,'vicky',NULL,NULL,NULL,'2010-07-29 12:16:39','com.vitaflo.innova.Proforma','INSERT',565),(226,NULL,'2010-07-29 14:13:32',NULL,'vicky',NULL,NULL,NULL,'2010-07-29 14:13:32','com.vitaflo.innova.Proforma','INSERT',566),(227,NULL,'2010-07-29 14:17:30',NULL,'vicky',NULL,NULL,NULL,'2010-07-29 14:17:30','com.vitaflo.innova.Proforma','INSERT',567),(228,'client','2010-07-29 14:17:30','Farmacia Rex','vicky',NULL,'Secretarí­a de Salud de la prov de Chubut',NULL,'2010-07-29 14:17:30','com.vitaflo.innova.Patient','UPDATE',53),(229,'client','2010-08-02 10:49:43','Obra Social Poder Judicial de la Nación','vicky',NULL,'Obra Social Poder Judicial de la Nación',NULL,'2010-08-02 10:49:43','com.vitaflo.innova.Patient','UPDATE',87),(230,'country','2010-08-02 10:49:43','Argentina','vicky',NULL,'Argentina',NULL,'2010-08-02 10:49:43','com.vitaflo.innova.Patient','UPDATE',87),(231,'clinicalStatus','2010-08-02 10:49:43',NULL,'vicky',NULL,'bueno',NULL,'2010-08-02 10:49:43','com.vitaflo.innova.Patient','UPDATE',87),(232,NULL,'2010-08-02 11:03:42',NULL,'vicky',NULL,NULL,NULL,'2010-08-02 11:03:42','com.vitaflo.innova.Patient','INSERT',90),(233,NULL,'2010-08-02 11:31:09',NULL,'vicky',NULL,NULL,NULL,'2010-08-02 11:31:09','com.vitaflo.innova.Proforma','INSERT',569),(234,NULL,'2010-08-02 14:25:22',NULL,'vicky',NULL,NULL,NULL,'2010-08-02 14:25:22','com.vitaflo.innova.Proforma','INSERT',570),(235,NULL,'2010-08-02 14:51:24',NULL,'vicky',NULL,NULL,0,'2010-08-02 14:51:24','com.vitaflo.innova.Proforma','DELETE',568),(236,NULL,'2010-08-02 14:52:25',NULL,'vicky',NULL,NULL,NULL,'2010-08-02 14:52:25','com.vitaflo.innova.Proforma','INSERT',571),(237,NULL,'2010-08-02 15:31:57',NULL,'vicky',NULL,NULL,NULL,'2010-08-02 15:31:57','com.vitaflo.innova.Patient','INSERT',91),(238,NULL,'2010-08-02 16:19:04',NULL,'vicky',NULL,NULL,NULL,'2010-08-02 16:19:04','com.vitaflo.innova.Proforma','INSERT',572),(239,'supplier','2010-08-03 17:36:55','ORPHAN','edu',NULL,'ORPHAN',NULL,'2010-08-03 17:36:55','com.vitaflo.innova.Product','UPDATE',3),(240,'drug','2010-08-03 17:36:55','Orphadin','edu',NULL,'Orphadin',NULL,'2010-08-03 17:36:55','com.vitaflo.innova.Product','UPDATE',3),(241,'client','2010-08-03 17:37:44','Sin Obra Social','edu',NULL,'Sin Obra Social',NULL,'2010-08-03 17:37:44','com.vitaflo.innova.Proforma','UPDATE',573),(242,'patient','2010-08-03 17:37:44','Marinho Gomes, Gabriel','edu',NULL,'Marinho Gomes, Gabriel',NULL,'2010-08-03 17:37:44','com.vitaflo.innova.Proforma','UPDATE',573),(243,'client','2010-08-03 18:14:39','Cassia Sana','horacio',NULL,'Cassia Sana',NULL,'2010-08-03 18:14:39','com.vitaflo.innova.Patient','UPDATE',16),(244,'dose','2010-08-03 18:14:39','24.0','horacio',NULL,'75.0',NULL,'2010-08-03 18:14:39','com.vitaflo.innova.Patient','UPDATE',16),(245,'country','2010-08-03 18:14:39','Brasil','horacio',NULL,'Brasil',NULL,'2010-08-03 18:14:39','com.vitaflo.innova.Patient','UPDATE',16),(246,'doseUnit','2010-08-03 18:14:39',NULL,'horacio',NULL,'mg',NULL,'2010-08-03 18:14:39','com.vitaflo.innova.Patient','UPDATE',16),(247,'clinicalHistory','2010-08-03 18:14:39',NULL,'horacio',NULL,'Start date 10/07/2002',NULL,'2010-08-03 18:14:39','com.vitaflo.innova.Patient','UPDATE',16),(248,'client','2010-08-03 18:14:57','Cassia Sana','horacio',NULL,'Cassia Sana',NULL,'2010-08-03 18:14:57','com.vitaflo.innova.Patient','UPDATE',16),(249,'dose','2010-08-03 18:14:57','75.0','horacio',NULL,'7.5',NULL,'2010-08-03 18:14:57','com.vitaflo.innova.Patient','UPDATE',16),(250,'country','2010-08-03 18:14:57','Brasil','horacio',NULL,'Brasil',NULL,'2010-08-03 18:14:57','com.vitaflo.innova.Patient','UPDATE',16),(251,'client','2010-08-03 18:16:50','Sin Obra Social','horacio',NULL,'Sin Obra Social',NULL,'2010-08-03 18:16:50','com.vitaflo.innova.Patient','UPDATE',64),(252,'initials','2010-08-03 18:16:50','VP','horacio',NULL,'VGPF',NULL,'2010-08-03 18:16:50','com.vitaflo.innova.Patient','UPDATE',64),(253,'firstName','2010-08-03 18:16:50','Vit&oacute;ria Gabriela','horacio',NULL,'Vit&amp;oacute;ria Gabriela',NULL,'2010-08-03 18:16:50','com.vitaflo.innova.Patient','UPDATE',64),(254,'lastName','2010-08-03 18:16:50','Portes de Fran&ccedil;a','horacio',NULL,'Portes de Fran&amp;ccedil;a',NULL,'2010-08-03 18:16:50','com.vitaflo.innova.Patient','UPDATE',64),(255,'country','2010-08-03 18:16:50','Brasil','horacio',NULL,'Brasil',NULL,'2010-08-03 18:16:50','com.vitaflo.innova.Patient','UPDATE',64),(256,'clinicalHistory','2010-08-03 18:16:50',NULL,'horacio',NULL,'Start date 29/09/2003',NULL,'2010-08-03 18:16:50','com.vitaflo.innova.Patient','UPDATE',64),(257,'birth','2010-08-03 18:18:33','2006-03-23 00:00:00.0','horacio',NULL,'Sun Oct 01 00:00:00 ART 2006',NULL,'2010-08-03 18:18:33','com.vitaflo.innova.Patient','UPDATE',29),(258,'client','2010-08-03 18:18:33','Secretaria de Saude de Santa Catarina','horacio',NULL,'Secretaria de Saude de Santa Catarina',NULL,'2010-08-03 18:18:33','com.vitaflo.innova.Patient','UPDATE',29),(259,'dose','2010-08-03 18:18:33','15.0','horacio',NULL,'1.0',NULL,'2010-08-03 18:18:33','com.vitaflo.innova.Patient','UPDATE',29),(260,'country','2010-08-03 18:18:33','Brasil','horacio',NULL,'Brasil',NULL,'2010-08-03 18:18:33','com.vitaflo.innova.Patient','UPDATE',29),(261,'doseUnit','2010-08-03 18:18:33',NULL,'horacio',NULL,'mg',NULL,'2010-08-03 18:18:33','com.vitaflo.innova.Patient','UPDATE',29),(262,'clinicalHistory','2010-08-03 18:18:33',NULL,'horacio',NULL,'Start date 31/01/2007',NULL,'2010-08-03 18:18:33','com.vitaflo.innova.Patient','UPDATE',29),(263,'client','2010-08-03 18:20:28','Sin Obra Social','horacio',NULL,'Sin Obra Social',NULL,'2010-08-03 18:20:28','com.vitaflo.innova.Patient','UPDATE',23),(264,'initials','2010-08-03 18:20:28','GM','horacio',NULL,'GMG',NULL,'2010-08-03 18:20:28','com.vitaflo.innova.Patient','UPDATE',23),(265,'country','2010-08-03 18:20:28','Brasil','horacio',NULL,'Brasil',NULL,'2010-08-03 18:20:28','com.vitaflo.innova.Patient','UPDATE',23),(266,'clinicalHistory','2010-08-03 18:20:28',NULL,'horacio',NULL,'Start date 07/12/2007',NULL,'2010-08-03 18:20:28','com.vitaflo.innova.Patient','UPDATE',23),(267,'client','2010-08-03 18:22:06','Sin Obra Social','horacio',NULL,'Sin Obra Social',NULL,'2010-08-03 18:22:06','com.vitaflo.innova.Patient','UPDATE',63),(268,'dose','2010-08-03 18:22:06','25.0','horacio',NULL,'0.5',NULL,'2010-08-03 18:22:06','com.vitaflo.innova.Patient','UPDATE',63),(269,'initials','2010-08-03 18:22:06','Md','horacio',NULL,'MSO',NULL,'2010-08-03 18:22:06','com.vitaflo.innova.Patient','UPDATE',63),(270,'country','2010-08-03 18:22:06','Brasil','horacio',NULL,'Brasil',NULL,'2010-08-03 18:22:06','com.vitaflo.innova.Patient','UPDATE',63),(271,'doseUnit','2010-08-03 18:22:06',NULL,'horacio',NULL,'mg',NULL,'2010-08-03 18:22:06','com.vitaflo.innova.Patient','UPDATE',63),(272,'clinicalHistory','2010-08-03 18:22:06',NULL,'horacio',NULL,'Start date 10/02/2006',NULL,'2010-08-03 18:22:06','com.vitaflo.innova.Patient','UPDATE',63),(273,'client','2010-08-03 18:23:47','Sin Obra Social','horacio',NULL,'Sin Obra Social',NULL,'2010-08-03 18:23:47','com.vitaflo.innova.Patient','UPDATE',62),(274,'initials','2010-08-03 18:23:47','MF','horacio',NULL,'MFC',NULL,'2010-08-03 18:23:47','com.vitaflo.innova.Patient','UPDATE',62),(275,'country','2010-08-03 18:23:47','Brasil','horacio',NULL,'Brasil',NULL,'2010-08-03 18:23:47','com.vitaflo.innova.Patient','UPDATE',62),(276,'clinicalHistory','2010-08-03 18:23:47',NULL,'horacio',NULL,'Start date 06/07/2009',NULL,'2010-08-03 18:23:47','com.vitaflo.innova.Patient','UPDATE',62),(277,'birth','2010-08-03 18:25:20','2008-08-25 00:00:00.0','horacio',NULL,'Thu Sep 25 00:00:00 ART 2008',NULL,'2010-08-03 18:25:20','com.vitaflo.innova.Patient','UPDATE',61),(278,'client','2010-08-03 18:25:20','Sin Obra Social','horacio',NULL,'Sin Obra Social',NULL,'2010-08-03 18:25:20','com.vitaflo.innova.Patient','UPDATE',61),(279,'country','2010-08-03 18:25:20','Brasil','horacio',NULL,'Brasil',NULL,'2010-08-03 18:25:20','com.vitaflo.innova.Patient','UPDATE',61),(280,'clinicalHistory','2010-08-03 18:25:20',NULL,'horacio',NULL,'Start date 25/07/2009',NULL,'2010-08-03 18:25:20','com.vitaflo.innova.Patient','UPDATE',61),(281,'birth','2010-08-03 18:28:19','2008-10-29 00:00:00.0','horacio',NULL,'Wed Sep 12 00:00:00 ART 2007',NULL,'2010-08-03 18:28:19','com.vitaflo.innova.Patient','UPDATE',60),(282,'client','2010-08-03 18:28:19','Sin Obra Social','horacio',NULL,'Sin Obra Social',NULL,'2010-08-03 18:28:19','com.vitaflo.innova.Patient','UPDATE',60),(283,'firstName','2010-08-03 18:28:19','Jo&atilde;o Vitor','horacio',NULL,'Jo&amp;atilde;o Vitor',NULL,'2010-08-03 18:28:19','com.vitaflo.innova.Patient','UPDATE',60),(284,'country','2010-08-03 18:28:19','Brasil','horacio',NULL,'Brasil',NULL,'2010-08-03 18:28:19','com.vitaflo.innova.Patient','UPDATE',60),(285,'clinicalHistory','2010-08-03 18:28:19',NULL,'horacio',NULL,'Start date 17/04/2009',NULL,'2010-08-03 18:28:19','com.vitaflo.innova.Patient','UPDATE',60),(286,'client','2010-08-03 18:33:27','Sin Obra Social','rpires',NULL,'Sin Obra Social',NULL,'2010-08-03 18:33:27','com.vitaflo.innova.Patient','UPDATE',60),(287,'initials','2010-08-03 18:33:27','Jd','rpires',NULL,'DJJ',NULL,'2010-08-03 18:33:27','com.vitaflo.innova.Patient','UPDATE',60),(288,'firstName','2010-08-03 18:33:27','Jo&amp;atilde;o Vitor','rpires',NULL,'Jo&amp;amp;atilde;o Vitor',NULL,'2010-08-03 18:33:27','com.vitaflo.innova.Patient','UPDATE',60),(289,'country','2010-08-03 18:33:27','Brasil','rpires',NULL,'Brasil',NULL,'2010-08-03 18:33:27','com.vitaflo.innova.Patient','UPDATE',60),(290,NULL,'2010-08-04 11:21:30',NULL,'vicky',NULL,NULL,NULL,'2010-08-04 11:21:30','com.vitaflo.innova.Proforma','INSERT',574),(291,'status','2010-08-04 12:06:38','Creada','vicky',NULL,'Aprobada',NULL,'2010-08-04 12:06:38','com.vitaflo.innova.Proforma','UPDATE',510),(292,NULL,'2010-08-04 15:30:34',NULL,'vicky',NULL,NULL,NULL,'2010-08-04 15:30:34','com.vitaflo.innova.Proforma','INSERT',575),(293,'status','2010-08-10 09:49:32','Creada','horacio',NULL,'Aprobada',NULL,'2010-08-10 09:49:32','com.vitaflo.innova.Proforma','UPDATE',556),(294,NULL,'2010-08-10 09:53:04',NULL,'horacio',NULL,NULL,NULL,'2010-08-10 09:53:04','com.vitaflo.innova.Invoice','INSERT',159),(295,NULL,'2010-08-10 11:38:42',NULL,'horacio',NULL,NULL,NULL,'2010-08-10 11:38:42','com.vitaflo.innova.Proforma','INSERT',577),(296,'client','2010-08-10 11:38:42','Secretarí­a de Salud de la prov de Chubut','horacio',NULL,'Farmacia Rex',NULL,'2010-08-10 11:38:42','com.vitaflo.innova.Patient','UPDATE',53),(297,NULL,'2010-08-10 18:30:26',NULL,'edu',NULL,NULL,NULL,'2010-08-10 18:30:26','com.vitaflo.innova.Product','INSERT',61),(298,NULL,'2010-08-10 18:36:10',NULL,'edu',NULL,NULL,NULL,'2010-08-10 18:36:10','com.vitaflo.innova.Proforma','INSERT',578),(299,NULL,'2010-08-10 18:40:18',NULL,'edu',NULL,NULL,NULL,'2010-08-10 18:40:18','com.vitaflo.innova.Proforma','INSERT',579),(300,'client','2010-08-11 18:06:10','Cassia Sana','edu',NULL,'Cassia Sana',NULL,'2010-08-11 18:06:10','com.vitaflo.innova.Proforma','UPDATE',580),(301,'patient','2010-08-11 18:06:11','Sana Neto, Alfonso','edu',NULL,'Sana Neto, Alfonso',NULL,'2010-08-11 18:06:11','com.vitaflo.innova.Proforma','UPDATE',580),(302,'client','2010-08-12 11:16:00','Clínica Trinidad San Isidro','vicky',NULL,'Hospital Garrahan',NULL,'2010-08-12 11:16:00','com.vitaflo.innova.Patient','UPDATE',21),(303,'client','2010-08-13 14:20:53','Hospital Garrahan','vicky',NULL,'Biofar',NULL,'2010-08-13 14:20:53','com.vitaflo.innova.Patient','UPDATE',21),(304,NULL,'2010-08-14 08:12:08',NULL,'edu',NULL,NULL,NULL,'2010-08-14 08:12:08','com.vitaflo.innova.Patient','INSERT',92),(305,NULL,'2010-08-14 09:09:59',NULL,'edu',NULL,NULL,NULL,'2010-08-14 09:09:59','com.vitaflo.innova.Proforma','INSERT',583),(306,'client','2010-08-14 09:10:00','HCPA','edu',NULL,'SES',NULL,'2010-08-14 09:10:00','com.vitaflo.innova.Patient','UPDATE',92),(307,'client','2010-08-14 09:10:53','SES','edu',NULL,'SES',NULL,'2010-08-14 09:10:53','com.vitaflo.innova.Proforma','UPDATE',583),(308,'patient','2010-08-14 09:10:53','de Carvalho Lopes Oliveira Dantas, Maria Clara','edu',NULL,'de Carvalho Lopes Oliveira Dantas, Maria Clara',NULL,'2010-08-14 09:10:53','com.vitaflo.innova.Proforma','UPDATE',583),(309,'deliveryDate','2010-08-14 09:10:53',NULL,'edu',NULL,'Thu Aug 12 00:00:00 ART 2010',NULL,'2010-08-14 09:10:53','com.vitaflo.innova.Proforma','UPDATE',583),(310,'client','2010-08-14 09:12:45','SES','edu',NULL,'HCPA',NULL,'2010-08-14 09:12:45','com.vitaflo.innova.Proforma','UPDATE',583),(311,'patient','2010-08-14 09:12:46','de Carvalho Lopes Oliveira Dantas, Maria Clara','edu',NULL,'de Carvalho Lopes Oliveira Dantas, Maria Clara',NULL,'2010-08-14 09:12:46','com.vitaflo.innova.Proforma','UPDATE',583),(312,'client','2010-08-14 09:12:46','SES','edu',NULL,'HCPA',NULL,'2010-08-14 09:12:46','com.vitaflo.innova.Patient','UPDATE',92),(313,NULL,'2010-08-17 12:20:51',NULL,'vicky',NULL,NULL,NULL,'2010-08-17 12:20:51','com.vitaflo.innova.Client','INSERT',97),(314,NULL,'2010-08-17 12:24:40',NULL,'vicky',NULL,NULL,NULL,'2010-08-17 12:24:40','com.vitaflo.innova.Proforma','INSERT',584),(315,'client','2010-08-17 12:24:40','Biofar','vicky',NULL,'Obra Social de Personal Gráfico',NULL,'2010-08-17 12:24:40','com.vitaflo.innova.Patient','UPDATE',21),(316,'client','2010-08-18 12:31:58','Obra Social de Personal Gráfico','vicky',NULL,'Hospital Garrahan',NULL,'2010-08-18 12:31:58','com.vitaflo.innova.Patient','UPDATE',21),(317,NULL,'2010-08-19 11:04:25',NULL,'horacio',NULL,NULL,NULL,'2010-08-19 11:04:25','com.vitaflo.innova.Patient','INSERT',93),(318,NULL,'2010-08-19 11:15:28',NULL,'horacio',NULL,NULL,NULL,'2010-08-19 11:15:28','com.vitaflo.innova.Proforma','INSERT',586),(319,NULL,'2010-08-19 13:57:34',NULL,'Horacio',NULL,NULL,NULL,'2010-08-19 13:57:34','com.vitaflo.innova.Patient','INSERT',94),(320,NULL,'2010-08-19 14:00:17',NULL,'Horacio',NULL,NULL,NULL,'2010-08-19 14:00:17','com.vitaflo.innova.Patient','INSERT',95),(321,'status','2010-08-19 14:00:48','Enabled','Horacio',NULL,'Deleted',NULL,'2010-08-19 14:00:48','com.vitaflo.innova.Patient','UPDATE',94),(322,'client','2010-08-19 14:01:09','Sin Obra Social','Horacio',NULL,'Sin Obra Social',NULL,'2010-08-19 14:01:09','com.vitaflo.innova.Patient','UPDATE',95),(323,'country','2010-08-19 14:01:09','Brasil','Horacio',NULL,'Brasil',NULL,'2010-08-19 14:01:09','com.vitaflo.innova.Patient','UPDATE',95),(324,'clinicalHistory','2010-08-19 14:01:09',NULL,'Horacio',NULL,'se encontra internado no Instituto da Criança em São Paulo',NULL,'2010-08-19 14:01:09','com.vitaflo.innova.Patient','UPDATE',95),(325,NULL,'2010-08-19 14:03:20',NULL,'Horacio',NULL,NULL,NULL,'2010-08-19 14:03:20','com.vitaflo.innova.Proforma','INSERT',587),(326,NULL,'2010-08-23 11:26:44',NULL,'vicky',NULL,NULL,NULL,'2010-08-23 11:26:44','com.vitaflo.innova.Proforma','INSERT',588),(327,'client','2010-08-23 11:26:45','Hospital Garrahan','vicky',NULL,'Compañia de Servicios Farmacéuticos',NULL,'2010-08-23 11:26:45','com.vitaflo.innova.Patient','UPDATE',21),(328,NULL,'2010-08-23 12:04:31',NULL,'vicky',NULL,NULL,NULL,'2010-08-23 12:04:31','com.vitaflo.innova.Proforma','INSERT',589),(329,'status','2010-08-23 13:23:48','Creada','horacio',NULL,'Aprobada',NULL,'2010-08-23 13:23:48','com.vitaflo.innova.Proforma','UPDATE',585),(330,NULL,'2010-08-23 13:24:32',NULL,'horacio',NULL,NULL,NULL,'2010-08-23 13:24:32','com.vitaflo.innova.Invoice','INSERT',160),(331,'client','2010-08-24 11:17:50','Alfonso Ramón Darí­o','vicky',NULL,'IPS Misiones',NULL,'2010-08-24 11:17:50','com.vitaflo.innova.Patient','UPDATE',3),(332,NULL,'2010-08-24 11:21:58',NULL,'vicky',NULL,NULL,NULL,'2010-08-24 11:21:58','com.vitaflo.innova.Proforma','INSERT',591),(333,NULL,'2010-08-25 14:59:39',NULL,'vicky',NULL,NULL,NULL,'2010-08-25 14:59:39','com.vitaflo.innova.Proforma','INSERT',593),(334,NULL,'2010-08-25 15:50:52',NULL,'vicky',NULL,NULL,NULL,'2010-08-25 15:50:52','com.vitaflo.innova.Patient','INSERT',96),(335,NULL,'2010-08-25 15:53:57',NULL,'vicky',NULL,NULL,NULL,'2010-08-25 15:53:57','com.vitaflo.innova.Patient','INSERT',97),(336,NULL,'2010-08-26 10:02:32',NULL,'vicky',NULL,NULL,NULL,'2010-08-26 10:02:32','com.vitaflo.innova.Proforma','INSERT',594),(337,NULL,'2010-08-26 10:55:37',NULL,'vicky',NULL,NULL,NULL,'2010-08-26 10:55:37','com.vitaflo.innova.Proforma','INSERT',595),(338,'client','2010-08-26 10:55:38','Compañia de Servicios Farmacéuticos','vicky',NULL,'Gabriel Hernandez',NULL,'2010-08-26 10:55:38','com.vitaflo.innova.Patient','UPDATE',21),(339,NULL,'2010-08-26 15:31:43',NULL,'horacio',NULL,NULL,NULL,'2010-08-26 15:31:43','com.vitaflo.innova.Proforma','INSERT',596),(340,NULL,'2010-08-30 15:35:00',NULL,'vicky',NULL,NULL,NULL,'2010-08-30 15:35:00','com.vitaflo.innova.Proforma','INSERT',597),(341,'client','2010-08-31 11:54:53','CEMECO','vicky',NULL,'Obra Social de Personal Gráfico',NULL,'2010-08-31 11:54:53','com.vitaflo.innova.Patient','UPDATE',13),(342,'price','2010-08-31 15:10:31','14816.5','horacio',NULL,'15557.29',NULL,'2010-08-31 15:10:31','com.vitaflo.innova.Product','UPDATE',7),(343,'supplier','2010-08-31 15:10:32','ORPHAN','horacio',NULL,'ORPHAN',NULL,'2010-08-31 15:10:32','com.vitaflo.innova.Product','UPDATE',7),(344,'drug','2010-08-31 15:10:32','Orphadin','horacio',NULL,'Orphadin',NULL,'2010-08-31 15:10:32','com.vitaflo.innova.Product','UPDATE',7),(345,'price','2010-08-31 15:11:05','2963.3','horacio',NULL,'3111.47',NULL,'2010-08-31 15:11:05','com.vitaflo.innova.Product','UPDATE',8),(346,'supplier','2010-08-31 15:11:05','ORPHAN','horacio',NULL,'ORPHAN',NULL,'2010-08-31 15:11:05','com.vitaflo.innova.Product','UPDATE',8),(347,'drug','2010-08-31 15:11:05','Orphadin','horacio',NULL,'Orphadin',NULL,'2010-08-31 15:11:05','com.vitaflo.innova.Product','UPDATE',8),(348,'price','2010-08-31 15:11:42','7408.22','horacio',NULL,'7778.63',NULL,'2010-08-31 15:11:42','com.vitaflo.innova.Product','UPDATE',3),(349,'supplier','2010-08-31 15:11:42','ORPHAN','horacio',NULL,'ORPHAN',NULL,'2010-08-31 15:11:42','com.vitaflo.innova.Product','UPDATE',3),(350,'drug','2010-08-31 15:11:42','Orphadin','horacio',NULL,'Orphadin',NULL,'2010-08-31 15:11:42','com.vitaflo.innova.Product','UPDATE',3),(351,NULL,'2010-09-02 12:04:02',NULL,'vicky',NULL,NULL,NULL,'2010-09-02 12:04:02','com.vitaflo.innova.Proforma','INSERT',600),(352,NULL,'2010-09-03 09:21:57',NULL,'Smarin',NULL,NULL,NULL,'2010-09-03 09:21:57','com.vitaflo.innova.Client','INSERT',99),(353,'phone','2010-09-03 09:22:48','4 4459000','Smarin',NULL,'57 4 4459000',NULL,'2010-09-03 09:22:48','com.vitaflo.innova.Client','UPDATE',99),(354,'country','2010-09-03 09:22:48','Colombia','Smarin',NULL,'Colombia',NULL,'2010-09-03 09:22:48','com.vitaflo.innova.Client','UPDATE',99),(355,'price','2010-09-06 11:32:20','928.0','horacio',NULL,'946.62',NULL,'2010-09-06 11:32:20','com.vitaflo.innova.Product','UPDATE',5),(356,'supplier','2010-09-06 11:32:20','Special Products','horacio',NULL,'Special Products',NULL,'2010-09-06 11:32:20','com.vitaflo.innova.Product','UPDATE',5),(357,'drug','2010-09-06 11:32:20','Fenilbutirato de Sodio','horacio',NULL,'Fenilbutirato de Sodio',NULL,'2010-09-06 11:32:20','com.vitaflo.innova.Product','UPDATE',5),(358,'price','2010-09-06 11:33:33','0.0','horacio',NULL,'566.4',NULL,'2010-09-06 11:33:33','com.vitaflo.innova.Product','UPDATE',46),(359,'supplier','2010-09-06 11:33:33','Special Products','horacio',NULL,'Special Products',NULL,'2010-09-06 11:33:33','com.vitaflo.innova.Product','UPDATE',46),(360,'drug','2010-09-06 11:33:33','Fenilbutirato de Sodio','horacio',NULL,'Fenilbutirato de Sodio',NULL,'2010-09-06 11:33:33','com.vitaflo.innova.Product','UPDATE',46),(361,'price','2010-09-06 11:35:08','232.0','horacio',NULL,'288.0',NULL,'2010-09-06 11:35:08','com.vitaflo.innova.Product','UPDATE',48),(362,'supplier','2010-09-06 11:35:08','Special Products','horacio',NULL,'Special Products',NULL,'2010-09-06 11:35:08','com.vitaflo.innova.Product','UPDATE',48),(363,'drug','2010-09-06 11:35:08','Fenilbutirato de Sodio','horacio',NULL,'Fenilbutirato de Sodio',NULL,'2010-09-06 11:35:08','com.vitaflo.innova.Product','UPDATE',48),(364,'price','2010-09-06 11:38:34','20814.0','horacio',NULL,'194.82',NULL,'2010-09-06 11:38:34','com.vitaflo.innova.Product','UPDATE',17),(365,'supplier','2010-09-06 11:38:34','Special Products','horacio',NULL,'Special Products',NULL,'2010-09-06 11:38:34','com.vitaflo.innova.Product','UPDATE',17),(366,'drug','2010-09-06 11:38:34','Arginina','horacio',NULL,'Arginina',NULL,'2010-09-06 11:38:34','com.vitaflo.innova.Product','UPDATE',17),(367,'status','2010-09-09 14:45:35','Creada','horacio',NULL,'Aprobada',NULL,'2010-09-09 14:45:35','com.vitaflo.innova.Proforma','UPDATE',592),(368,'status','2010-09-09 14:45:52','Creada','horacio',NULL,'Aprobada',NULL,'2010-09-09 14:45:52','com.vitaflo.innova.Proforma','UPDATE',564),(369,'status','2010-09-09 14:46:14','Creada','horacio',NULL,'Aprobada',NULL,'2010-09-09 14:46:14','com.vitaflo.innova.Proforma','UPDATE',565),(370,'status','2010-09-09 14:46:32','Creada','horacio',NULL,'Aprobada',NULL,'2010-09-09 14:46:32','com.vitaflo.innova.Proforma','UPDATE',559),(371,'status','2010-09-09 14:46:52','Creada','horacio',NULL,'Aprobada',NULL,'2010-09-09 14:46:52','com.vitaflo.innova.Proforma','UPDATE',582),(372,NULL,'2010-09-09 14:47:55',NULL,'horacio',NULL,NULL,NULL,'2010-09-09 14:47:55','com.vitaflo.innova.Invoice','INSERT',161),(373,NULL,'2010-09-09 14:48:27',NULL,'horacio',NULL,NULL,NULL,'2010-09-09 14:48:27','com.vitaflo.innova.Invoice','INSERT',162),(374,NULL,'2010-09-09 14:48:51',NULL,'horacio',NULL,NULL,NULL,'2010-09-09 14:48:51','com.vitaflo.innova.Invoice','INSERT',163),(375,NULL,'2010-09-09 14:49:20',NULL,'horacio',NULL,NULL,NULL,'2010-09-09 14:49:20','com.vitaflo.innova.Invoice','INSERT',164),(376,NULL,'2010-09-09 14:49:48',NULL,'horacio',NULL,NULL,NULL,'2010-09-09 14:49:48','com.vitaflo.innova.Invoice','INSERT',165),(377,NULL,'2010-09-13 14:28:29',NULL,'vicky',NULL,NULL,NULL,'2010-09-13 14:28:29','com.vitaflo.innova.Client','INSERT',100),(378,NULL,'2010-09-13 14:32:51',NULL,'vicky',NULL,NULL,NULL,'2010-09-13 14:32:51','com.vitaflo.innova.Proforma','INSERT',603),(379,'client','2010-09-13 14:32:52','Gabriel Hernandez','vicky',NULL,'Clínica Independencia',NULL,'2010-09-13 14:32:52','com.vitaflo.innova.Patient','UPDATE',21),(380,'status','2010-09-13 17:00:59','Creada','edu',NULL,'Aprobada',NULL,'2010-09-13 17:00:59','com.vitaflo.innova.Proforma','UPDATE',516),(381,NULL,'2010-09-13 17:04:08',NULL,'edu',NULL,NULL,NULL,'2010-09-13 17:04:08','com.vitaflo.innova.Invoice','INSERT',166),(382,NULL,'2010-09-14 10:52:41',NULL,'horacio',NULL,NULL,NULL,'2010-09-14 10:52:41','com.vitaflo.innova.Invoice','INSERT',167),(383,NULL,'2010-09-14 11:04:40',NULL,'vicky',NULL,NULL,NULL,'2010-09-14 11:04:40','com.vitaflo.innova.Client','INSERT',101),(384,NULL,'2010-09-14 11:07:39',NULL,'vicky',NULL,NULL,NULL,'2010-09-14 11:07:39','com.vitaflo.innova.Proforma','INSERT',604),(385,'client','2010-09-14 11:07:39','Clínica Independencia','vicky',NULL,'Farma SRL',NULL,'2010-09-14 11:07:39','com.vitaflo.innova.Patient','UPDATE',21),(386,NULL,'2010-09-14 13:55:22',NULL,'vicky',NULL,NULL,NULL,'2010-09-14 13:55:22','com.vitaflo.innova.Proforma','INSERT',605),(387,NULL,'2010-09-14 16:15:47',NULL,'vicky',NULL,NULL,NULL,'2010-09-14 16:15:47','com.vitaflo.innova.Proforma','INSERT',606),(388,NULL,'2010-09-16 12:52:09',NULL,'vicky',NULL,NULL,NULL,'2010-09-16 12:52:09','com.vitaflo.innova.Proforma','INSERT',607),(389,'client','2010-09-16 12:52:10','Farma SRL','vicky',NULL,'Hospital Garrahan',NULL,'2010-09-16 12:52:10','com.vitaflo.innova.Patient','UPDATE',21),(390,NULL,'2010-09-17 10:56:55',NULL,'vicky',NULL,NULL,NULL,'2010-09-17 10:56:55','com.vitaflo.innova.Proforma','INSERT',608),(391,'client','2010-09-17 10:56:55','Ministerio de Desarrollo Social','vicky',NULL,'Axxapharma',NULL,'2010-09-17 10:56:55','com.vitaflo.innova.Patient','UPDATE',34),(392,NULL,'2010-09-17 11:09:03',NULL,'vicky',NULL,NULL,NULL,'2010-09-17 11:09:03','com.vitaflo.innova.Proforma','INSERT',609);
/*!40000 ALTER TABLE `audit_log` ENABLE KEYS */;
UNLOCK TABLES;

--
-- Table structure for table `clients`
--

DROP TABLE IF EXISTS `clients`;
SET @saved_cs_client     = @@character_set_client;
SET character_set_client = utf8;
CREATE TABLE `clients` (
  `id` int(10) unsigned NOT NULL auto_increment,
  `name` varchar(45) NOT NULL,
  `address` varchar(45) default NULL,
  `telephone` varchar(45) default NULL,
  `email` varchar(45) default NULL,
  `status` enum('Enabled','Disabled','Deleted') default 'Enabled',
  `contact` varchar(45) default NULL,
  `version` bigint(20) default NULL,
  `country_id` bigint(20) default NULL,
  PRIMARY KEY  (`id`),
  KEY `FK334B8608D5F7034F` (`country_id`)
) ENGINE=MyISAM AUTO_INCREMENT=103 DEFAULT CHARSET=utf8;
SET character_set_client = @saved_cs_client;

--
-- Dumping data for table `clients`
--

LOCK TABLES `clients` WRITE;
/*!40000 ALTER TABLE `clients` DISABLE KEYS */;
INSERT INTO `clients` VALUES (1,'OSPIA','Venezuela 2386','4383-9026','','Enabled','',0,1),(2,'Droguerí­a Itati','Gobernador Pedro Ferre 1878 - Corrientes','03783-430595','','Enabled','',1,1),(3,'Droguerí­a Zeus','Avda. Cabret 1916 (Posadas)','03752-438900','','Enabled','',0,1),(4,'OSECAC','Moreno 648 (Capital Federal)','4332-4217','','Enabled','',0,1),(5,'Obra Social Jefes de Oficiales Navales','24 de Noviembre 645','4932-8079','','Enabled','',0,1),(6,'Néstor Mainardi','Urquiza 225 (Córdoba)','03562-422502','','Disabled','',0,1),(7,'Droguerí­a Central','NO','NO','','Disabled','',0,1),(8,'Hospital Francés','La Rioja 951','4959-1500','','Enabled','',0,1),(9,'DASPU OBRA SOCIAL','San Martín 864 - Tucumán (4000) ','0381-4310723 ','obrasocial@dasu.com.ar','Enabled','',1,1),(10,'Fundo Estadual de Saude do Parana','Rua Piquiri, 170, Reboucas. Curitiba, Parana,','NO','','Enabled','',1,2),(11,'Droguerí­a San Miguel','San Martin 2102 (Posadas)','03752-431652','','Enabled','',0,1),(12,'Obra Social Personal de Farmacia','Constitución 2066','4941-1342','','Enabled','',0,1),(13,'I.N.S.S.J.P','Perú 169 5ºA','4344-8701','','Enabled','',0,1),(14,'Hospital Garrahan','Combate de los Pozos 1881','4308-4300','','Enabled','',0,1),(15,'CEMECO','C&amp;amp;oacute;Cordoba','0351-4586477','cemeco@hotmail.com','Enabled','',3,1),(16,'Corbiet SA','AV.COLON 748 - CORDOBA','0351-4529000 ','','Enabled','',1,1),(17,'Sin Obra Social','NO','NO','','Enabled','',0,1),(18,'Drogueria Pharmers SRL','Roque Saenz Peña 595 - B° Cuyaya jujuy','0388-4211754','','Enabled','',1,1),(19,'Biofar','Lopez y Planes 551 (Resistencia, Chaco)','03722-441212/442772','','Enabled','',1,1),(20,'Secretaria de Saude de Santa Catarina','Rua Esteves Júnior, 160 Florianópolis','0055-483221-2000         ','','Enabled','',2,2),(21,'Libra','ARROYO GRANDE 2832.CP 11800. Montevideo. Urug','00598 2200 5521','','Enabled','',0,1),(22,'Smata','Córdoba','NO','','Enabled','',0,1),(23,'Instituto de Previsión y Seguridad Social','Tucumán','NO','','Enabled','',0,1),(24,'Drogueria Mar','Chaco','03783-478400','','Enabled','',0,1),(25,'IOSE','NO','NO','','Enabled','',0,1),(26,'Instituto del niño (Ecuador)','Ecuador','NO','','Enabled','',1,5),(27,'OSPE','Rodriguez Peña 538','4373-5740/4371/8957','','Enabled','',0,1),(28,'Helio Segouras','No','NO','','Enabled','',1,2),(29,'Rafael Elizalde','NO','NO','','Enabled','',0,1),(30,'Swan Medicare','Denmark','+45 33 88 10 00','','Enabled','',0,1),(31,'Cassia Sana','Brasil','0055-5199619185','','Enabled','',2,2),(32,'Isabel Magnano','Brasil','NO','','Enabled','',0,1),(33,'Ramiro Cabrero','Brasil','NO','','Enabled','',1,2),(34,'Protección Social de Ecuador','Ecuador','NO','','Enabled','',0,1),(35,'Compañia de Servicios Farmacéuticos','Rincón 40','4136-9000','csf@csf.com.ar','Enabled','',1,1),(36,'Hospital Italiano','Gascón 450','4959-0200','Gabriela.Fraschetti@hospitalitaliano.org.ar','Enabled','',0,1),(37,'Peralta','Diagonal Tucumán 1193.Martnez','4798-5152/154404-9480','','Enabled','',0,1),(38,'OSPECOR','Sarmiento 906','0351-4261557','gralbard@yahoo.com.ar','Enabled','Graciela',1,1),(39,'Instituto Dorrego','3 de febrero 748.Rosario','(0341)4202411','farmacia@institutodorrego.com.ar','Enabled','',0,1),(40,'Gina Marinho','Brasil','NO','','Enabled','',1,2),(41,'Alfonso Ramón Darí­o','Chaco','no',NULL,'Enabled','no',0,1),(42,'Consulado Paraguay','viamonte 1851','4816-3271','iralabernal@hotmail.com','Enabled','',2,1),(43,'SES','Brasil','0055-5132885982','ceres@saude.rs.gov.br','Enabled','Ceres Salazar',5,2),(44,'Ministerio de Desarrollo Social','no','4121-4604/4121-4611',NULL,'Enabled','Dr Silvio Presa',0,1),(45,'Galeno ','no','no',NULL,'Enabled','J.C.Laporta',0,1),(46,'Juan Ignacio Bognanni','Angel Brunel 565','(0291)154146985',NULL,'Enabled','Bognanni',0,1),(47,'Secretaria de Salud de Cordoba','no','no','karina.gatica@cba.gov.ar','Enabled','Karina',0,1),(48,'Luis Giordano','Urquiza','02272 420354','giordano@abacc.org.br','Enabled','Luis',0,1),(49,'Drogueria San Jorge','Cordoba','0351 4884367','drogueriasanjorge@hotmail.com','Enabled','Silvina',0,1),(50,'Luz Marí­a Durán','México','no','luzmaduran@gmail.com','Enabled','Luz Durán',0,1),(51,'Sociedad de beneficiencia Hospital Italiano','Roma 550','0351 4119436',NULL,'Enabled','Beatriz Correa',0,1),(52,'UNOHEALTHCARE','8357 NW 54TH STREET. MIAMI','3054770263 ','renata@unohealthcare.com','Enabled','Renata',0,1),(53,'Gerardo Bonocore','Av Debenedetti 2100.Avellaneda','4205-4078',NULL,'Enabled','Gerardo',0,1),(54,'Sociedad de Beneficiencia Hospital Italiano d','Pringles 431 4to piso','4959-0336','','Enabled','Ximena Vasquez',0,1),(55,'Hospital Garrahan','0Combate de los Pozos 1881','4308-5331',NULL,'Enabled','Vanina Santa Cruz',0,1),(56,'Drogueria El Viñedo.C.A','Venezuela','0058-424-8592784','','Enabled','Karina de Felice',4,6),(57,'Oseam','no','4451-2944','','Enabled','Sonia Ramirez',2,1),(58,'Estela Boldorini','no','00598 99689633',NULL,'Enabled','Estela',0,1),(59,'Iosper','Andrés Pazos 243-Paraná, Entre Ríos','0343-4204529 ','m.fernandez@iosper.gov.ar','Enabled','Ma Ines',1,1),(60,'Gloria Duran','CHILE','NO','durang15@yahoo.com','Enabled','Gloria',0,1),(61,'Hospital de Niños Ricardo Gutierrez','Gallo 1300','4308-4300',NULL,'Enabled','Marcela Galoppo',0,1),(62,'HCPA','Av: Almirante Barroso 1758 ,Porto Alegre','no','','Enabled','Ricardo Pires',2,2),(63,'Andres Montan','Chile','NO','amontan@icofrut.cl','Enabled','Andres',1,4),(64,'Karina Tinnirello','Trelew Chubut','0295 15418469',NULL,'Enabled','Karina',0,1),(65,'Ministerio Público','Brasil','NO','fpsantos@mp.rs.gov.br','Enabled','Francisco Paula dos Santos',0,1),(66,'Osplad','Tacuari 345 ','5246-5149','','Enabled','Maria Laura Ciotti',1,1),(67,'Paola Torres','Rio Cuarto','0358 154298509',NULL,'Enabled','Paola',0,1),(68,'Secretarí­a de Salud de la prov de Chubut','no','02965484118',NULL,'Enabled','Monica',0,1),(69,'Clinica Alemana','Av. Vitacura 5951 - Vitacura','0056-22101111','mcontreras@alemana.cl','Enabled','Olga Contreras',1,4),(70,'Instituto Venezolano de los seguros sociales','Av. Urdaneta esq. Altagracia','0058 (212) 8011059 ','','Enabled','NO',2,6),(71,'Galeno','no','4814-7325','','Enabled','Liliana Musso',1,1),(72,'Mariana Zapia','no','4720 4291',NULL,'Enabled','Mariana',0,1),(73,'Farmacia Rex','Av Cordoba','4962-0153','ventas@farmacia-rex.com','Enabled','Paola',1,1),(74,'Julian Rey','no','1564654600',NULL,'Enabled','no',0,1),(75,'OSJOMN','Libertad 1668 CP1016','01148153102 (102)','olguin@maquinaval.com.ar','Enabled','Mariela Olguin',0,1),(76,'Principal Plan','no','4451-7934',NULL,'Enabled','Silvia',0,1),(77,'Biofarma S.R.L','Uspallata 3990','4922-1375','Gvillanueva@drog-biopharma.com.ar','Enabled','Gonzalo Villanueva',0,1),(78,'Sin Obra Social','No','No','','Enabled','',0,2),(79,'Sin Obra Social','No','No','','Enabled','',0,4),(80,'Sin Obra Social','No','No','','Enabled','',0,3),(81,'Sin Obra Social','No','No','','Enabled','',0,5),(82,'Sin Obra Social','No','No','','Enabled','',0,6),(83,'Clinica Las Condes','Lo Fontecilla 441 - Las Condes','0056-22104000','info@clc.cl ','Enabled','-',1,4),(84,'Medical Hilfe','.','.','','Enabled','',0,4),(85,'Instituto de Diagnóstico S.A','Av Santa María 1810.Providencia Chile',NULL,'','Enabled','Gabriel Hernandez',0,4),(86,'Gabriel Hernandez','Apoquindo 5555 oficina 811.Santiago.Chile','00562022867','ghernandez@lablibra.com','Enabled','',1,4),(87,'Droguería AMG',NULL,NULL,'Martin.s@amgfarmasrl.com.ar','Enabled','Martin',0,1),(88,'OSUOMRA',NULL,'4734-0900 int 24-33','','Enabled','Graciela',2,1),(89,'Drogueria Sudlatin',NULL,'4644-5896-5912','','Enabled','Monica Iribarne',0,1),(90,'Sra. Luciane Lopes Oliveira.',NULL,NULL,'','Enabled','',0,2),(91,'CENABAST','CHILE',NULL,'','Enabled','',0,1),(92,'Jeiko Pharmaceuticals, C.A.','Av Bolivar Edificio Tonika 2 piso of 11',NULL,'','Enabled','',0,6),(93,'UOMRA',NULL,'4307 7448/7532','laura.ugalde@basaute.com.ar','Enabled','Laura Ugalde',1,1),(94,'Obra Social Poder Judicial de la Nación',NULL,NULL,'ralvarez@ospjn.gov.ar','Enabled','Dra Alvarez',0,1),(95,'Jaime Paez','Cedros 100 Guayaquil','59342881580','jaime.paez@intertek.com','Enabled','Jaime Paez',0,5),(96,'Clínica Trinidad San Isidro','Fondo de la Legua 851','4898-6919','andrea.traverso@galenoargentina.com.ar','Enabled','Andrea Traverso',0,1),(97,'Obra Social de Personal Gráfico',NULL,'0351 155726940','debyribotta@yahoo.com.ar','Enabled','Débora Ribotta',0,1),(98,'IPS Misiones','Junin 177 Posadas Misiones','03752 447825','erjerushalmi@hotmail.com','Enabled','Eduardo Jerushalmi',0,1),(99,'HPTU','Calle 78 B No. 69-240                  ','57 4 4459000','baristizabal@hptu.org.co','Enabled','Beatriz Aristizabal',1,3),(100,'Clínica Independencia','Luis María Drago  5681. Munro','4721-2300','secretariadepiso@ctisalud.com.ar','Enabled','Miriam',0,1),(101,'Farma SRL','Trelew Chubut','02965 434159','horaciofarma@speedy.com.ar','Enabled','Horacio Crespo',0,1),(102,'Axxapharma',NULL,'1544390077','cmaceira@axxapharma.com.ar','Enabled','',0,1);
/*!40000 ALTER TABLE `clients` ENABLE KEYS */;
UNLOCK TABLES;

--
-- Table structure for table `countries`
--

DROP TABLE IF EXISTS `countries`;
SET @saved_cs_client     = @@character_set_client;
SET character_set_client = utf8;
CREATE TABLE `countries` (
  `id` bigint(20) NOT NULL auto_increment,
  `version` bigint(20) NOT NULL,
  `code` varchar(255) NOT NULL,
  `name` varchar(255) NOT NULL,
  PRIMARY KEY  (`id`)
) ENGINE=MyISAM AUTO_INCREMENT=11 DEFAULT CHARSET=utf8;
SET character_set_client = @saved_cs_client;

--
-- Dumping data for table `countries`
--

LOCK TABLES `countries` WRITE;
/*!40000 ALTER TABLE `countries` DISABLE KEYS */;
INSERT INTO `countries` VALUES (1,0,'AR','Argentina'),(2,0,'BR','Brasil'),(3,0,'CO','Colombia'),(4,0,'CH','Chile'),(5,0,'CO','Ecuador'),(6,0,'VE','Venezuela'),(7,0,'UR','Uruguay'),(8,0,'BO','Bolivia'),(9,0,'PE','Peru'),(10,0,'MX','Mexico');
/*!40000 ALTER TABLE `countries` ENABLE KEYS */;
UNLOCK TABLES;

--
-- Table structure for table `drugs`
--

DROP TABLE IF EXISTS `drugs`;
SET @saved_cs_client     = @@character_set_client;
SET character_set_client = utf8;
CREATE TABLE `drugs` (
  `id` int(10) unsigned NOT NULL auto_increment,
  `name` varchar(45) NOT NULL default '',
  `status` enum('Enabled','Disabled') NOT NULL default 'Enabled',
  `version` bigint(20) default NULL,
  PRIMARY KEY  (`id`)
) ENGINE=MyISAM AUTO_INCREMENT=41 DEFAULT CHARSET=utf8;
SET character_set_client = @saved_cs_client;

--
-- Dumping data for table `drugs`
--

LOCK TABLES `drugs` WRITE;
/*!40000 ALTER TABLE `drugs` DISABLE KEYS */;
INSERT INTO `drugs` VALUES (0,'Droga 0','Enabled',0),(2,'Fenilbutirato de Sodio','Enabled',0),(3,'Cisteamina','Enabled',0),(4,'Orphadin','Enabled',0),(5,'Betaina','Enabled',1),(7,'Fenilbutirato Solucion Oral','Enabled',1),(8,'Hemina','Enabled',0),(9,'LNAA','Enabled',0),(11,'Lacrisert ','Enabled',0),(12,'Cidofovir','Enabled',0),(13,'dicloroacetato de sodio','Enabled',0),(14,'Benzoato de sodio','Enabled',0),(15,'Arginina','Enabled',0),(16,'Citrulina','Enabled',0),(17,'Fenilbutirato de Sodio + Fenilacetato de Sodi','Enabled',0),(20,'Creatina','Enabled',0),(19,'Carbonato de Calcio','Enabled',0),(21,'Diclofenac','Enabled',0),(22,'Hidroxitriptofano','Enabled',0),(23,'Isolleucina','Enabled',0),(24,'L-Fenilalanina','Enabled',0),(25,'L-Valina','Enabled',0),(26,'Lactulaso','Enabled',0),(27,'Glirofosfato de Magnecio','Enabled',0),(28,'Melatonina','Enabled',0),(29,'Midazolam','Enabled',0),(30,'Mylanta','Enabled',0),(31,'Dicloracetato de Sodio','Enabled',0),(32,'Cloruro de Potasio','Enabled',0),(33,'Acido Fosfatoso de Potasio','Enabled',0),(34,'Bicarbonato de Sodio','Enabled',0),(35,'Acidos Grasos de Cadena Corta','Enabled',0),(36,'Uridina','Enabled',0),(37,'Nitisinone','Enabled',0),(38,'Acido Fosfatoso de Sodio','Enabled',0),(39,'Cloruro de Sodio','Enabled',0),(40,'Hydroxibutirato de Sodio','Enabled',0);
/*!40000 ALTER TABLE `drugs` ENABLE KEYS */;
UNLOCK TABLES;

--
-- Table structure for table `invoices`
--

DROP TABLE IF EXISTS `invoices`;
SET @saved_cs_client     = @@character_set_client;
SET character_set_client = utf8;
CREATE TABLE `invoices` (
  `id` int(10) unsigned NOT NULL auto_increment,
  `created_at` datetime default NULL,
  `proforma_id` int(10) unsigned default NULL,
  `code` varchar(45) default NULL,
  `client_id` int(10) default NULL,
  `amount` decimal(10,2) default NULL,
  `date` date default NULL,
  `status` enum('Pendiente','Pagada','Entregada') NOT NULL default 'Pendiente',
  `concile` int(10) unsigned default NULL,
  `version` bigint(20) default NULL,
  `delivery_date` datetime default NULL,
  `purchase_id` bigint(20) default NULL,
  PRIMARY KEY  (`id`),
  KEY `FK25F222E6E4BB2F65` (`purchase_id`),
  KEY `FK25F222E66E093105` (`proforma_id`)
) ENGINE=MyISAM AUTO_INCREMENT=168 DEFAULT CHARSET=utf8;
SET character_set_client = @saved_cs_client;

--
-- Dumping data for table `invoices`
--

LOCK TABLES `invoices` WRITE;
/*!40000 ALTER TABLE `invoices` DISABLE KEYS */;
INSERT INTO `invoices` VALUES (1,'2008-07-30 12:18:53',71,'',17,'1128.00','2008-07-30','Pendiente',0,0,NULL,NULL),(2,'2008-07-30 12:19:02',71,'',17,'1128.00','2008-07-30','Pendiente',0,0,NULL,NULL),(3,'2008-08-07 11:11:05',1,'178',1,'3100.00','2008-01-14','Pagada',0,0,NULL,NULL),(4,'2008-08-07 11:12:37',2,'182',2,'14700.00','2008-01-15','Pagada',1,0,NULL,48),(5,'2008-08-07 11:14:11',3,'180',3,'12033.00','2008-01-15','Pagada',0,0,NULL,NULL),(6,'2008-08-07 11:15:32',4,'179',4,'17950.00','2008-01-15','Pagada',1,0,NULL,2),(7,'2008-08-07 11:16:16',5,'177',5,'3100.00','2008-01-14','Pagada',1,0,NULL,36),(8,'2008-08-07 11:16:58',6,'181',6,'927.00','2008-01-15','Pagada',0,0,NULL,NULL),(9,'2008-08-07 11:17:54',7,'183',1,'3100.00','2008-02-07','Pagada',1,0,NULL,37),(10,'2008-08-07 11:19:10',8,'188',8,'1128.00','2008-02-19','Pagada',0,0,NULL,NULL),(11,'2008-08-07 11:20:10',9,'189',9,'896.00','2008-02-19','Pagada',0,0,NULL,NULL),(12,'2008-08-07 11:24:39',11,'192',3,'12033.00','2008-02-21','Pagada',1,0,NULL,5),(13,'2008-08-07 11:28:52',12,'234',11,'14494.00','2008-07-31','Pagada',1,0,NULL,26),(14,'2008-08-07 11:30:04',13,'232',12,'6116.00','2008-07-07','Pendiente',0,0,NULL,NULL),(15,'2008-08-07 11:32:04',14,'186',1,'3100.00','2008-02-19','Pagada',1,0,NULL,39),(16,'2008-08-07 11:33:41',15,'187',13,'8828.00','2008-02-19','Pagada',1,0,NULL,38),(17,'2008-08-07 11:41:20',17,'185',4,'17950.00','2008-02-18','Pagada',0,0,NULL,NULL),(18,'2008-08-07 11:53:48',20,'194',16,'14400.00','2008-03-06','Pagada',1,0,NULL,10),(19,'2008-08-07 12:04:26',21,'191',17,'636.00','2008-02-21','Pagada',0,0,NULL,NULL),(20,'2008-08-07 12:05:48',22,'195',17,'35700.00','2008-03-19','Pagada',1,0,NULL,11),(21,'2008-08-07 12:09:35',23,'200',3,'12033.00','2008-04-11','Pagada',1,0,NULL,13),(22,'2008-08-07 12:12:07',25,'193',4,'17950.00','2008-03-06','Pagada',1,0,NULL,9),(23,'2008-08-07 12:24:54',26,'199',8,'1128.00','2008-04-11','Pagada',0,0,NULL,NULL),(24,'2008-08-07 12:26:39',27,'196',5,'3100.00','2008-03-26','Pagada',1,0,NULL,39),(25,'2008-08-07 12:31:36',28,'197',1,'3100.00','2008-03-26','Pagada',1,0,NULL,40),(26,'2008-08-07 12:36:16',29,'206',18,'2147.00','2008-04-18','Pagada',1,0,NULL,50),(27,'2008-08-07 12:40:26',30,'208',19,'1173.00','2008-05-13','Pagada',1,0,NULL,52),(28,'2008-08-07 12:49:16',31,'202',5,'3100.00','2008-04-14','Pagada',1,0,NULL,41),(29,'2008-08-11 11:25:36',32,'203',1,'3100.00','2008-04-14','Pagada',1,0,NULL,41),(30,'2008-08-11 11:28:52',33,'201',4,'20411.00','2008-04-11','Pagada',1,0,NULL,12),(31,'2008-08-11 11:49:34',37,'211',1,'3100.00','2008-05-19','Pagada',1,0,NULL,43),(32,'2008-08-11 11:50:30',38,'212',1,'3100.00','2008-05-19','Pagada',1,0,NULL,43),(33,'2008-08-11 11:58:26',41,'207',21,'2870.00','2008-05-15','Pagada',1,0,NULL,51),(34,'2008-08-11 12:01:24',42,'213',16,'14968.00','2008-05-19','Pagada',1,0,NULL,19),(35,'2008-08-11 12:03:31',43,'213',8,'1128.00','2008-05-19','Pagada',0,0,NULL,NULL),(36,'2008-08-11 12:05:49',44,'209',17,'34246.00','2008-05-15','Pagada',1,0,NULL,21),(37,'2008-08-11 12:07:55',45,'218',22,'927.00','2008-06-11','Pagada',0,0,NULL,NULL),(38,'2008-08-11 12:09:28',46,'219',9,'664.00','2008-06-18','Pagada',0,0,NULL,NULL),(39,'2008-08-11 12:10:31',47,'215',21,'2870.00','2008-05-22','Pagada',1,0,NULL,53),(40,'2008-08-11 12:11:44',48,'220',1,'3100.00','2008-06-18','Pagada',1,0,NULL,44),(41,'2008-08-11 12:13:40',49,'221',5,'3100.00','2008-06-18','Pagada',1,0,NULL,44),(42,'2008-08-11 12:15:21',50,'184',23,'44504.00','2008-02-07','Pagada',1,0,NULL,1),(43,'2008-08-11 12:24:18',52,'216',4,'12306.00','2008-05-26','Pagada',1,0,NULL,15),(44,'2008-08-11 12:26:36',53,'229',1,'3100.00','2008-07-17','Pagada',0,0,NULL,NULL),(45,'2008-08-11 12:28:13',55,'217',10,'37120.00','2008-05-27','Pagada',1,0,NULL,22),(46,'2008-08-11 12:33:17',57,'208',19,'3120.00','2008-05-13','Pagada',0,0,NULL,NULL),(47,'2008-08-11 12:38:19',58,'223',12,'2461.00','2008-06-30','Pagada',1,0,NULL,16),(48,'2008-08-11 12:39:32',59,'227',8,'1128.00','2008-07-02','Pagada',0,0,NULL,NULL),(49,'2008-08-11 12:54:45',60,'222',4,'18660.00','2008-06-18','Pagada',0,0,NULL,NULL),(50,'2008-08-11 12:56:54',61,'224',17,'2661.00','2008-07-02','Pagada',0,0,NULL,NULL),(51,'2008-08-12 11:01:29',62,'228',11,'2661.00','2008-02-07','Pagada',1,0,NULL,28),(52,'2008-08-12 11:07:39',64,'231',17,'1128.00','2008-07-07','Pagada',0,0,NULL,NULL),(53,'2008-08-12 11:15:26',65,'229',1,'3100.00','2008-07-17','Pagada',0,0,NULL,NULL),(54,'2008-08-12 11:30:33',66,'232',12,'2661.00','2008-07-17','Pagada',1,0,NULL,27),(55,'2008-08-12 11:32:03',67,'233',25,'345.00','2008-07-17','Pagada',0,0,NULL,NULL),(56,'2008-08-12 11:35:12',69,'230',4,'24813.00','2008-07-17','Pagada',1,0,NULL,25),(57,'2008-08-12 11:45:00',72,'224',28,'1128.00','2008-07-02','Pagada',1,0,NULL,20),(58,'2008-09-26 13:01:15',105,'225',24,'61734.00','2008-07-02','Pagada',1,0,NULL,24),(59,'2008-10-03 14:55:51',107,'234',11,'14968.20','2008-07-31','Pagada',0,0,NULL,NULL),(60,'2008-10-03 15:01:49',82,'235',12,'6353.40','2008-07-31','Pagada',0,0,NULL,NULL),(61,'2008-10-03 15:02:54',97,'236',10,'108500.00','2008-08-13','Pagada',0,0,NULL,NULL),(62,'2008-10-03 15:04:33',81,'237',31,'34245.30','2008-08-13','Pagada',1,0,NULL,33),(63,'2008-10-03 15:16:47',96,'238',1,'6000.00','2008-08-20','Pagada',1,0,NULL,45),(64,'2008-10-03 15:26:50',108,'239',4,'24813.60','2008-08-22','Pagada',1,0,NULL,29),(65,'2008-10-03 15:32:16',76,'240',5,'3100.00','2008-08-22','Pagada',1,0,NULL,45),(66,'2008-10-03 15:33:25',87,'241',11,'14968.20','2008-08-22','Pagada',1,0,NULL,30),(67,'2008-10-03 15:35:10',89,'242',13,'7556.93','2008-09-02','Pagada',1,0,NULL,42),(68,'2008-10-03 15:36:50',93,'243',15,'345.40','2008-09-03','Pagada',0,0,NULL,NULL),(69,'2008-10-03 15:38:09',79,'244',16,'12014.50','2008-09-03','Pagada',1,0,NULL,32),(70,'2008-10-03 15:42:12',109,'245',17,'927.00','2008-09-08','Pagada',0,0,NULL,NULL),(71,'2008-10-03 15:46:50',110,'246',12,'6353.40','2008-08-09','Pagada',1,0,NULL,34),(72,'2008-10-03 15:47:39',86,'247',9,'1128.00','2008-09-08','Pagada',0,0,NULL,NULL),(73,'2008-10-03 15:48:20',90,'248',29,'664.00','2008-09-08','Pagada',0,0,NULL,NULL),(74,'2008-10-03 15:49:07',92,'249',33,'928.00','2008-09-08','Pagada',0,0,NULL,NULL),(75,'2008-10-03 15:50:47',91,'250',23,'44504.50','2008-09-08','Pagada',0,0,NULL,NULL),(76,'2008-10-03 15:52:41',106,'251',1,'6000.00','2008-09-12','Pagada',0,0,NULL,NULL),(77,'2008-10-03 15:56:56',100,'252',5,'6000.00','2008-09-16','Pagada',0,0,NULL,NULL),(78,'2008-10-03 15:59:54',95,'253',4,'30967.00','2008-09-19','Pagada',1,0,NULL,35),(79,'2008-10-03 16:01:42',85,'254',1,'6000.00','2008-09-19','Pagada',1,0,NULL,46),(80,'2008-10-03 16:02:19',102,'255',5,'3100.00','2008-09-23','Pendiente',1,0,NULL,47),(81,'2008-10-08 12:53:45',101,'256',29,'664.00','2008-09-29','Pendiente',0,0,NULL,NULL),(82,'2008-10-08 12:55:28',94,'257',20,'66102.90','2008-09-29','Pendiente',0,0,NULL,NULL),(83,'2008-10-10 16:21:39',114,'190',35,'1173.56','2008-02-19','Pagada',1,0,NULL,49),(84,'2008-10-10 16:46:09',115,'226',19,'2796.16','2008-07-02','Pagada',1,0,NULL,54),(85,'2009-01-20 11:25:00',164,'292',1,'6000.00','2009-01-12','Pagada',0,0,NULL,NULL),(86,'2009-01-30 14:19:09',176,'293',45,'831.12','2009-01-28','Pendiente',0,0,NULL,NULL),(87,'2009-01-30 14:20:21',173,'294',1,'3100.00','2009-01-29','Pendiente',0,0,NULL,NULL),(88,'2010-01-12 12:19:24',414,'438',NULL,'5844.38','2009-11-17','Pagada',NULL,0,'2009-11-18 00:00:00',NULL),(89,'2010-01-12 12:21:53',412,'447',NULL,'35477.25','2009-12-15','Pagada',NULL,0,'2009-12-19 00:00:00',NULL),(90,'2010-01-12 12:29:09',409,'434',NULL,'4472.00','2009-11-05','Pagada',NULL,0,NULL,NULL),(91,'2010-01-12 12:44:44',408,'440',NULL,'6000.00','2009-11-17','Pagada',NULL,0,NULL,NULL),(92,'2010-01-12 12:47:03',407,'443',NULL,'10100.00','2009-11-27','Pagada',NULL,0,NULL,NULL),(93,'2010-01-12 12:48:13',406,'446',NULL,'4472.00','2009-12-15','Pagada',NULL,0,NULL,NULL),(94,'2010-01-12 12:49:44',401,'430',NULL,'7340.00','2009-10-20','Pagada',NULL,0,NULL,NULL),(95,'2010-01-12 13:25:33',415,'449',NULL,'2056.00','2009-12-18','Pagada',NULL,0,NULL,NULL),(96,'2010-01-18 13:23:21',441,'467',NULL,'896.00','2010-01-05','Pagada',NULL,0,NULL,NULL),(97,'2010-01-18 14:48:39',443,'114',NULL,'3100.00','2010-01-14','Pagada',NULL,0,NULL,NULL),(98,'2010-01-18 15:46:09',445,'469',NULL,'10499.71','2010-01-12','Pagada',NULL,1,NULL,84),(99,'2010-01-20 10:15:11',436,'471',NULL,'89098.76','2010-01-14','Pagada',NULL,0,NULL,NULL),(100,'2010-01-21 14:59:54',450,'474',NULL,'14310.90','2010-01-22','Pagada',NULL,0,NULL,NULL),(101,'2010-01-27 13:08:45',453,'477',NULL,'896.00','2010-01-26','Pagada',NULL,0,NULL,NULL),(102,'2010-01-27 13:16:34',446,'476',NULL,'6000.00','2010-01-22','Pagada',NULL,0,NULL,NULL),(103,'2010-01-27 15:20:31',449,'472',NULL,'3100.00','2010-01-19','Pagada',NULL,0,NULL,NULL),(104,'2010-01-27 15:21:00',451,'473',NULL,'6000.00','2010-01-19','Pagada',NULL,0,NULL,NULL),(105,'2010-01-27 15:21:27',440,'464',NULL,'6000.00','2010-01-04','Pagada',NULL,0,NULL,NULL),(106,'2010-02-22 10:53:20',448,'481',NULL,'5844.38','2010-02-17','Pagada',NULL,0,NULL,NULL),(107,'2010-02-22 11:09:47',454,'482',NULL,'17133.09','2010-02-17','Pagada',NULL,0,NULL,NULL),(108,'2010-02-22 11:17:09',457,'483',NULL,'664.00','2010-02-17','Pagada',NULL,0,NULL,NULL),(109,'2010-02-22 11:20:43',467,'484',NULL,'896.00','2010-02-17','Pagada',NULL,0,NULL,NULL),(110,'2010-03-05 10:18:22',471,'488',NULL,'17113.29','2010-03-05','Pagada',NULL,0,NULL,NULL),(111,'2010-03-05 10:19:31',459,'489',NULL,'35477.25','2010-02-25','Pagada',NULL,0,NULL,NULL),(112,'2010-03-05 10:21:26',466,'490',NULL,'3980.00','2010-02-25','Pagada',NULL,0,NULL,NULL),(113,'2010-03-05 10:22:50',472,'491',NULL,'7245.55','2010-03-02','Pagada',NULL,0,NULL,NULL),(114,'2010-03-08 13:34:25',460,'494',NULL,'4472.00','2010-03-05','Pagada',NULL,0,NULL,NULL),(115,'2010-03-12 12:38:32',479,'492',NULL,'4123.70','2010-03-03','Pagada',NULL,0,NULL,NULL),(116,'2010-03-12 12:39:03',478,'493',NULL,'3100.00','2010-03-02','Pagada',NULL,0,NULL,NULL),(117,'2010-03-18 10:42:49',474,'487',NULL,'6000.00','2010-02-19','Pagada',NULL,0,NULL,NULL),(118,'2010-03-22 09:21:40',484,'497',NULL,'664.00','2010-03-05','Pendiente',NULL,0,NULL,NULL),(119,'2010-03-29 10:34:49',499,'499',NULL,'63609.95','2010-03-25','Pagada',NULL,0,NULL,NULL),(120,'2010-04-12 10:22:08',461,'496',NULL,'1460.00','2010-03-05','Pagada',NULL,0,NULL,NULL),(121,'2010-04-12 10:22:45',500,'504',NULL,'664.00','2010-04-08','Pagada',NULL,0,NULL,NULL),(122,'2010-04-12 10:23:24',505,'505',NULL,'404.00','2010-04-08','Pagada',NULL,0,NULL,NULL),(123,'2010-04-14 13:28:48',481,'501',NULL,'3100.00','2010-03-31','Pagada',NULL,0,NULL,NULL),(124,'2010-04-14 13:29:14',480,'503',NULL,'14291.10','2010-04-08','Pagada',NULL,0,NULL,NULL),(125,'2010-04-16 10:02:46',489,'506',NULL,'896.00','2010-04-13','Pagada',NULL,0,NULL,NULL),(126,'2010-04-21 12:07:32',483,'507',NULL,'1072.40','2010-04-16','Pagada',NULL,0,NULL,NULL),(127,'2010-04-26 09:13:02',482,'498',NULL,'35427.75','2010-02-23','Pagada',NULL,0,NULL,NULL),(128,'2010-04-27 09:58:46',507,'508',NULL,'10499.71','2010-04-20','Pagada',NULL,1,NULL,83),(129,'2010-04-29 12:14:14',503,'509',NULL,'93512.69','2010-04-28','Pagada',NULL,0,NULL,NULL),(130,'2010-05-04 13:58:37',508,'510',NULL,'896.00','2010-04-30','Pagada',NULL,0,NULL,NULL),(131,'2010-05-12 13:18:36',476,'512',NULL,'56643.60','2010-05-11','Pagada',NULL,0,NULL,NULL),(132,'2010-05-21 13:01:13',495,'513',NULL,'8210.00','2010-05-11','Pagada',NULL,0,NULL,NULL),(133,'2010-05-27 15:07:15',506,'514',NULL,'37189.15','2010-05-11','Pagada',NULL,0,NULL,NULL),(134,'2010-05-27 15:27:35',512,'516',NULL,'2984.00','2010-05-14','Pagada',NULL,0,NULL,NULL),(135,'2010-05-27 15:28:27',513,'517',NULL,'1460.00','2010-05-14','Pagada',NULL,0,NULL,NULL),(136,'2010-06-04 11:37:21',524,'520',NULL,'3100.00','2010-05-28','Pagada',NULL,0,NULL,NULL),(137,'2010-06-04 11:37:57',525,'521',NULL,'620.00','2010-05-28','Pagada',NULL,0,NULL,NULL),(138,'2010-06-04 11:38:24',511,'524',NULL,'3100.00','2010-06-03','Pagada',NULL,0,NULL,NULL),(139,'2010-06-04 11:40:34',518,'523',NULL,'896.00','2010-06-03','Pagada',NULL,0,NULL,NULL),(140,'2010-06-08 12:28:36',522,'525',NULL,'896.00','2010-06-03','Pagada',NULL,0,NULL,NULL),(141,'2010-06-16 12:43:33',537,'528',NULL,'1128.00','2010-06-14','Pagada',NULL,0,NULL,NULL),(142,'2010-06-16 12:44:01',514,'529',NULL,'6126.60','2010-06-15','Pagada',NULL,0,NULL,NULL),(143,'2010-06-22 11:30:00',527,'530',NULL,'10100.00','2010-06-17','Pagada',NULL,0,NULL,NULL),(144,'2010-06-22 11:30:32',490,'531',NULL,'14291.10','2010-06-17','Pagada',NULL,0,NULL,NULL),(145,'2010-07-06 10:58:41',520,'534',NULL,'3100.00','2010-06-28','Pagada',NULL,0,NULL,NULL),(146,'2010-07-06 10:59:17',539,'532',NULL,'896.00','2010-06-23','Pagada',NULL,0,NULL,NULL),(147,'2010-07-06 11:00:06',543,'535',NULL,'4123.70','2010-06-29','Pagada',NULL,0,NULL,NULL),(148,'2010-07-06 11:00:38',542,'533',NULL,'10499.71','2010-06-23','Pagada',NULL,0,NULL,NULL),(149,'2010-07-06 11:01:34',532,'527',NULL,'7597.83','2010-06-09','Pagada',NULL,0,NULL,NULL),(150,'2010-07-06 11:02:18',438,'526',NULL,'7255.45','2010-06-08','Pagada',NULL,0,NULL,NULL),(151,'2010-07-13 09:38:46',538,'536',NULL,'896.00','2010-07-07','Pagada',NULL,0,NULL,NULL),(152,'2010-07-21 11:25:12',553,'538',NULL,'5768.00','2010-07-12','Pagada',NULL,0,NULL,NULL),(153,'2010-07-21 11:25:51',536,'539',NULL,'1460.00','2010-07-12','Pagada',NULL,0,NULL,NULL),(154,'2010-07-21 11:26:16',528,'540',NULL,'37189.15','2010-07-16','Pagada',NULL,0,NULL,NULL),(155,'2010-07-21 11:26:39',558,'541',NULL,'7597.83','2010-07-19','Pagada',NULL,0,NULL,NULL),(156,'2010-07-27 14:09:16',540,'542',NULL,'6126.60','2010-07-22','Pagada',NULL,0,NULL,NULL),(157,'2010-07-29 11:30:00',552,'543',NULL,'702.24','2010-07-26','Pagada',NULL,0,NULL,NULL),(158,'2010-08-06 10:35:49',510,'547',NULL,'441.80','2010-08-04','Pagada',NULL,0,NULL,NULL),(159,'2010-08-10 09:53:04',556,'545',NULL,'896.00','2010-07-26','Pagada',NULL,0,NULL,NULL),(160,'2010-08-23 13:24:32',585,'550',NULL,'1128.00','2010-08-18','Pendiente',NULL,0,NULL,NULL),(161,'2010-09-09 14:47:55',582,'551',NULL,'6920.00','2010-08-23','Pagada',NULL,0,NULL,NULL),(162,'2010-09-09 14:48:27',565,'552',NULL,'37189.15','2010-08-23','Pagada',NULL,0,NULL,NULL),(163,'2010-09-09 14:48:51',559,'553',NULL,'8744.00','2010-08-23','Pagada',NULL,0,NULL,NULL),(164,'2010-09-09 14:49:20',564,'554',NULL,'3980.00','2010-08-23','Pagada',NULL,0,NULL,NULL),(165,'2010-09-09 14:49:48',592,'555',NULL,'89099.00','2010-08-30','Pagada',NULL,0,NULL,NULL),(166,'2010-09-13 17:04:08',516,'522',NULL,'66780.47','2010-05-28','Pagada',NULL,0,NULL,NULL),(167,'2010-09-14 10:52:41',594,'560',NULL,'896.00','2010-08-30','Pagada',NULL,0,NULL,NULL);
/*!40000 ALTER TABLE `invoices` ENABLE KEYS */;
UNLOCK TABLES;

--
-- Table structure for table `notes`
--

DROP TABLE IF EXISTS `notes`;
SET @saved_cs_client     = @@character_set_client;
SET character_set_client = utf8;
CREATE TABLE `notes` (
  `id` int(10) unsigned NOT NULL auto_increment,
  `patient_id` int(10) unsigned NOT NULL,
  `created_at` datetime default NULL,
  `text` text,
  `user_id` int(10) unsigned NOT NULL,
  PRIMARY KEY  (`id`)
) ENGINE=InnoDB AUTO_INCREMENT=36 DEFAULT CHARSET=utf8;
SET character_set_client = @saved_cs_client;

--
-- Dumping data for table `notes`
--

LOCK TABLES `notes` WRITE;
/*!40000 ALTER TABLE `notes` DISABLE KEYS */;
INSERT INTO `notes` VALUES (1,33,'2009-02-05 14:31:44','Se le entregó 1 Ambutyrate polvo 100g(prof 182)falta entregar el 2do frasco',4),(2,14,'2009-02-05 14:32:40','',4),(3,14,'2009-02-05 14:33:17','Se le entregaron 2 frascos de orfadin de 5mg',4),(4,14,'2009-02-05 14:33:49','',4),(5,14,'2009-02-05 14:34:28','Los 2 frascos corresponden a la prof 177',4),(6,24,'2009-02-05 14:36:15','',4),(7,24,'2009-02-05 14:37:28','Se le entragaron 2 frascos de Ambutyrate oral solution,prof 181',4),(8,4,'2009-02-05 14:38:02','',4),(9,4,'2009-02-05 14:39:18','Se le entregaron 4 frascos de Orfadin,prof 174',4),(10,40,'2009-02-16 15:31:20','Se le entregó el 13/2/09 una caja de Amzoate de 10 ampollas',4),(11,1,'2009-03-11 11:19:22','11/3/09 se enregaron 2 Buphenyls a Ospí­a',4),(12,4,'2009-03-11 11:20:45','9/3/09 Se entregó por adelantado 1 orfadin de 5mg.',4),(13,28,'2009-03-11 11:23:02','Tati entregó en Instituto Canguru 2 Ambutyrates en polvo para Caterina',4),(14,24,'2009-03-12 09:44:56','Se le entregó un frasco de Ambutyrate oral solution, y la proforma(está sin pagar)',4),(15,24,'2009-05-06 16:17:02','Se le entregó 1 frasco de Ambutyrate oral solution',4),(16,43,'2009-05-15 12:27:14','Se mandaron 5 frascos de Cystagon de 150mg al Ministerio De Salud de Córdoba el 14/5/09',4),(17,49,'2009-05-15 12:29:12','Se entregó un frasco de 2mg al Gutierrez el 14/5/09. Es el tercer frasco que se entregó.',4),(18,47,'2009-05-15 12:30:14','Se entregaron 6 frascos de Ambutyrate en tabletas a la madre el 8/5/09',4),(19,6,'2009-05-15 12:32:13','Se adelantó 1 frasco de betaaí­na el 14/5/09. Faltan entregar 9 frascos del pedido.',4),(20,22,'2009-06-01 11:05:12','Se envió a JDantur 2 Orfadin de 5mg por expreso Vosa. Se completó el pedido de la proforma nÂº178',4),(21,41,'2009-06-03 11:11:36','Se entregó un Orfadin de 2mg. Se lo envió a la minicipalidad de La Francia ,Córdoba',4),(22,51,'2009-07-02 11:13:55','Se entregaron 2 envases de Buphenyl Tabletas a Iosper por expreso San José',4),(23,47,'2009-07-02 11:16:16','Se entregó al papá 6 frascos de Ambutyrate tabletas, por adelantado, el 24/6/2009',4),(24,31,'2009-07-02 11:18:04','Se entregaron 3 envases de Cystagon a Compañí­a de Servicios Farmacéuticios el 26/6/2009',4),(25,22,'2009-07-02 11:29:39','Se envió ayer a Dantur un frasco de 10mg del nuevo oedido',4),(26,11,'2009-07-02 11:30:59','Se entregaron ayer 6 frascos de Buphenyl en tabletas',4),(27,1,'2009-07-02 11:32:08','Se entregó el 30/6/2009 2 Buphenyls a Ospí­a',4),(28,5,'2009-07-02 11:33:10','Se entregó el 30/6/2009 1 frasco de Buphenyl en polvo',4),(29,1,'2009-07-20 10:37:52','Se entregó en Ospia 1 Buphenyl en polvo ,profoma 287',4),(30,24,'2009-07-21 09:54:12','Se entregaron 2 frascos de Ambutyrate oral solution,prof 326',4),(31,33,'2009-07-22 12:56:56','Se entregaron 2 frascos de Ambutyrate en polvo, prof nÂº 332',4),(32,57,'2009-09-11 12:43:33','Se entregó el segundo NTBC de 2mg el 31/8/2008',4),(33,49,'2009-09-11 12:44:59','Se entregó un frasco de 5mg el 19/8/2009',4),(34,49,'2009-09-11 12:45:40','Se entregó un frasco de 5mg el 11/9/2009',4),(35,34,'2009-09-11 12:46:34','Se entregó un frasco de 5mg de NTBC ',4);
/*!40000 ALTER TABLE `notes` ENABLE KEYS */;
UNLOCK TABLES;

--
-- Table structure for table `patient_product_stock`
--

DROP TABLE IF EXISTS `patient_product_stock`;
SET @saved_cs_client     = @@character_set_client;
SET character_set_client = utf8;
CREATE TABLE `patient_product_stock` (
  `id` bigint(20) NOT NULL auto_increment,
  `version` bigint(20) NOT NULL,
  `next_id` bigint(20) default NULL,
  `notified` bit(1) NOT NULL,
  `patient_id` bigint(20) NOT NULL,
  `product_id` bigint(20) NOT NULL,
  `proforma_id` bigint(20) NOT NULL,
  `running_out_of_stock_date` datetime NOT NULL,
  `start_date` datetime NOT NULL,
  PRIMARY KEY  (`id`),
  KEY `FKB351080C7C7A5EC8` (`next_id`),
  KEY `FKB351080C2F7C98EF` (`patient_id`),
  KEY `FKB351080C6E093105` (`proforma_id`),
  KEY `FKB351080C2F8F58AF` (`product_id`)
) ENGINE=MyISAM DEFAULT CHARSET=utf8;
SET character_set_client = @saved_cs_client;

--
-- Dumping data for table `patient_product_stock`
--

LOCK TABLES `patient_product_stock` WRITE;
/*!40000 ALTER TABLE `patient_product_stock` DISABLE KEYS */;
/*!40000 ALTER TABLE `patient_product_stock` ENABLE KEYS */;
UNLOCK TABLES;

--
-- Table structure for table `patients`
--

DROP TABLE IF EXISTS `patients`;
SET @saved_cs_client     = @@character_set_client;
SET character_set_client = utf8;
CREATE TABLE `patients` (
  `id` int(10) unsigned NOT NULL auto_increment,
  `first_name` varchar(45) default NULL,
  `last_name` varchar(45) default NULL,
  `client_id` int(10) unsigned default NULL,
  `status` enum('Enabled','Disabled','Deleted') default 'Enabled',
  `telephone` varchar(45) default NULL,
  `contact` varchar(45) default NULL,
  `version` bigint(20) default NULL,
  `adverse_event` varchar(255) default NULL,
  `birth` datetime default NULL,
  `clinical_history` varchar(255) default NULL,
  `clinical_status` varchar(255) default NULL,
  `country_id` bigint(20) default NULL,
  `delivery_address` varchar(255) default NULL,
  `dose` double default NULL,
  `height` double default NULL,
  `pathology` varchar(255) default NULL,
  `physician` varchar(255) default NULL,
  `weight` double default NULL,
  `dose_unit` varchar(2) default NULL,
  `initials` varchar(255) default NULL,
  PRIMARY KEY  (`id`),
  KEY `FK49A9760ED5F7034F` (`country_id`),
  KEY `FK49A9760EC07819E5` (`client_id`)
) ENGINE=MyISAM AUTO_INCREMENT=98 DEFAULT CHARSET=utf8;
SET character_set_client = @saved_cs_client;

--
-- Dumping data for table `patients`
--

LOCK TABLES `patients` WRITE;
/*!40000 ALTER TABLE `patients` DISABLE KEYS */;
INSERT INTO `patients` VALUES (1,'Ignacio','Levandowsky',1,'Enabled','44427329','Carina Levandowsky (madre)',5,NULL,'2003-01-10 00:00:00',NULL,'Bueno',1,NULL,10,NULL,'Alteracion del Ciclo de la Urea','Kleppe, Soledad',NULL,NULL,'IL'),(2,'Facundo','Vallejos',2,'Enabled','03783430595','Drogueria Itati',4,NULL,'1999-10-12 00:00:00',NULL,'Bueno',1,NULL,5,NULL,'Cistinosis','Hidalgo, Susana',12.1,NULL,'FV'),(3,'Juan Cruz','Rotta',98,'Enabled','0375415414701','Diego Rotta (padre)',7,NULL,'2005-11-15 00:00:00',NULL,'Bueno',1,NULL,18,NULL,'Tirosinemia','Eiroa, Hernan',15,NULL,'JCR'),(4,'Lucas','Contreras',4,'Enabled','02302434171 / 15488809 ','Marcela (madre)',6,NULL,'2004-04-29 00:00:00',NULL,'Bueno',1,NULL,34,NULL,'Tirosinemia','Caglio, Patricia',19,NULL,'LuC'),(5,'Maximo','Tortollini',5,'Enabled','1551783880','Javier (padre)',8,NULL,'2005-11-08 00:00:00',NULL,'Bueno',1,NULL,10,NULL,'Alteracion del ciclo de la  Urea','Kleppe, Soledad',NULL,NULL,'MT'),(6,'Melina','Mainardi',22,'Enabled','03562422502','Nestor (padre)',4,NULL,'1991-05-04 00:00:00',NULL,'Bueno',1,NULL,10,NULL,'Homocistinuria Clasica','Kremer, Raquel',NULL,NULL,'MM'),(8,'Candela','Altamira',9,'Enabled','03543447044 / 156209922','Mariana (madre)',4,NULL,'2007-06-14 00:00:00',NULL,'Bueno',1,NULL,0.5,NULL,'Acidemia propionica','Kremer',NULL,NULL,'CA'),(9,'VGPF','VGPF',41,'Enabled','00551150817396','Instituto Canguru',1,NULL,'2009-11-16 00:00:00',NULL,NULL,1,NULL,NULL,NULL,NULL,NULL,NULL,NULL,'VGPF'),(10,'Ariadna','Coronel',12,'Deleted','','',1,NULL,NULL,NULL,NULL,1,NULL,NULL,NULL,NULL,NULL,NULL,NULL,'AC'),(11,'Marlene','Guercio',13,'Enabled','0222715440258 / 02272420354','Josefina (madre)',5,NULL,'1997-02-14 00:00:00',NULL,'Bueno',1,NULL,16,NULL,'Alteracion del Ciclo de la Urea','Eiroa Hernan',NULL,NULL,'MG'),(12,'NO','NO',10,'Disabled','','',1,NULL,NULL,NULL,NULL,1,NULL,NULL,NULL,NULL,NULL,NULL,NULL,'NN'),(13,'Natali','Singh',97,'Enabled','035145886473','CEMECO',1,NULL,NULL,NULL,NULL,1,NULL,NULL,NULL,NULL,NULL,NULL,NULL,'NS'),(14,'Gianella','Maldonado',51,'Enabled','0351156795626','Nancy (madre)',6,NULL,'2006-10-01 00:00:00',NULL,'Bueno',1,NULL,10,NULL,'Tirosinemia','Perichon, Gabriela',NULL,NULL,'GM'),(15,'Ricardo','Noriega',17,'Disabled','','',0,NULL,NULL,NULL,NULL,1,NULL,NULL,NULL,NULL,NULL,NULL,NULL,'RN'),(16,'Alfonso','Sana Neto',31,'Enabled','00551150817396','Instituto Canguru',8,NULL,'2002-03-26 00:00:00','Start date 10/07/2002','Bueno',2,NULL,7.5,NULL,'Tirosinemia','de Souza, Carolina',NULL,'mg','ASN'),(17,'Cristian','Guanco',18,'Enabled','03884261758','Gustavo Poccioni (Drogueria)',5,NULL,'2002-10-10 00:00:00',NULL,'Bueno',1,NULL,5,NULL,'Cistinosis',NULL,NULL,NULL,'CG'),(18,'Santino','Ocampo',19,'Enabled','0372215700656 / 15715560','Mariana (madre)',5,NULL,'2004-04-13 00:00:00',NULL,'Bueno',1,NULL,20,NULL,'Tirosinemia','Eiroa, Hernan / Luisa Bay',18,NULL,'SO'),(19,'Arantxa Azul','Sola',15,'Enabled','0358154298509','Paola (madre)',3,NULL,'1997-08-15 00:00:00',NULL,'Bueno',1,NULL,6,NULL,'Homocistinuria','Kremer, Raquel',NULL,NULL,'AS'),(20,'No','I',21,'Disabled','','',3,NULL,NULL,NULL,NULL,1,NULL,NULL,NULL,NULL,NULL,NULL,NULL,'NI'),(21,'Sin','Identificar',55,'Enabled','','',23,NULL,NULL,NULL,NULL,1,NULL,NULL,NULL,NULL,NULL,NULL,NULL,'SI'),(22,'Rosario','Zelaya',23,'Enabled','0381154441747','Queca',4,NULL,'2002-11-26 00:00:00',NULL,'Bueno',1,NULL,20,NULL,'Tirosinemia','Eiroa, Hernan',17.2,NULL,'RZ'),(23,'Gabriel','Marinho Gomes',78,'Enabled','00551150817396','Instituto Canguru',4,NULL,'2007-10-12 00:00:00','Start date 07/12/2007','Bueno',2,NULL,12,NULL,'Tirosinemia','de Souza, Carolina',NULL,NULL,'GMG'),(24,'Mateo','Elizalde',29,'Enabled','48160772 / 1541499555','Rafael (padre) / Magda (madre)',5,NULL,'2008-04-03 00:00:00',NULL,'Bueno',1,NULL,4.5,NULL,'Alteracion del ciclo de la Urea','Kleppe, Soledad',NULL,NULL,'ME'),(25,'Michael','Hernandez',25,'Enabled','02944-15689023 / 15343832','Paula (madre)',3,NULL,'2003-07-07 00:00:00',NULL,'Bueno',1,NULL,12.5,NULL,'Homocistinuria','Otermin, Graciela',NULL,NULL,'MH'),(26,'Joaquin','Marchi',27,'Enabled','43726327','Alejandra (madre)',0,NULL,NULL,NULL,NULL,1,NULL,NULL,NULL,NULL,NULL,NULL,NULL,'JM'),(27,'Helio','Segouras',17,'Enabled','00551150817396','Instituto Canguru',0,NULL,NULL,NULL,NULL,1,NULL,NULL,NULL,NULL,NULL,NULL,NULL,'HS'),(28,'Catarina','Magnano',32,'Enabled','','Isabel Magnano',1,NULL,'2009-11-17 00:00:00',NULL,NULL,1,NULL,NULL,NULL,NULL,NULL,NULL,NULL,'CM'),(29,'Matheus','Giovanella',20,'Enabled','00551150817396','Instituto Canguru',3,NULL,'2006-10-01 00:00:00','Start date 31/01/2007','Bueno',2,NULL,1,NULL,'Tirosinemia',NULL,NULL,'mg','MG'),(30,'Rosaura','Lascano',34,'Enabled','','',1,NULL,'2009-11-16 00:00:00',NULL,NULL,1,NULL,NULL,NULL,NULL,NULL,NULL,NULL,'RL'),(31,'Lautaro','Contreras',35,'Enabled','03783-430595','Drogueria Itati',3,NULL,'2002-02-03 00:00:00',NULL,'Bueno',1,NULL,8,NULL,'Cistinosis',NULL,NULL,NULL,'LaC'),(32,'Micaela','Rodriguez',36,'Enabled','1556549423','Andrea (madre)',1,NULL,'1994-09-07 00:00:00',NULL,'Bueno',1,NULL,NULL,NULL,'Alteracion del ciclo de la urea','Marquione, Delfina',NULL,NULL,'MR'),(33,'Victoria','Peralta',37,'Enabled','4798-5152','Maria (madre)',4,NULL,'2000-11-07 00:00:00',NULL,'Bueno',1,NULL,4,NULL,'Alteracion del ciclo de la Urea','Kleppe, Soledad',NULL,NULL,'VP'),(34,'Micaela','Cabrera',102,'Enabled','15-60583302','Oscar (Papa0',5,NULL,'2008-07-30 00:00:00',NULL,'Bueno',1,NULL,8,NULL,'Tirosinemia','Bay, Luisa',NULL,NULL,'MC'),(35,'Luisina','Zabala',38,'Enabled','03571-470695','Angel (padre)',4,NULL,'2004-11-29 00:00:00',NULL,'Bueno',1,NULL,3.2,NULL,'Alteracion del ciclo de la Urea','Guelbert, Norberto',NULL,NULL,'LZ'),(36,'Nicolas','Molinas',19,'Enabled','03722441212','Arnaldo Claro (Biofar)',2,NULL,'2001-07-16 00:00:00',NULL,'Bueno',1,NULL,5,NULL,'Cistinosis',NULL,NULL,NULL,'NM'),(37,'Estefania','Gimenez',39,'Deleted','0341420241','Santiago Pernigotti (Farmacia)',1,NULL,NULL,NULL,NULL,1,NULL,NULL,NULL,NULL,NULL,NULL,NULL,'EG'),(38,'Busquet','Valentina',2,'Deleted','','',1,NULL,NULL,NULL,NULL,1,NULL,NULL,NULL,NULL,NULL,NULL,NULL,'BV'),(39,'Paula','Laporta',45,'Enabled','4501-1288/1557108834','J.C.Laporta',1,NULL,'2009-11-16 00:00:00',NULL,NULL,1,NULL,NULL,NULL,NULL,NULL,NULL,NULL,'PL'),(40,'Genaro','Bognanni',41,'Enabled','(0291)154146985','Juan Ignacio Bognanni',2,NULL,'2006-05-06 00:00:00',NULL,'Bueno',1,NULL,NULL,NULL,'Alteracion del Ciclo de la Urea',NULL,NULL,NULL,'GB'),(41,'Carlos','Catabiano',47,'Enabled','03564 15593962','Jorge Omar',7,NULL,'2000-11-05 00:00:00',NULL,'Bueno',1,NULL,25,NULL,'Tirosinemia','Gellberg, Norberto',20.6,NULL,'CaC'),(42,'Marcela','de Giordano',48,'Enabled','02272 420354','Luis',2,NULL,'1964-03-13 00:00:00',NULL,NULL,1,NULL,NULL,NULL,'Porfidia',NULL,NULL,NULL,'MdG'),(43,'Jenifer','Gonzalez',47,'Enabled','0351-4688688','Karina Gatica',4,NULL,'2000-12-09 00:00:00',NULL,'Bueno',1,NULL,8,NULL,'Cistinosis','Guelbert, Norberto',NULL,NULL,'JG'),(44,'Fernando','Duran',63,'Enabled','NO','Luz Maria Duran',3,NULL,'2009-10-23 00:00:00',NULL,NULL,4,NULL,NULL,NULL,'Tirosinemia',NULL,NULL,NULL,'FD'),(45,'Nadia','Bonocore',75,'Enabled','4205-4078','Gerardo',7,NULL,'2009-10-14 00:00:00',NULL,'Bueno',1,NULL,3,NULL,'Alteracion del ciclo de la Urea','Mariana Nu&amp;amp;ntilde;ez',NULL,'ml','NB'),(46,'Rosaura','Lascano',54,'Enabled','no','no',1,NULL,'2009-12-11 00:00:00',NULL,NULL,1,NULL,NULL,NULL,NULL,NULL,NULL,NULL,'RL'),(47,'Jenifer','Rodriguez',4,'Enabled','43424217','Leandro',2,NULL,'1998-11-02 00:00:00',NULL,'Bueno',1,NULL,20,NULL,'Alteracion del ciclo de la Urea','Eiroa, Hernan',NULL,NULL,'JR'),(48,'Sofia','Noguera Araujo',92,'Enabled','0058-2128704394','Tibisay',3,NULL,'2009-11-17 00:00:00',NULL,NULL,6,'Av Bolivar, edif Tonika. 2do piso, ofic 11.Urb Los Magallanes de Catia.\r\nCaracas. Vnezuela',15,NULL,'Tirosinemia','Carmen Esther Lopez G',NULL,'mg','SN'),(49,'Bautista','Paz',57,'Enabled','02320627393','Ramon Paz',14,NULL,'2008-08-18 00:00:00',NULL,'Bueno',1,NULL,14,NULL,'Tirosinemia tipo 1','Kleppe, Soledad - Galoppo Marcela',NULL,NULL,'BP'),(50,'Cecilia','Consoni',58,'Enabled','00598 99689633','Estela',2,NULL,'2009-11-02 00:00:00',NULL,NULL,1,NULL,NULL,NULL,NULL,NULL,NULL,NULL,'CeC'),(51,'Antonia','Stodola',59,'Enabled','0343-155446987','Ma Ines Fernandez',2,NULL,'2000-05-03 00:00:00',NULL,'Bueno',1,NULL,4,NULL,'Cistinosis','Eiroa, Hernan',NULL,NULL,'AS'),(52,'MSO','NO',62,'Enabled','NO','Ricardo Pires',0,NULL,NULL,NULL,NULL,1,NULL,NULL,NULL,NULL,NULL,NULL,NULL,'MN'),(53,'Chiara','Tinnirello',73,'Enabled','0295 15418469','Karina',4,NULL,'2009-11-17 00:00:00',NULL,NULL,1,NULL,NULL,NULL,NULL,NULL,NULL,NULL,'CT'),(54,'Nicolas','Villar',66,'Enabled','no','Ma Laura Ciotti',1,NULL,'2009-11-16 00:00:00',NULL,NULL,1,NULL,NULL,NULL,NULL,NULL,NULL,NULL,'NV'),(55,'Zaira','Rey',93,'Enabled','4840-2197','Lourdes',8,NULL,'2009-07-23 00:00:00',NULL,'Bueno',1,NULL,4,NULL,'Tirosinemia','Specola, Norma',NULL,NULL,'ZR'),(56,'Alejo','Gonzalez',72,'Enabled','4720 4291','Mariana',2,NULL,'2009-10-23 00:00:00',NULL,NULL,1,NULL,NULL,NULL,'Alteracion del Ciclo de la Urea','Eiroa, Hernan',NULL,NULL,'AG'),(58,'Edgar','Gimenez',39,'Enabled','03414202411','Santiago Pernigotti',1,NULL,'2009-11-16 00:00:00',NULL,NULL,1,NULL,NULL,NULL,NULL,NULL,NULL,NULL,'EG'),(59,'Deifer','Jardim Jardim',79,'Enabled','','',4,NULL,'2007-12-09 00:00:00',NULL,'Bueno',2,NULL,12,NULL,'Tirosinemia','Carolina',NULL,NULL,'DJJ'),(60,'Jo&amp;amp;atilde;o Vitor','de Jesus Souza',78,'Enabled','','',3,NULL,'2007-09-12 00:00:00','Start date 17/04/2009','Bueno',2,NULL,10,NULL,'Tirosinemia','Jose Tenorio',NULL,NULL,'DJJ'),(61,'Luis Augusto','dos Santos Pinto',78,'Enabled','','',4,NULL,'2008-09-25 00:00:00','Start date 25/07/2009','Bueno',2,NULL,10,NULL,'Tirosinemia','de Souza, Carolina',NULL,NULL,'LASP'),(62,'Matheus','Frasson Cabral',78,'Enabled','','',2,NULL,'2009-05-02 00:00:00','Start date 06/07/2009','Bueno',2,NULL,7,NULL,'Tirosinemia','Hector',NULL,NULL,'MFC'),(63,'Mateus','dos Santos Oliveira',78,'Enabled','','',4,NULL,'1995-04-07 00:00:00','Start date 10/02/2006','Bueno',2,NULL,0.5,NULL,'Tirosinemia','de Souza, Carolina',NULL,'mg','MSO'),(64,'Vit&amp;oacute;ria Gabriela','Portes de Fran&amp;ccedil;a',78,'Enabled','','',2,NULL,'2003-05-18 00:00:00','Start date 29/09/2003','Bueno',2,NULL,21,NULL,'Tirosinemia','Adriane Celli',NULL,NULL,'VGPF'),(65,'Miriam','Amarillo',59,'Enabled','0343-4204571','Iosper',5,NULL,'1988-06-19 00:00:00',NULL,'Bueno',1,NULL,9,NULL,'Cistinocis','Hernan Eiroa',NULL,'mg','MA'),(66,'Valentina','Busquet',17,'Enabled','','',2,NULL,'1981-12-18 00:00:00',NULL,NULL,1,NULL,1500,NULL,'Cistinosis','Rodriguez, Elena / Olivarez',NULL,NULL,'VB'),(57,'Zaira','Rey',1,'Deleted',NULL,NULL,NULL,NULL,NULL,NULL,NULL,1,NULL,NULL,NULL,NULL,NULL,NULL,NULL,'ZR'),(7,'Franco','Viggiano',8,'Deleted',NULL,NULL,NULL,NULL,NULL,NULL,NULL,1,NULL,NULL,NULL,NULL,NULL,NULL,NULL,'FV'),(67,'Carla','Isla Nu&ntilde;ez',63,'Deleted','','',2,NULL,'2009-10-22 00:00:00',NULL,NULL,4,NULL,NULL,NULL,'Tirosinemia','Rain Man Erna',NULL,NULL,'CI'),(68,'Corina','Ulloa Bahamondes',63,'Enabled','','',4,NULL,'1998-11-04 00:00:00','Male pat - Started NTBC 30/10/2002 -','WELL',4,NULL,20,NULL,'Tirosinemia','Erna Raimann',NULL,'mg','CUB'),(69,'Damian','Salamanca Ubierna',63,'Deleted','','',2,NULL,'2009-10-22 00:00:00',NULL,NULL,4,NULL,NULL,NULL,'Tirosinemia','Rain Man Erna',NULL,NULL,'DS'),(70,'Damian','Cuba Ferenandez',63,'Enabled','','',2,NULL,'2009-10-22 00:00:00',NULL,NULL,4,NULL,NULL,NULL,'Tirosinemia','Rain Man Erna',NULL,NULL,'DCF'),(71,'Florencia','Ramirez Valle',63,'Deleted','','',2,NULL,'2009-10-22 00:00:00',NULL,NULL,4,NULL,NULL,NULL,'Tirosinemia','Rain Man Erna',NULL,NULL,'FR'),(72,'Jordan ','Alegria Cepeda',63,'Deleted','','',4,NULL,'2009-10-22 00:00:00',NULL,NULL,4,NULL,NULL,NULL,'Tirosinemia','                                        ',NULL,NULL,'JAC'),(73,'Miguel','Matamala Jofre',63,'Deleted','','',2,NULL,'2009-10-22 00:00:00',NULL,NULL,4,NULL,NULL,NULL,'Tirosinemia','Rain Man Erna',NULL,NULL,'MM'),(74,'Solange','Leal Zeh',63,'Enabled','','',5,'No ','1996-01-08 00:00:00','Pac Fem - Started NTBC 12/04/1996 - ','WELL',4,NULL,40,NULL,'Tirosinemia TIPO I','Raimann Erna',NULL,'mg','SLZ'),(75,'Valentina','Hormazabal Jaque',63,'Enabled','','',3,NULL,'2003-08-19 00:00:00','Pat Fem - Started NTBC 13/05/2004 ','WELL',4,NULL,20,NULL,'Tirosinemia','Erna Raimann',NULL,'mg','VHF o VHJ'),(76,'Sofia','Vivanco',17,'Enabled','','',4,NULL,'2009-11-03 00:00:00',NULL,NULL,4,NULL,NULL,NULL,'Alteracion del ciclo de la urea',NULL,NULL,NULL,'VS'),(77,'Gaston Alejandro','Pacheco',54,'Enabled','15 5 9368185','Gaston',2,NULL,'2008-08-12 00:00:00',NULL,NULL,1,NULL,500,NULL,'Alteracion del Ciclo de la Urea','Delfina Markione',NULL,'mg','GP'),(78,'Solange ','Leal Zeh ',63,'Deleted','','',1,NULL,'2010-01-20 00:00:00',NULL,NULL,4,NULL,NULL,NULL,'Tirosinemia ',NULL,NULL,NULL,'SLZ'),(79,'Dami&amp;aacute;n','Salamanca Ubierna ',63,'Enabled','','',2,'NO','2003-10-21 00:00:00','Male pat - Started NTBC 10/06/2004 - ','WELL',4,NULL,20,NULL,'Tirosinemia','Erna Raimann',NULL,'mg','DSU'),(80,'Valentina','Hormazábal Jaque',63,'Deleted','','',1,NULL,'2004-01-21 00:00:00',NULL,NULL,4,NULL,NULL,NULL,'Tirosinemia',NULL,NULL,NULL,'VHJ'),(81,'Eduardo','Cuba Fernandez',63,'Enabled','','',1,'NO','2006-05-25 00:00:00','Male pat - Started NTBC Aug 10 2006 - ','WELL',4,NULL,20,NULL,'Tirosinemia','Erna Raimann',NULL,'mg','ECF'),(82,'Florencia','Ram&amp;iacute;rez Valle',63,'Enabled','','',2,NULL,'2008-03-12 00:00:00','Fem Pat - Started NTBC Sept 24 2009 -','WELL',4,NULL,7,NULL,'Tirosinemia','Erna Raimann',NULL,'mg','FRV'),(83,'Corina','Ulloa Bahamondes',63,'Deleted','','',1,NULL,'1999-01-21 00:00:00',NULL,NULL,4,NULL,NULL,NULL,'Tirosinemia',NULL,NULL,NULL,'CUB'),(84,'Miguel &amp;Aacute;ngel ','Matamala Jofre',63,'Enabled','','',2,'NO','2003-10-14 00:00:00','male pat - Started NTBC 08/03/2004-','WELL',4,NULL,20,NULL,'Tirosinemia','Erna Raimann',NULL,'mg','MMJ'),(85,'Jord&aacute;n','Alegr&iacute;a Cepeda',63,'Enabled','','',1,'NO ','2002-01-16 00:00:00','Pac Male- Started NTBC 19/4/2002 - ','WELL',4,NULL,40,NULL,'Tirosinemia','Erna Raimann',NULL,'mg','YAC'),(86,'Carla ','Isla N&uacute;&ntilde;ez',63,'Enabled','','',1,'NO','2005-07-04 00:00:00','Fem pat - Started NTBC Oct 13 2005 - ','WELL',4,NULL,20,NULL,'Tirosinemia','Erna Raimann',NULL,'mg','CIN'),(87,'Pía','Acevedo A',94,'Enabled','155713187','Lidia',1,NULL,'2009-01-24 00:00:00',NULL,'bueno',1,NULL,1.5,NULL,'citrulinemia','Dra Bay',NULL,'mg','PA'),(88,'Deborah','Norambuena',63,'Enabled','','',0,NULL,'2010-07-25 00:00:00',NULL,'WELL',4,'Padres Jaime y Valeria\r\nProd Cooler 20 UVA',NULL,NULL,'PKU ','Veronica Cornejo ',NULL,NULL,'DN'),(89,'Carmen Gloria ','Opitz ',63,'Enabled','653-6365 ','Carmen Gloria (madre)',0,NULL,'2010-07-25 00:00:00',NULL,NULL,4,'Carmen Gloria Opitz Arancibia\r\nAbogado Actos y Contratos \r\nBanlegal \r\nAgustinas 975, piso 7 \r\nSantiago – Chile \r\nTel: 653-6365 ; Fax: 653-6386 \r\ncopitz.promarket@bancochile.cl \r\n\r\n',NULL,NULL,'PKU - Neophe',NULL,NULL,NULL,'CO'),(90,'Luciana','Goria',41,'Enabled','0264154449191','papá',0,NULL,'2010-08-02 00:00:00',NULL,'Bueno',1,'Barrio Parque Independencia\r\nChimbas San Juan',15,NULL,'Alteración del metabolismo de los ácidos biliares','Marcela Galoppo',NULL,'ml','LG'),(91,'Daniela ','Mariotti',19,'Enabled','','Dra Amanda Benitez',0,NULL,'2008-04-18 00:00:00',NULL,'Bueno',1,'Droguería Biofar.\r\nLopez y Planes 555.\r\nRsistenciA Chaco',100,NULL,'Alteración del ciclo de la urea','Dra Amanda Benitez',NULL,'mg','DM'),(92,'Maria Clara ','de Carvalho Lopes Oliveira Dantas',62,'Enabled','','',2,NULL,'2010-08-12 00:00:00',NULL,NULL,2,NULL,NULL,NULL,NULL,NULL,NULL,NULL,'MCLOD'),(93,'GUILHERME','DELEPIANE SKRZYPCZAK',78,'Enabled','','',0,NULL,'2010-08-19 00:00:00',NULL,NULL,2,NULL,NULL,NULL,'tirosinemia',NULL,NULL,NULL,'GDS'),(94,'Matheus','Sanches Mesquita ',31,'Deleted','','',1,NULL,'2010-04-15 00:00:00','se encontra internado no Instituto da Criança em São Paulo','Tirosinemia',2,NULL,NULL,NULL,NULL,'Dra. Gilda Porta',NULL,NULL,'MSM'),(95,'Matheus ','Sanches Mesquita ',78,'Enabled','','',1,NULL,'2010-04-15 00:00:00','se encontra internado no Instituto da Criança em São Paulo',NULL,2,NULL,NULL,NULL,'Tirosinemia','Dra. Gilda Porta',NULL,NULL,'MSM'),(96,'Lucas','Arias',35,'Enabled','','Guillermo Castiñeira',0,NULL,'1999-08-04 00:00:00',NULL,NULL,1,'Av Juan Bautista Alberdi 5312.Mataderos',NULL,NULL,'Cistinosis',NULL,NULL,NULL,'LA'),(97,'Serena','Arias',35,'Enabled','41374011','Guillermo Castiñeira',0,NULL,'2004-07-06 00:00:00',NULL,NULL,1,'Av Juan Bautista Alberdi 5312.Mataderos',NULL,NULL,'Cistinosis',NULL,NULL,NULL,'SA');
/*!40000 ALTER TABLE `patients` ENABLE KEYS */;
UNLOCK TABLES;

--
-- Table structure for table `products`
--

DROP TABLE IF EXISTS `products`;
SET @saved_cs_client     = @@character_set_client;
SET character_set_client = utf8;
CREATE TABLE `products` (
  `id` int(10) unsigned NOT NULL auto_increment,
  `name` varchar(255) NOT NULL default '',
  `drug_id` int(10) unsigned NOT NULL default '0',
  `price` float default NULL,
  `description` text,
  `status` enum('Enabled','Disabled') NOT NULL default 'Enabled',
  `supplier_id` int(10) unsigned NOT NULL,
  `version` bigint(20) default NULL,
  `presentation` double default NULL,
  `comercial_name` varchar(255) default NULL,
  `dose_unit` varchar(2) default NULL,
  PRIMARY KEY  (`id`),
  KEY `FKC42BD1649D819485` (`drug_id`),
  KEY `FKC42BD164D6C2F785` (`supplier_id`)
) ENGINE=MyISAM AUTO_INCREMENT=62 DEFAULT CHARSET=utf8;
SET character_set_client = @saved_cs_client;

--
-- Dumping data for table `products`
--

LOCK TABLES `products` WRITE;
/*!40000 ALTER TABLE `products` DISABLE KEYS */;
INSERT INTO `products` VALUES (1,'Buphenyl ',2,2900,'Bottle 250 gr','Enabled',2,4,250,NULL,NULL),(2,'Cystagon (cisteamina) 150 mg',3,420,'Cystagon 150 mg','Enabled',3,1,150,NULL,NULL),(3,'NTBC (Orfadin) 5 mg',4,7778.63,'Bottle 60 Capsulas de 5 mg','Enabled',3,6,5,NULL,NULL),(4,'Betaine Anhydrous Powder x 100g',5,72.7,'Betaina Polvo 98%','Enabled',4,1,100,NULL,NULL),(5,'Ambutyrate (Sodium 4-Phenylbutyrate, Powder x 100g)',2,946.62,'Ambutyrate Polvo 98%','Enabled',4,6,100,NULL,NULL),(7,'NTBC (Orfadin) 10 mg',4,15557.3,'NTBC 10mg Bottle 60 Comprimidos','Enabled',3,4,10,NULL,NULL),(8,'NTBC (Orfadin) 2 mg',4,3111.47,'NTBC 2 mg Frasco de 60 comprimidos. ','Enabled',3,4,2,NULL,NULL),(9,'Fenilbutirato Tabletas Bottle 250 comp. 500 mg (Buphenyl)',2,1961.85,'Buphenyl Tabletas 250 comprimidos.','Enabled',2,1,500,NULL,NULL),(10,'Normosang',8,2620,'Ampollas x 4','Enabled',0,0,NULL,NULL,NULL),(11,'Neophe Tabletas',9,550,'Frasco 550 Tabletas','Enabled',5,1,685,NULL,NULL),(12,'Lacrisert 5 mg',0,328.15,'60 unidades','Enabled',4,1,5,NULL,NULL),(13,'Cidofovir ',12,1378.5,'Frasco de Ampollas.','Enabled',0,0,NULL,NULL,NULL),(14,'Sodium Dichloroacetate Powder x 100g',13,157.78,'Dicloroacetato de sodio (98%)Polvo de 10g\\r\\nDicloroacetato de sodio 50mg en 1ml Polvo Liquido\\r\\nDicloroacetato de sodio Polvo de 100g','Enabled',4,1,50,NULL,NULL),(15,'Sodium Benzoate (Amzoate) 2g in 10ml Injection x 10 Ampoules',14,204,'Benzoato de Sodio en ampollas inyectables ,2g en 10ml','Enabled',4,2,2,NULL,NULL),(16,'Ambutyrate (Sodium 4-Phenylbutyrate  2g in 10ml Inj x 10 Amp)',2,502.24,'Fenilbutirato de sodio inyectable,2g en 10ml','Enabled',4,2,2,NULL,NULL),(17,'L-Arginine (Amargine) 5g in 10ml Injection x 10 Ampoules',15,194.82,'Arginina inyectable en cajas de 10 ampollas de 5g','Enabled',4,4,5,NULL,NULL),(18,'Ambutyrate (Sodium 4-Phenylbutyrate  500mg F/C Tablet x 100)',2,534,'Frascos de 100 tabketas de 500mg','Enabled',4,2,500,NULL,NULL),(19,'Sodium Benzoate (Amzoate) 500mg Tablet x 100',14,44.72,'Frascos con 100 tabletas de 500 mg','Enabled',4,1,500,NULL,NULL),(20,'L- Citrulline Powder x 100g',16,241.8,'Presentacion en polvo de envases de 100 gramos ','Enabled',4,1,100,NULL,NULL),(21,'Neophe en polvo',9,450,' Latas en polvo de 376,75g','Enabled',5,1,376.7,NULL,NULL),(22,'Ammonul',17,3980,'Cajas x 1 ampolla c/u\r\nAMMONUL® (sodium phenylacetate and sodium benzoate) Injection 10% / 10% is a sterile,\r\nconcentrated, aqueous solution of sodium phenylacetate and sodium benzoate, used for\r\nthe treatment of hyperammonemia in urea cycle disorders. The pH of the solution is between\r\n6 and 8. Sodium phenylacetate is a crystalline, white to off-white powder with a strong,\r\noffensive odor. It is soluble in water. Sodium','Enabled',2,1,100,NULL,NULL),(23,'L-Arginine (Amargine) Powder x 100g',15,31.68,'L-Arginine (Amargine) Powder x 100g','Enabled',4,2,5,NULL,NULL),(24,'Betaine 500mg in 1 ml Powder for Oral Liquid x 100ml',5,220.7,'Betaina 500mg \r\nIn 1 ml Powder for Oral Liquid x 100ml','Enabled',4,2,500,NULL,NULL),(25,'Betaine (Ambetaine) 250mg Tablet x 200',5,0,'Betaina (Ambetaine) 250mg Tablet x 200','Enabled',4,1,250,NULL,NULL),(26,'Calcium Carbonate 250mg Dispersible Tablet x 250',19,125.54,'Calcium Carbonate 250mg Dispersible Tablet x 250','Enabled',4,4,250,NULL,NULL),(27,'Creatine Anhydrous Powder x 100g',20,307.28,'Creatine Anhydrous Powder x 100g','Enabled',4,2,100,NULL,NULL),(28,'Creatine Monohydrate Powder x 100g',20,91.3,'Creatine Monohydrate Powder x 100g','Enabled',4,2,100,NULL,NULL),(29,'Diclofenac 10mg Dispersible Tablet x 100',21,22.32,'Diclofenac 10mg Dispersible Tablet x 100','Enabled',4,2,10,NULL,NULL),(30,'Sodium Dichloroacetate 50mg in 1ml Powder for Liquid x 200ml',13,181.72,'Sodium Dichloroacetate 50mg in 1ml Powder for Liquid x 200ml','Enabled',4,2,50,NULL,NULL),(31,'Sodium Dichloroacetate Powder x 10g',13,0,'Sodium Dichloroacetate Powder x 10g','Enabled',4,1,10,NULL,NULL),(32,'Sodium DL-3-Hydroxybutyrate Powder x 50g',40,165.18,'Sodium DL-3-Hydroxybutyrate Powder x 50g','Enabled',4,3,50,NULL,NULL),(33,'L-Isoleucine 10mg in 1ml Powder for Oral Solution x 200ml',23,69.4,'L-Isoleucine 10mg in 1ml Powder for Oral Solution x 200ml','Enabled',4,2,10,NULL,NULL),(34,'L-5-Hydroxytryptophan 50mg Capsule x 50',22,92.93,'L-5-Hydroxytryptophan 50mg Capsule x 50','Enabled',4,3,50,NULL,NULL),(35,'Lactulose Powder x 25gm',26,141.6,'Lactulose Powder x 25gm','Enabled',4,1,25,NULL,NULL),(36,'Mylanta Maximum Strength Oral Suspension x 355ml',30,54.28,'Mylanta Maximum Strength Oral Suspension x 355ml','Enabled',0,1,335,NULL,NULL),(37,'Melatonin 2mg Capsule x 60',28,39.84,'Melatonin 2mg Capsule x 60','Enabled',4,1,2,NULL,NULL),(38,'Melatonin 3mg Capsule x 60',28,43.3,'Melatonin 3mg Capsule x 60','Enabled',4,1,3,NULL,NULL),(39,'Midazolam (Consed) 10mg in 1ml Buccal Liquid x 25ml',29,285.92,'Midazolam (Consed) 10mg in 1ml Buccal Liquid x 25ml','Enabled',4,1,10,NULL,NULL),(40,'Midazolam (Amsed) 2.5mg in 1ml Oral Liquid x 100ml',29,153.64,'Midazolam (Amsed) 2.5mg in 1ml Oral Liquid x 100ml','Enabled',4,1,2.5,NULL,NULL),(41,'Magnesium Glycerophosphate (Maglyphos) 4mmol Tablet x 50',27,0,'Magnesium Glycerophosphate (Maglyphos) 4mmol Tablet x 50','Enabled',4,1,4,NULL,NULL),(42,'Midazolam (Epistatus) 10mg in 1ml Buccal Liquid x 5ml',29,118.72,'Midazolam (Epistatus) 10mg in 1ml Buccal Liquid x 5ml','Enabled',4,1,10,NULL,NULL),(43,'L-Phenylalanine 10mg in 1ml Powder for Oral Solution x 200ml',24,69.4,'L-Phenylalanine 10mg in 1ml Powder for Oral Solution x 200ml','Enabled',4,2,10,NULL,NULL),(44,'Potassium Chloride 2mmol in1ml (14.9% w/v) Solution x 100ml',32,38.4,'Potassium Chloride 2mmol in1ml (14.9% w/v) Solution x 100ml','Enabled',4,2,2,NULL,NULL),(45,'Potassium Acid Phosphate Oral Liquid 1mmol in 1ml x 100ml',33,0,'Potassium Acid Phosphate Oral Liquid 1mmol in 1ml x 100ml','Enabled',4,1,1,NULL,NULL),(46,'Ambutyrate (Sodium 4-Phenylbutyrate Granular Powder x 150g)',2,566.4,'Sodium 4-Phenylbutyrate Granular Powder x 150g','Enabled',4,4,150,NULL,NULL),(47,'Sodium Benzoate (Amzoate) Powder x 250g',14,50.88,'Sodium Benzoate (Amzoate) Powder x 250g','Enabled',4,2,250,NULL,NULL),(48,'Ambutyrate (Sodium 4-Phenylbutyrate Powder for 250mg in 1ml x 100ml oral Solution)',2,288,'Sodium 4-Phenylbutyrate Powder for 250mg in 1ml x 100ml. Oral Solution.','Enabled',4,4,250,NULL,NULL),(49,'Sodium Benzoate (Amzoate) Oral Liquid 500mg in 5ml x 100ml',14,24.6,'Sodium Benzoate (Amzoate) Oral Liquid 500mg in 5ml x 100ml','Enabled',4,2,500,NULL,NULL),(50,'Sodium Bicarbonate Oral Solution 1mmol in 1ml (8.4%) x 100ml',34,0,'Sodium Bicarbonate Oral Solution 1mmol in 1ml (8.4%) x 100ml','Enabled',4,1,1,NULL,NULL),(51,'Sodium Chloride 1mmol in 1ml (5.85% w/v) Solution x 100ml',37,0,'Sodium Chloride 1mmol in 1ml (5.85% w/v) Solution x 100ml','Enabled',4,1,1,NULL,NULL),(52,'Sodium Acid Phosphate 1 mmol in 1ml Oral Solution x 100ml',38,0,'Sodium Acid Phosphate 1 mmol in 1ml Oral Solution x 100ml','Enabled',4,1,1,NULL,NULL),(53,'Short Chain Fatty Acids (Nutricol) Enema Solution x 100ml',35,129.88,'Short Chain Fatty Acids (Nutricol) Enema Solution x 100ml','Enabled',4,2,100,NULL,NULL),(54,'Sodium Chloride 5mmol in 1ml (30% w/v) Oral Solution x 100ml',39,28.32,'Sodium Chloride 5mmol in 1ml (30% w/v) Oral Solution x 100ml','Enabled',4,2,1,NULL,NULL),(55,'Uridine Powder x 100g',36,720,'Uridine Powder x 100g','Enabled',4,2,100,NULL,NULL),(56,'L-Valine 10mg in 1ml Powder for Oral Solution x 200ml',25,69.4,'L-Valine 10mg in 1ml Powder for Oral Solution x 200ml','Enabled',4,1,10,NULL,NULL),(57,'Cystagon (Cisteamina) 50 mg',3,0,'Cystagon (Cisteamina) 50 mg','Enabled',3,1,50,NULL,NULL),(60,'L-Arginine (Amargine) 100mg en 1 ml oral liquido x 200 ml',15,104.1,'100mg en 1 ml oral liquido x 200 ml','Enabled',4,1,100,NULL,NULL),(61,'carbamoyl-L-glutamic acid',0,1750,'Frasco de 50 grs ','Enabled',4,0,50,'Carbamyl',NULL);
/*!40000 ALTER TABLE `products` ENABLE KEYS */;
UNLOCK TABLES;

--
-- Table structure for table `proformadetails`
--

DROP TABLE IF EXISTS `proformadetails`;
SET @saved_cs_client     = @@character_set_client;
SET character_set_client = utf8;
CREATE TABLE `proformadetails` (
  `id` int(10) unsigned NOT NULL auto_increment,
  `quantity` int(10) unsigned default NULL,
  `price_each` decimal(10,2) default NULL,
  `amount` decimal(10,2) default NULL,
  `product_id` int(10) unsigned NOT NULL,
  `description` text,
  `proforma_id` int(10) unsigned NOT NULL default '0',
  `lot` varchar(45) default NULL,
  `version` bigint(20) default NULL,
  `daily_dose` double default NULL,
  `dose_unit` varchar(2) default NULL,
  PRIMARY KEY  (`id`),
  KEY `FK928612B26E093105` (`proforma_id`),
  KEY `FK928612B22F8F58AF` (`product_id`)
) ENGINE=MyISAM AUTO_INCREMENT=712 DEFAULT CHARSET=utf8;
SET character_set_client = @saved_cs_client;

--
-- Dumping data for table `proformadetails`
--

LOCK TABLES `proformadetails` WRITE;
/*!40000 ALTER TABLE `proformadetails` DISABLE KEYS */;
INSERT INTO `proformadetails` VALUES (1,1,'2900.00','2900.00',1,'Buphenyl',1,'',0,NULL,NULL),(2,5,'2900.00','14500.00',1,'Buphenyl',2,'',0,NULL,NULL),(3,2,'5916.70','11833.40',3,'NTBC',3,'',0,NULL,NULL),(4,3,'5916.70','17750.10',3,'NTBC5mg',4,'',0,NULL,NULL),(5,1,'2900.00','2900.00',1,'Buphenyl',5,'',0,NULL,NULL),(6,10,'72.70','727.00',4,'Betaina',6,'',0,NULL,NULL),(7,1,'2900.00','2900.00',1,'Buphenyl',7,'',0,NULL,NULL),(8,1,'928.00','928.00',5,'Ambutyrate',8,'',0,NULL,NULL),(9,3,'232.00','696.00',48,'AmbutyrateOral',9,'',0,NULL,NULL),(10,3,'11833.40','35500.20',7,'NTBC10mg',10,'',0,NULL,NULL),(11,2,'5916.70','11833.40',3,'NTBC5mg',11,'',0,NULL,NULL),(12,2,'5916.70','11833.40',3,'NTBC5mg',12,'',0,NULL,NULL),(13,1,'2461.36','2461.36',8,'NTBC2mg',12,'',0,NULL,NULL),(14,1,'5916.70','5916.70',3,'NTBC5mg',13,'',0,NULL,NULL),(15,1,'2900.00','2900.00',1,'Buphenyl',14,'',0,NULL,NULL),(16,5,'1961.85','9809.25',9,'BuphenylTabletas',15,'',0,NULL,NULL),(17,1,'2900.00','2900.00',1,'BuphenylPolvo',16,'',0,NULL,NULL),(18,3,'5916.70','17750.10',3,'NTBC5mg',17,'',0,NULL,NULL),(19,1,'5916.70','5916.70',3,'NTBC5mg',18,'',0,NULL,NULL),(20,1,'72.70','72.70',4,'Betaina',19,'',0,NULL,NULL),(21,6,'2461.36','14768.16',8,'NTBC2mg',20,'',0,NULL,NULL),(22,6,'72.70','436.20',4,'Betaina',21,'',0,NULL,NULL),(23,3,'11833.40','35500.20',7,'NTBC10mg',22,'',0,NULL,NULL),(24,2,'5916.70','11833.40',3,'NTBC5mg',23,'',0,NULL,NULL),(25,1,'928.00','928.00',5,'Ambutyrate',24,'',0,NULL,NULL),(26,3,'5916.70','17750.10',3,'NTBC5mg',25,'',0,NULL,NULL),(27,1,'928.00','928.00',5,'Ambutyrate',26,'',0,NULL,NULL),(28,1,'2900.00','2900.00',1,'BuphenylPolvo',27,'',0,NULL,NULL),(29,1,'2900.00','2900.00',1,'BuphenylPolvo',28,'',0,NULL,NULL),(30,6,'324.52','1947.12',2,'Cystagon',29,'',0,NULL,NULL),(31,3,'324.52','973.56',2,'Cystagon',30,'',0,NULL,NULL),(32,1,'2900.00','2900.00',1,'BuphenylPolvo',31,'',0,NULL,NULL),(33,1,'2900.00','2900.00',1,'BuphenylPolvo',32,'',0,NULL,NULL),(34,3,'5916.70','17750.10',3,'NTBC5mg',33,'',0,NULL,NULL),(35,1,'2461.36','2461.36',8,'NTBC2mg',33,'',0,NULL,NULL),(36,4,'5916.70','23666.80',3,'NTBC5mg',34,'',0,NULL,NULL),(37,6,'2461.36','14768.16',8,'NTBC2mg',34,'',0,NULL,NULL),(38,4,'72.70','290.80',4,'Betaina',35,'',0,NULL,NULL),(39,3,'12306.80','36920.40',7,'NTBC10mg',36,'',0,NULL,NULL),(40,1,'2900.00','2900.00',1,'BuphenylPolvo',37,'',0,NULL,NULL),(41,1,'2900.00','2900.00',1,'BuphenylPolvo',38,'',0,NULL,NULL),(42,5,'1961.85','9809.25',9,'BuphenylTabletas',39,'',0,NULL,NULL),(43,1,'12306.80','12306.80',7,'NTBC10mg',40,'',0,NULL,NULL),(44,1,'6153.40','6153.40',3,'NTBC5mg',40,'',0,NULL,NULL),(45,1,'2461.36','2461.36',8,'NTBC2mg',40,'',0,NULL,NULL),(46,1,'2620.00','2620.00',10,'Normosang',41,'',0,NULL,NULL),(47,6,'2461.36','14768.16',8,'NTBC2mg',42,'',0,NULL,NULL),(48,1,'928.00','928.00',5,'Ambutyrate',43,'',0,NULL,NULL),(49,3,'12306.80','36920.40',7,'NTBC10mg',44,'',0,NULL,NULL),(50,10,'72.70','727.00',4,'Betaina',45,'',0,NULL,NULL),(51,2,'232.00','464.00',48,'AmbutyrateOral',46,'',0,NULL,NULL),(52,1,'2620.00','2620.00',10,'Normosang',47,'',0,NULL,NULL),(53,1,'2900.00','2900.00',1,'BuphenylPolvo',48,'',0,NULL,NULL),(54,1,'2900.00','2900.00',1,'BuphenylPolvo',49,'',0,NULL,NULL),(55,2,'12306.80','24613.60',7,'NTBC10mg',50,'',0,NULL,NULL),(56,2,'6153.40','12306.80',3,'NTBC5mg',50,'',0,NULL,NULL),(57,3,'2461.36','7384.08',8,'NTBC2mg',50,'',0,NULL,NULL),(58,6,'6153.40','36920.40',3,'NTBC5mg',51,'',0,NULL,NULL),(59,10,'2461.36','24613.60',8,'NTBC2mg',51,'',0,NULL,NULL),(60,2,'6153.40','12306.80',3,'NTBC5mg',52,'',0,NULL,NULL),(61,1,'2900.00','2900.00',1,'BuphenylPolvo',53,'',0,NULL,NULL),(62,3,'12306.80','36920.40',7,'NTBC10mg',54,'',0,NULL,NULL),(63,3,'12306.80','36920.40',7,'NTBC10mg',55,'',0,NULL,NULL),(64,8,'324.52','2596.16',2,'Cystagon',56,'',0,NULL,NULL),(65,9,'324.52','2920.68',2,'Cystagon',57,'',0,NULL,NULL),(66,1,'2461.36','2461.36',8,'NTBC2mg',58,'',0,NULL,NULL),(67,1,'928.00','928.00',5,'Ambutyrate',59,'',0,NULL,NULL),(68,3,'6153.40','18460.20',3,'NTBC5mg',60,'',0,NULL,NULL),(69,1,'2461.36','2461.36',8,'NTBC2mg',61,'',0,NULL,NULL),(70,1,'2461.36','2461.36',8,'NTBC2mg',62,'',0,NULL,NULL),(71,2,'72.70','145.40',4,'Betaina',63,'',0,NULL,NULL),(72,1,'928.00','928.00',5,'Ambutyrate',64,'',0,NULL,NULL),(73,1,'2900.00','2900.00',1,'BuphenylPolvo',65,'',0,NULL,NULL),(74,1,'2461.36','2461.36',8,'NTBC2mg',66,'',0,NULL,NULL),(75,2,'72.70','145.40',4,'Betaina',67,'',0,NULL,NULL),(76,2,'12306.80','24613.60',7,'NTBC10mg',68,'',0,NULL,NULL),(77,4,'6153.40','24613.60',3,'NTBC5mg',69,'',0,NULL,NULL),(78,1,'550.00','550.00',11,'Neophe',70,'',0,NULL,NULL),(79,1,'928.00','928.00',5,'Ambutyrate',71,'',0,NULL,NULL),(80,1,'928.00','928.00',5,'Ambutyrate',72,'',0,NULL,NULL),(81,2,'928.00','1856.00',5,'Ambutyrate',73,'',0,NULL,NULL),(82,2,'232.00','464.00',48,'Ambutyrate Oral',74,'',0,NULL,NULL),(83,6,'12306.80','73840.80',7,'NTBC10mg',75,'',0,NULL,NULL),(84,1,'2900.00','2900.00',1,'Buphenyl Polvo',76,'',0,NULL,NULL),(85,2,'6153.40','12306.80',3,'NTBC 5mg',77,'',0,NULL,NULL),(86,5,'6153.40','30767.00',3,'NTBC 5mg',78,'',0,NULL,NULL),(87,2,'6153.40','12306.80',3,'NTBC 5mg',79,'',0,NULL,NULL),(88,2,'12306.80','24613.60',7,'NTBC 10mg',80,'',0,NULL,NULL),(89,1,'6153.40','6153.40',3,'NTBC 5mg',80,'',0,NULL,NULL),(90,1,'2461.36','2461.36',8,'NTBC 2mg',80,'',0,NULL,NULL),(91,3,'12306.80','36920.40',7,'NTBC 10mg',81,'',0,NULL,NULL),(92,1,'6153.40','6153.40',3,'NTBC 5mg',82,'',0,NULL,NULL),(93,10,'72.70','727.00',4,'Betaina',83,'',0,NULL,NULL),(94,3,'12306.80','36920.40',7,'NTBC 10mg',84,'',0,NULL,NULL),(95,3,'6153.40','18460.20',3,'NTBC 5mg',84,'',0,NULL,NULL),(96,9,'2461.36','22152.24',8,'NTBC 2mg',84,'',0,NULL,NULL),(97,2,'2900.00','5800.00',1,'Buphenyl Polvo',85,'',0,NULL,NULL),(98,4,'232.00','928.00',48,'Ambutyrate Oral',86,'',0,NULL,NULL),(99,2,'6153.40','12306.80',3,'NTBC 5mg',87,'',0,NULL,NULL),(100,1,'2461.36','2461.36',8,'NTBC 2mg',87,'',0,NULL,NULL),(101,1,'1961.85','1961.85',9,'Buphenyl Tabletas',88,'',0,NULL,NULL),(102,5,'1961.85','9809.25',9,'Buphenyl Tabletas',89,'',0,NULL,NULL),(103,2,'232.00','464.00',48,'Ambutyrate Oral',90,'',0,NULL,NULL),(104,2,'12306.80','24613.60',7,'NTBC 10mg',91,'',0,NULL,NULL),(105,2,'6153.40','12306.80',3,'NTBC 5mg',91,'',0,NULL,NULL),(106,3,'2461.36','7384.08',8,'NTBC 2mg',91,'',0,NULL,NULL),(107,1,'928.00','928.00',5,'Ambutyrate',92,'',0,NULL,NULL),(108,2,'72.70','145.40',4,'Betaina',93,'',0,NULL,NULL),(109,6,'12306.80','73840.80',7,'NTBC 10mg',94,'',0,NULL,NULL),(110,5,'6153.40','30767.00',3,'NTBC 5mg',95,'',0,NULL,NULL),(111,2,'2900.00','5800.00',1,'Buphenyl Polvo',96,'',0,NULL,NULL),(112,4,'2461.36','9845.44',8,'NTBC 2mg',97,'',0,NULL,NULL),(113,8,'12306.80','98454.40',7,'NTBC 10mg',97,'',0,NULL,NULL),(114,10,'72.70','727.00',4,'Betaina',98,'',0,NULL,NULL),(115,2,'72.70','145.40',4,'Betaina',99,'',0,NULL,NULL),(116,2,'2900.00','5800.00',1,'Buphenyl Polvo',100,'',0,NULL,NULL),(117,2,'232.00','464.00',48,'Ambutyrate Oral',101,'',0,NULL,NULL),(118,1,'2900.00','2900.00',1,'Buphenyl Polvo',102,'',0,NULL,NULL),(119,2,'6153.40','12306.80',3,'NTBC 5mg',103,'',0,NULL,NULL),(120,1,'6153.40','6153.40',3,'NTBC 5mg',104,'',0,NULL,NULL),(121,6,'6153.40','36920.40',3,'NTBC 5mg',105,'',0,NULL,NULL),(122,10,'2461.36','24613.60',8,'NTBC 2mg',105,'',0,NULL,NULL),(123,2,'2900.00','5800.00',1,'Buphenyl Polvo',106,'',0,NULL,NULL),(124,2,'6153.40','12306.80',3,'NTBC 5mg',107,'',0,NULL,NULL),(125,1,'2461.36','2461.36',8,'NTBC 2mg',107,'',0,NULL,NULL),(126,4,'6153.40','24613.60',3,'NTBC 5mg',108,'',0,NULL,NULL),(127,10,'72.70','727.00',4,'Betaina',109,'',0,NULL,NULL),(128,1,'6153.40','6153.40',3,'NTBC 5mg',110,'',0,NULL,NULL),(129,1,'2461.36','2461.36',8,'NTBC 2mg',111,'',0,NULL,NULL),(130,2,'6153.40','12306.80',3,'NTBC 5mg',111,'',0,NULL,NULL),(131,2,'12799.00','25598.00',7,'NTBC 10mg',112,'',0,NULL,NULL),(132,1,'2559.82','2559.82',8,'NTBC 2mg',112,'',0,NULL,NULL),(133,2,'232.00','464.00',48,'Ambutyrate Oral',113,'',0,NULL,NULL),(134,3,'324.52','973.56',2,'Cystagon',114,'',0,NULL,NULL),(135,8,'324.52','2596.16',2,'Cystagon',115,'',0,NULL,NULL),(136,2,'2900.00','5800.00',1,'Buphenyl Polvo',116,'',0,NULL,NULL),(137,9,'324.52','2920.68',2,'Cystagon',117,'',0,NULL,NULL),(138,1,'928.00','928.00',5,'Ambutyrate',118,'',0,NULL,NULL),(139,1,'2900.00','2900.00',1,'Buphenyl Polvo',119,'',0,NULL,NULL),(140,5,'1961.85','9809.25',9,'Buphenyl Tabletas',120,'',0,NULL,NULL),(141,6,'1961.85','11771.10',9,'Buphenyl Tabletas',121,'',0,NULL,NULL),(142,12,'928.00','11136.00',5,'Ambutyrate',122,'',0,NULL,NULL),(143,2,'2900.00','5800.00',1,'Buphenyl Polvo',123,'',0,NULL,NULL),(144,1,'2620.00','2620.00',10,'Normosang',124,'',0,NULL,NULL),(145,2,'928.00','1856.00',5,'Ambutyrate',125,'',0,NULL,NULL),(146,2,'72.70','145.40',4,'Betaina',126,'',0,NULL,NULL),(147,1,'2900.00','2900.00',1,'Buphenyl Polvo',127,'',0,NULL,NULL),(148,1,'6399.05','6399.05',3,'NTBC 5mg',128,'',0,NULL,NULL),(149,2,'2559.82','5119.64',8,'NTBC 2mg',128,'',0,NULL,NULL),(150,8,'6399.05','51192.40',3,'NTBC 5mg',129,'',0,NULL,NULL),(151,1,'928.00','928.00',5,'Ambutyrate',130,'',0,NULL,NULL),(152,3,'12799.00','38397.00',7,'NTBC 10mg',131,'',0,NULL,NULL),(153,2,'232.00','464.00',48,'Ambutyrate Oral',132,'',0,NULL,NULL),(154,6,'324.52','1947.12',2,'Cystagon',133,'',0,NULL,NULL),(155,2,'6399.05','12798.10',3,'NTBC 5mg',134,'',0,NULL,NULL),(156,1,'2559.82','2559.82',8,'NTBC 2mg',134,'',0,NULL,NULL),(157,8,'6399.05','51192.40',3,'NTBC 5mg',135,'',0,NULL,NULL),(158,2,'2559.82','5119.64',8,'NTBC 2mg',136,'',0,NULL,NULL),(159,2,'2559.82','5119.64',8,'NTBC 2mg',137,'',0,NULL,NULL),(160,2,'928.00','1856.00',5,'Ambutyrate',138,'',0,NULL,NULL),(161,2,'928.00','1856.00',5,'Ambutyrate',139,'',0,NULL,NULL),(162,6,'1961.85','11771.10',9,'Buphenyl Tabletas',140,'',0,NULL,NULL),(163,2,'6399.05','12798.10',3,'NTBC 5mg',141,'',0,NULL,NULL),(164,1,'2559.82','2559.82',8,'NTBC 2mg',141,'',0,NULL,NULL),(165,2,'6399.05','12798.10',3,'NTBC 5mg',142,'',0,NULL,NULL),(166,1,'12799.00','12799.00',7,'NTBC 10mg',143,'',0,NULL,NULL),(167,1,'6399.05','6399.05',3,'NTBC 5mg',143,'',0,NULL,NULL),(168,1,'2559.82','2559.82',8,'NTBC 2mg',143,'',0,NULL,NULL),(169,2,'328.15','656.30',12,'Lacrisert 5 mg',144,'',0,NULL,NULL),(170,1,'1378.50','1378.50',13,'Cidofovir ',144,'',0,NULL,NULL),(171,1,'12799.00','12799.00',7,'NTBC 10mg',145,'',0,NULL,NULL),(172,1,'6399.05','6399.05',3,'NTBC 5mg',145,'',0,NULL,NULL),(173,2,'232.00','464.00',48,'Ambutyrate Oral',146,'',0,NULL,NULL),(174,2,'6399.05','12798.10',3,'NTBC 5mg',147,'',0,NULL,NULL),(175,2,'928.00','1856.00',5,'Ambutyrate',148,'',0,NULL,NULL),(176,2,'928.00','1856.00',5,'Ambutyrate',149,'',0,NULL,NULL),(177,1,'928.00','928.00',5,'Ambutyrate',150,'',0,NULL,NULL),(178,2,'232.00','464.00',48,'Ambutyrate Oral',151,'',0,NULL,NULL),(179,2,'6399.05','12798.10',3,'NTBC 5mg',152,'',0,NULL,NULL),(180,4,'232.00','928.00',48,'Ambutyrate Oral',153,'',0,NULL,NULL),(181,1,'2900.00','2900.00',1,'Buphenyl Polvo',154,'',0,NULL,NULL),(182,2,'928.00','1856.00',5,'Ambutyrate',155,'',0,NULL,NULL),(183,3,'2559.82','7679.46',8,'NTBC 2mg',156,'',0,NULL,NULL),(184,3,'2559.82','7679.46',8,'NTBC 2mg',157,'',0,NULL,NULL),(185,3,'2559.82','7679.46',8,'NTBC 2mg',158,'',0,NULL,NULL),(186,3,'2559.82','7679.46',8,'NTBC 2mg',159,'',0,NULL,NULL),(187,3,'2559.82','7679.46',8,'NTBC 2mg',160,'',0,NULL,NULL),(188,2,'928.00','1856.00',5,'Ambutyrate',161,'',0,NULL,NULL),(189,6,'1961.85','11771.10',9,'Buphenyl Tabletas',162,'',0,NULL,NULL),(190,1,'2559.82','2559.82',8,'NTBC 2mg',163,'',0,NULL,NULL),(191,2,'6399.05','12798.10',3,'NTBC 5mg',163,'',0,NULL,NULL),(192,2,'2900.00','5800.00',1,'Buphenyl Polvo',164,'',0,NULL,NULL),(193,1,'2559.82','2559.82',8,'NTBC 2mg',165,'',0,NULL,NULL),(194,2,'6399.05','12798.10',3,'NTBC 5mg',165,'',0,NULL,NULL),(195,2,'72.70','145.40',4,'Betaina',166,'',0,NULL,NULL),(196,2,'232.00','464.00',48,'Ambutyrate Oral',167,'',0,NULL,NULL),(197,3,'6399.05','19197.15',3,'NTBC 5mg',168,'no',0,NULL,NULL),(198,2,'6399.05','12798.10',3,'NTBC 5mg',169,'',0,NULL,NULL),(199,2,'6399.05','12798.10',3,'NTBC 5mg',170,'',0,NULL,NULL),(200,10,'72.70','727.00',4,'Betaina',171,'',0,NULL,NULL),(201,2,'232.00','464.00',48,'Ambutyrate Oral',172,'',0,NULL,NULL),(202,1,'2900.00','2900.00',1,'Buphenyl Polvo',173,'',0,NULL,NULL),(203,5,'6399.05','31995.25',3,'NTBC 5mg',174,'',0,NULL,NULL),(204,1,'928.00','928.00',5,'Ambutyrate',175,'',0,NULL,NULL),(205,4,'157.78','631.12',14,'Sodium Dichloroacetate',176,'',0,NULL,NULL),(206,2,'72.70','145.40',4,'Betaina',177,'B052644',0,NULL,NULL),(207,2,'12799.00','25598.00',7,'NTBC 10mg',178,'',0,NULL,NULL),(208,4,'2559.82','10239.28',8,'NTBC 2mg',178,'',0,NULL,NULL),(209,2,'6399.05','12798.10',3,'NTBC 5mg',178,'',0,NULL,NULL),(210,1,'2900.00','2900.00',1,'Buphenyl Polvo',179,'',0,NULL,NULL),(211,5,'232.00','1160.00',48,'Ambutyrate Oral',180,'',0,NULL,NULL),(212,2,'232.00','464.00',48,'Ambutyrate Oral',181,'',0,NULL,NULL),(213,2,'928.00','1856.00',5,'Ambutyrate',182,'',0,NULL,NULL),(214,2,'2900.00','5800.00',1,'Buphenyl Polvo',183,'',0,NULL,NULL),(215,1,'2900.00','2900.00',1,'Buphenyl Polvo',184,'',0,NULL,NULL),(216,2,'6399.05','12798.10',3,'NTBC 5mg',185,'',0,NULL,NULL),(217,2,'6399.05','12798.10',3,'NTBC 5mg',186,'',0,NULL,NULL),(218,1,'2559.82','2559.82',8,'NTBC 2mg',186,'',0,NULL,NULL),(219,3,'12799.00','38397.00',7,'NTBC 10mg',187,'',0,NULL,NULL),(220,3,'12799.00','38397.00',7,'NTBC 10mg',188,'',0,NULL,NULL),(221,1,'2559.82','2559.82',8,'NTBC 2mg',188,'',0,NULL,NULL),(222,2,'2900.00','5800.00',1,'Buphenyl Polvo',189,'',0,NULL,NULL),(223,3,'2559.82','7679.46',8,'NTBC 2mg',190,'',0,NULL,NULL),(224,3,'2559.82','7679.46',8,'NTBC 2mg',191,'',0,NULL,NULL),(225,1,'203.00','203.00',15,'Amzoate',192,'',0,NULL,NULL),(226,1,'232.00','232.00',48,'Ambutyrate Oral',193,'S128621',0,NULL,NULL),(227,1,'6399.05','6399.05',3,'NTBC 5mg',194,'',0,NULL,NULL),(228,5,'72.70','363.50',4,'Betaina',195,'',0,NULL,NULL),(229,16,'324.52','5192.32',2,'Cystagon',196,'',0,NULL,NULL),(230,16,'420.00','6720.00',2,'Cystagon',197,'',0,NULL,NULL),(231,3,'12799.00','38397.00',7,'NTBC 10mg',198,'',0,NULL,NULL),(232,2,'2900.00','5800.00',1,'Buphenyl Polvo',199,'',0,NULL,NULL),(233,2,'928.00','1856.00',5,'Ambutyrate',200,'S07 8928',0,NULL,NULL),(234,2,'928.00','1856.00',5,'Ambutyrate',201,'',0,NULL,NULL),(235,2,'6399.05','12798.10',3,'NTBC 5mg',202,'',0,NULL,NULL),(236,1,'2559.82','2559.82',8,'NTBC 2mg',202,'',0,NULL,NULL),(237,4,'72.70','290.80',4,'Betaina',203,'',0,NULL,NULL),(238,1,'232.00','232.00',48,'Ambutyrate Oral',204,'S128621',0,NULL,NULL),(239,1,'6399.05','6399.05',3,'NTBC 5mg',205,'',0,NULL,NULL),(240,1,'2559.82','2559.82',8,'NTBC 2mg',205,'',0,NULL,NULL),(241,3,'12799.00','38397.00',7,'NTBC 10mg',206,'',0,NULL,NULL),(242,3,'6399.05','19197.15',3,'NTBC 5mg',206,'',0,NULL,NULL),(243,9,'2559.82','23038.38',8,'NTBC 2mg',206,'',0,NULL,NULL),(244,1,'2559.82','2559.82',8,'NTBC 2mg',207,'',0,NULL,NULL),(245,1,'2900.00','2900.00',1,'Buphenyl Polvo',208,'',0,NULL,NULL),(246,1,'2620.00','2620.00',10,'Normosang',209,'',0,NULL,NULL),(247,3,'6399.05','19197.15',3,'NTBC 5mg',210,'',0,NULL,NULL),(248,1,'420.00','420.00',2,'Cystagon',211,'',0,NULL,NULL),(249,1,'420.00','420.00',2,'Cystagon',212,'',0,NULL,NULL),(250,3,'6399.05','19197.15',3,'NTBC 5mg',213,'',0,NULL,NULL),(251,2,'928.00','1856.00',5,'Ambutyrate',214,'',0,NULL,NULL),(252,6,'1961.85','11771.10',9,'Buphenyl Tabletas',215,'',0,NULL,NULL),(253,2,'6399.05','12798.10',3,'NTBC 5mg',216,'',0,NULL,NULL),(254,2,'6719.48','13438.96',3,'NTBC 5mg',217,'',0,NULL,NULL),(255,1,'2900.00','2900.00',1,'Buphenyl Polvo',218,'3272024',0,NULL,NULL),(256,2,'502.24','1004.48',16,'Ambutyrate,10 ampollas inyectable',219,'',0,NULL,NULL),(257,2,'203.00','406.00',15,'Amzoate',219,'',0,NULL,NULL),(258,2,'208.14','416.28',17,'L-Arginina Inyecciones',219,'',0,NULL,NULL),(259,2,'232.00','464.00',48,'Ambutyrate Oral',220,'S128621',0,NULL,NULL),(260,2,'6719.48','13438.96',3,'NTBC 5mg',221,'',0,NULL,NULL),(261,1,'13439.00','13439.00',7,'NTBC 10mg',222,'',0,NULL,NULL),(262,1,'6719.48','6719.48',3,'NTBC 5mg',222,'',0,NULL,NULL),(263,3,'2687.80','8063.40',8,'NTBC 2mg',222,'',0,NULL,NULL),(264,3,'6719.48','20158.44',3,'NTBC 5mg',223,'',0,NULL,NULL),(265,2,'2900.00','5800.00',1,'Buphenyl Polvo',224,'',0,NULL,NULL),(266,4,'2900.00','11600.00',1,'Buphenyl Polvo',225,'',0,NULL,NULL),(267,4,'232.00','928.00',48,'Ambutyrate Oral',226,'',0,NULL,NULL),(268,9,'13439.00','120951.00',7,'NTBC 10mg',227,'',0,NULL,NULL),(269,3,'2687.80','8063.40',8,'NTBC 2mg',227,'',0,NULL,NULL),(270,6,'928.00','5568.00',5,'Ambutyrate',228,'',0,NULL,NULL),(271,1,'232.00','232.00',48,'Ambutyrate Oral',229,'',0,NULL,NULL),(272,1,'203.00','203.00',15,'Amzoate',230,'811174',0,NULL,NULL),(273,1,'203.00','203.00',15,'Amzoate',231,'802083',0,NULL,NULL),(274,1,'208.14','208.14',17,'L-Arginina Inyecciones',231,'811174',0,NULL,NULL),(275,1,'420.00','420.00',2,'Cystagon',232,'3004785',0,NULL,NULL),(276,1,'2687.80','2687.80',8,'NTBC 2mg',233,'',0,NULL,NULL),(277,1,'6719.48','6719.48',3,'NTBC 5mg',233,'',0,NULL,NULL),(278,2,'6719.48','13438.96',3,'NTBC 5mg',234,'',0,NULL,NULL),(279,1,'2687.80','2687.80',8,'NTBC 2mg',234,'',0,NULL,NULL),(280,4,'72.70','290.80',4,'Betaina',235,'',0,NULL,NULL),(281,1,'203.00','203.00',15,'Amzoate',236,'',0,NULL,NULL),(282,6,'534.00','3204.00',18,'Ambutyrate, tabletas de 500mg',237,'',0,NULL,NULL),(283,1,'232.00','232.00',48,'Ambutyrate Oral',238,'',0,NULL,NULL),(284,1,'2687.80','2687.80',8,'NTBC 2mg',239,'',0,NULL,NULL),(285,5,'420.00','2100.00',2,'Cystagon',240,'',0,NULL,NULL),(286,2,'232.00','464.00',48,'Ambutyrate Oral',241,'',0,NULL,NULL),(287,1,'928.00','928.00',5,'Ambutyrate',242,'',0,NULL,NULL),(288,1,'2687.80','2687.80',8,'NTBC 2mg',243,'',0,NULL,NULL),(289,2,'6719.48','13438.96',3,'NTBC 5mg',243,'',0,NULL,NULL),(290,1,'2687.80','2687.80',8,'NTBC 2mg',244,'',0,NULL,NULL),(291,2,'6719.48','13438.96',3,'NTBC 5mg',244,'',0,NULL,NULL),(292,2,'928.00','1856.00',5,'Ambutyrate',245,'',0,NULL,NULL),(293,2,'928.00','1856.00',5,'Ambutyrate',246,'',0,NULL,NULL),(294,4,'72.70','290.80',4,'Betaina',247,'',0,NULL,NULL),(295,1,'2900.00','2900.00',1,'Buphenyl Polvo',248,'3272.031',0,NULL,NULL),(296,1,'2687.80','2687.80',8,'NTBC 2mg',249,'',0,NULL,NULL),(297,10,'534.00','5340.00',18,'Ambutyrate, tabletas de 500mg',250,'',0,NULL,NULL),(298,1,'232.00','232.00',48,'Ambutyrate Oral',251,'',0,NULL,NULL),(299,4,'232.00','928.00',48,'Ambutyrate Oral',252,'',0,NULL,NULL),(300,1,'13439.00','13439.00',7,'NTBC 10mg',253,'',0,NULL,NULL),(301,1,'6719.48','6719.48',3,'NTBC 5mg',253,'',0,NULL,NULL),(302,1,'2687.80','2687.80',8,'NTBC 2mg',253,'',0,NULL,NULL),(303,2,'2900.00','5800.00',1,'Buphenyl Polvo',254,'',0,NULL,NULL),(304,1,'232.00','232.00',48,'Ambutyrate Oral',255,'',0,NULL,NULL),(305,3,'2900.00','8700.00',1,'Buphenyl Polvo',256,'',0,NULL,NULL),(306,3,'6719.48','20158.44',3,'NTBC 5mg',257,'',0,NULL,NULL),(307,4,'6719.48','26877.92',3,'NTBC 5mg',258,'',0,NULL,NULL),(308,10,'44.72','447.20',19,'Amzoate Tablets',259,'',0,NULL,NULL),(309,1,'232.00','232.00',48,'Ambutyrate Oral',260,'',0,NULL,NULL),(310,1,'2687.80','2687.80',8,'NTBC 2mg',261,'',0,NULL,NULL),(311,1,'72.70','72.70',4,'Betaina',262,'',0,NULL,NULL),(312,10,'72.70','727.00',4,'Betaina',263,'',0,NULL,NULL),(313,2,'928.00','1856.00',5,'Ambutyrate',264,'S07.8928',0,NULL,NULL),(314,1,'232.00','232.00',48,'Ambutyrate Oral',265,'',0,NULL,NULL),(315,9,'420.00','3780.00',2,'Cystagon',266,'',0,NULL,NULL),(316,3,'420.00','1260.00',2,'Cystagon',267,'',0,NULL,NULL),(317,2,'6719.48','13438.96',3,'NTBC 5mg',268,'',0,NULL,NULL),(318,1,'203.00','203.00',15,'Amzoate',269,'',0,NULL,NULL),(319,6,'534.00','3204.00',18,'Ambutyrate, tabletas de 500mg',270,'',0,NULL,NULL),(320,1,'2687.80','2687.80',8,'NTBC 2mg',271,'',0,NULL,NULL),(321,2,'928.00','1856.00',5,'Ambutyrate',272,'',0,NULL,NULL),(322,2,'2900.00','5800.00',1,'Buphenyl Polvo',273,'',0,NULL,NULL),(323,3,'13439.00','40317.00',7,'NTBC 10mg',274,'',0,NULL,NULL),(324,3,'6719.48','20158.44',3,'NTBC 5mg',274,'',0,NULL,NULL),(325,9,'2687.80','24190.20',8,'NTBC 2mg',274,'',0,NULL,NULL),(326,5,'6719.48','33597.40',3,'NTBC 5mg',275,'',0,NULL,NULL),(327,3,'928.00','2784.00',5,'Ambutyrate',276,'',0,NULL,NULL),(328,3,'928.00','2784.00',5,'Ambutyrate',277,'',0,NULL,NULL),(329,3,'928.00','2784.00',5,'Ambutyrate',278,'',0,NULL,NULL),(330,4,'13439.00','53756.00',7,'NTBC 10mg',279,'',0,NULL,NULL),(331,3,'1961.85','5885.55',9,'Buphenyl Tabletas',280,'',0,NULL,NULL),(332,6,'1961.85','11771.10',9,'Buphenyl Tabletas',281,'',0,NULL,NULL),(333,2,'1961.85','3923.70',9,'Buphenyl Tabletas',282,'',0,NULL,NULL),(334,1,'232.00','232.00',48,'Ambutyrate Oral',283,'',0,NULL,NULL),(335,1,'232.00','232.00',48,'Ambutyrate Oral',284,'',0,NULL,NULL),(336,5,'13439.00','67195.00',7,'NTBC 10mg',285,'',0,NULL,NULL),(337,8,'2687.80','21502.40',8,'NTBC 2mg',285,'',0,NULL,NULL),(338,3,'13439.00','40317.00',7,'NTBC 10mg',286,'',0,NULL,NULL),(339,1,'2900.00','2900.00',1,'Buphenyl Polvo',287,'',0,NULL,NULL),(340,1,'6719.48','6719.48',3,'NTBC 5mg',288,'',0,NULL,NULL),(341,6,'2687.80','16126.80',8,'NTBC 2mg',289,'',0,NULL,NULL),(342,1,'2900.00','2900.00',1,'Buphenyl Polvo',290,'',0,NULL,NULL),(343,3,'420.00','1260.00',2,'Cystagon',291,'',0,NULL,NULL),(344,2,'6719.48','13438.96',3,'NTBC 5mg',292,'',0,NULL,NULL),(345,1,'2687.80','2687.80',8,'NTBC 2mg',292,'',0,NULL,NULL),(346,3,'420.00','1260.00',2,'Cystagon',293,'',0,NULL,NULL),(347,2,'203.00','406.00',15,'Amzoate',294,'',0,NULL,NULL),(348,2,'502.24','1004.48',16,'Ambutyrate,10 ampollas inyectable',294,'',0,NULL,NULL),(349,2,'44.72','89.44',19,'Amzoate Tablets',295,'',0,NULL,NULL),(350,2,'534.00','1068.00',18,'Ambutyrate, tabletas de 500mg',296,'',0,NULL,NULL),(351,1,'1961.85','1961.85',9,'Buphenyl Tabletas',297,'',0,NULL,NULL),(352,2,'6719.48','13438.96',3,'NTBC 5mg',298,'',0,NULL,NULL),(353,6,'13439.00','80634.00',7,'NTBC 10mg',299,'',0,NULL,NULL),(354,1,'232.00','232.00',48,'Ambutyrate Oral',300,'',0,NULL,NULL),(355,2,'232.00','464.00',48,'Ambutyrate Oral',301,'',0,NULL,NULL),(356,2,'928.00','1856.00',5,'Ambutyrate',302,'',0,NULL,NULL),(357,2,'502.24','1004.48',16,'Ambutyrate,10 ampollas inyectable',303,'',0,NULL,NULL),(358,1,'203.00','203.00',15,'Amzoate',303,'',0,NULL,NULL),(359,1,'72.70','72.70',4,'Betaina',304,'',0,NULL,NULL),(360,1,'232.00','232.00',48,'Ambutyrate Oral',305,'',0,NULL,NULL),(361,6,'928.00','5568.00',5,'Ambutyrate',306,'',0,NULL,NULL),(362,4,'241.80','967.20',20,'L-Citrulline',306,'',0,NULL,NULL),(363,6,'928.00','5568.00',5,'Ambutyrate',307,'',0,NULL,NULL),(364,4,'241.80','967.20',20,'L-Citrulline',307,'',0,NULL,NULL),(365,4,'72.70','290.80',4,'Betaina',308,'',0,NULL,NULL),(366,1,'232.00','232.00',48,'Ambutyrate Oral',309,'S129973',0,NULL,NULL),(367,6,'13439.00','80634.00',7,'NTBC 10mg',310,'',0,NULL,NULL),(368,2,'13439.00','26878.00',7,'NTBC 10mg',311,'',0,NULL,NULL),(369,1,'2687.80','2687.80',8,'NTBC 2mg',312,'2449243',0,NULL,NULL),(370,5,'6719.48','33597.40',3,'NTBC 5mg',313,'',0,NULL,NULL),(371,12449243,'2687.80','99999999.99',8,'NTBC 2mg',314,'',0,NULL,NULL),(372,2,'2900.00','5800.00',1,'Buphenyl Polvo',315,'',0,NULL,NULL),(373,2,'2900.00','5800.00',1,'Buphenyl Polvo',316,'',0,NULL,NULL),(374,6,'13439.00','80634.00',7,'NTBC 10mg',317,'',0,NULL,NULL),(375,1,'6719.48','6719.48',3,'NTBC 5mg',318,'',0,NULL,NULL),(376,2,'928.00','1856.00',5,'Ambutyrate',319,'',0,NULL,NULL),(377,4,'928.00','3712.00',5,'Ambutyrate',320,'',0,NULL,NULL),(378,4,'928.00','3712.00',5,'Ambutyrate',321,'',0,NULL,NULL),(379,2,'6719.48','13438.96',3,'NTBC 5mg',322,'',0,NULL,NULL),(380,1,'2687.80','2687.80',8,'NTBC 2mg',322,'',0,NULL,NULL),(381,1,'2900.00','2900.00',1,'Buphenyl Polvo',323,'',0,NULL,NULL),(382,6,'534.00','3204.00',18,'Ambutyrate, tabletas de 500mg',324,'',0,NULL,NULL),(383,1,'2900.00','2900.00',1,'Buphenyl Polvo',325,'',0,NULL,NULL),(384,2,'232.00','464.00',48,'Ambutyrate Oral',326,'S12.9973',0,NULL,NULL),(385,9,'420.00','3780.00',2,'Cystagon',327,'',0,NULL,NULL),(386,3,'2687.80','8063.40',8,'NTBC 2mg',328,'',0,NULL,NULL),(387,3,'2687.80','8063.40',8,'NTBC 2mg',329,'',0,NULL,NULL),(388,2,'6719.48','13438.96',3,'NTBC 5mg',330,'',0,NULL,NULL),(389,2,'6719.48','13438.96',3,'NTBC 5mg',331,'',0,NULL,NULL),(390,2,'928.00','1856.00',5,'Ambutyrate',332,'',0,NULL,NULL),(391,2,'928.00','1856.00',5,'Ambutyrate',333,'S0710750',0,NULL,NULL),(392,1,'232.00','232.00',48,'Ambutyrate Oral',334,'',0,NULL,NULL),(393,6,'534.00','3204.00',18,'Ambutyrate, tabletas de 500mg',335,'S069814',0,NULL,NULL),(394,1,'2687.80','2687.80',8,'NTBC 2mg',336,'2449243',0,NULL,NULL),(395,7,'1961.85','13732.95',9,'Buphenyl Tabletas',337,'',0,NULL,NULL),(396,7,'1961.85','13732.95',9,'Buphenyl Tabletas',338,'',0,NULL,NULL),(397,1,'502.24','502.24',16,'Ambutyrate,10 ampollas inyectable',339,'',0,NULL,NULL),(398,1,'502.24','502.24',16,'Ambutyrate,10 ampollas inyectable',340,'',0,NULL,NULL),(399,8,'534.00','4272.00',18,'Ambutyrate, tabletas de 500mg',341,'',0,NULL,NULL),(400,1,'450.00','450.00',21,'Neophe en polvo',342,'',0,NULL,NULL),(401,2,'2687.80','5375.60',8,'NTBC 2mg',343,'',0,NULL,NULL),(402,1,'6719.48','6719.48',3,'NTBC 5mg',344,'',0,NULL,NULL),(403,1,'2687.80','2687.80',8,'NTBC 2mg',345,'',0,NULL,NULL),(404,1,'2900.00','2900.00',1,'Buphenyl Polvo',346,'',0,NULL,NULL),(405,1,'232.00','232.00',48,'Ambutyrate Oral',347,'',0,NULL,NULL),(406,1,'72.70','72.70',4,'Betaina',348,'',0,NULL,NULL),(407,1,'928.00','928.00',5,'Ambutyrate',349,'',0,NULL,NULL),(408,4,'232.00','928.00',48,'Ambutyrate Oral',350,'',0,NULL,NULL),(409,2,'232.00','464.00',48,'Ambutyrate Oral',351,'',0,NULL,NULL),(410,1,'2900.00','2900.00',1,'Buphenyl Polvo',352,'',0,NULL,NULL),(411,1,'6719.48','6719.48',3,'NTBC 5mg',353,'',0,NULL,NULL),(412,2,'203.00','406.00',15,'Amzoate',354,'',0,NULL,NULL),(413,2,'208.14','416.28',17,'L-Arginina Inyecciones',354,'',0,NULL,NULL),(414,1,'13439.00','13439.00',7,'NTBC 10mg',355,'',0,NULL,NULL),(415,12,'6719.48','80633.76',3,'NTBC 5mg',356,'',0,NULL,NULL),(416,4,'232.00','928.00',48,'Ambutyrate Oral',357,'',0,NULL,NULL),(417,1,'232.00','232.00',48,'Ambutyrate Oral',358,'',0,NULL,NULL),(418,3,'928.00','2784.00',5,'Ambutyrate',359,'',0,NULL,NULL),(419,1,'928.00','928.00',5,'Ambutyrate',360,'',0,NULL,NULL),(420,1,'232.00','232.00',48,'Ambutyrate Oral',361,'',0,NULL,NULL),(421,3,'2687.80','8063.40',8,'NTBC 2mg',362,'',0,NULL,NULL),(422,8,'534.00','4272.00',18,'Ambutyrate, tabletas de 500mg',363,'',0,NULL,NULL),(423,4,'13439.00','53756.00',7,'NTBC 10mg',364,'',0,NULL,NULL),(424,10,'928.00','9280.00',5,'Ambutyrate',365,'',0,NULL,NULL),(425,2,'1961.85','3923.70',9,'Buphenyl Tabletas',366,'',0,NULL,NULL),(426,3,'13439.00','40317.00',7,'NTBC 10mg',367,'',0,NULL,NULL),(427,3,'6719.48','20158.44',3,'NTBC 5mg',367,'',0,NULL,NULL),(428,9,'2687.80','24190.20',8,'NTBC 2mg',367,'',0,NULL,NULL),(429,2,'928.00','1856.00',5,'Ambutyrate',368,'',0,NULL,NULL),(430,11,'2687.80','29565.80',8,'NTBC 2mg',369,'',0,NULL,NULL),(431,1,'928.00','928.00',5,'Ambutyrate',370,'928',0,NULL,NULL),(432,1,'13439.00','13439.00',7,'NTBC 10mg',371,'',0,NULL,NULL),(433,4,'928.00','3712.00',5,'Ambutyrate',372,'',0,NULL,NULL),(434,3,'241.80','725.40',20,'L-Citrulline',372,'',0,NULL,NULL),(435,4,'928.00','3712.00',5,'Ambutyrate',373,'',0,NULL,NULL),(436,3,'241.80','725.40',20,'L-Citrulline',373,'',0,NULL,NULL),(437,3,'3980.00','11940.00',22,'Amoniul',374,'',0,NULL,NULL),(438,1,'6719.48','6719.48',3,'NTBC 5mg',375,'',0,NULL,NULL),(439,1,'6719.48','6719.48',3,'NTBC 5mg',376,'',0,NULL,NULL),(440,5,'6719.48','33597.40',3,'NTBC 5mg',377,'',0,NULL,NULL),(441,1,'232.00','232.00',48,'Ambutyrate Oral',378,'',0,NULL,NULL),(442,4,'928.00','3712.00',5,'Ambutyrate',379,'',0,NULL,NULL),(443,1,'502.24','502.24',16,'Ambutyrate,10 ampollas inyectable',379,'',0,NULL,NULL),(444,2,'6719.48','13438.96',3,'NTBC 5mg',380,'',0,NULL,NULL),(445,1,'232.00','232.00',48,'Ambutyrate Oral',381,'',0,NULL,NULL),(446,2,'2900.00','5800.00',1,'Buphenyl Polvo',382,'',0,NULL,NULL),(447,10,'72.70','727.00',4,'Betaina',383,'',0,NULL,NULL),(448,2,'232.00','464.00',48,'Ambutyrate Oral',384,'',0,NULL,NULL),(449,1,'2687.80','2687.80',8,'NTBC 2mg',385,'',0,NULL,NULL),(450,12,'232.00','2784.00',48,'Ambutyrate Oral',386,'',0,NULL,NULL),(451,2,'2687.80','5375.60',8,'NTBC 2mg',387,'',0,NULL,NULL),(452,2,'232.00','464.00',48,'Ambutyrate Oral',388,'',0,NULL,NULL),(453,2,'928.00',NULL,5,NULL,389,NULL,0,500,NULL),(454,2,'2900.00',NULL,1,NULL,390,NULL,0,500,NULL),(455,1,'2900.00',NULL,1,NULL,391,NULL,0,200,NULL),(456,8,'534.00',NULL,18,NULL,392,NULL,0,50,NULL),(457,7,'1961.85',NULL,9,NULL,393,NULL,0,16,NULL),(458,4,'6719.48',NULL,3,NULL,394,NULL,0,20,NULL),(460,2,'204.00',NULL,15,NULL,396,NULL,2,NULL,NULL),(461,6,'282.00',NULL,48,NULL,396,NULL,1,NULL,NULL),(462,2,'196.00',NULL,17,NULL,396,NULL,2,NULL,NULL),(464,4,'7055.45',NULL,3,NULL,398,NULL,0,20,NULL),(465,2,'232.00',NULL,48,NULL,399,NULL,0,4.5,NULL),(466,1,'2822.19',NULL,8,NULL,400,NULL,0,NULL,NULL),(467,17,'420.00',NULL,2,NULL,401,NULL,0,6,NULL),(469,5,'14110.90',NULL,7,NULL,403,NULL,0,1,NULL),(470,3,'2822.19',NULL,8,NULL,403,NULL,0,1,NULL),(471,1,'232.00',NULL,48,NULL,404,NULL,0,200,NULL),(473,8,'534.00',NULL,18,NULL,406,NULL,0,20,NULL),(474,18,'550.00',NULL,11,NULL,407,NULL,0,52,NULL),(475,1,'2900.00',NULL,1,NULL,408,NULL,0,500,NULL),(476,8,'534.00',NULL,18,NULL,409,NULL,0,20,NULL),(479,5,'7055.45',NULL,3,NULL,412,NULL,0,34,NULL),(478,1,'7055.45',NULL,3,NULL,411,NULL,0,1,NULL),(480,2,'14110.90',NULL,7,NULL,413,NULL,0,25,NULL),(481,2,'2822.19',NULL,8,NULL,414,NULL,0,25,NULL),(482,2,'928.00',NULL,5,NULL,415,NULL,0,500,'mg'),(483,1,'7055.45',NULL,3,NULL,416,NULL,0,15,NULL),(484,2,'232.00',NULL,48,NULL,417,NULL,0,4.5,NULL),(485,2,'1961.85',NULL,9,NULL,418,NULL,0,4,NULL),(486,5,'7055.45',NULL,3,NULL,419,NULL,0,34,NULL),(487,2,'204.00',NULL,15,NULL,420,NULL,0,1,NULL),(488,10,'232.00',NULL,48,NULL,421,NULL,0,200,'mg'),(489,2,'14110.90',NULL,7,NULL,422,NULL,0,25,NULL),(490,2,'2900.00',NULL,1,NULL,423,NULL,0,10,NULL),(491,12,'502.24',NULL,16,NULL,424,NULL,0,0.5,NULL),(492,3,'232.00',NULL,48,NULL,425,NULL,0,3,'ml'),(493,2,'7055.45',NULL,3,NULL,426,NULL,0,18,NULL),(494,1,'2822.19',NULL,8,NULL,426,NULL,0,NULL,NULL),(495,2,'7055.45',NULL,3,NULL,427,NULL,0,10,NULL),(496,1,'2900.00',NULL,1,NULL,428,NULL,0,NULL,NULL),(497,8,'534.00',NULL,18,NULL,429,NULL,0,20,NULL),(498,1,'2900.00',NULL,1,NULL,430,NULL,0,NULL,NULL),(499,2,'7055.45',NULL,3,NULL,431,NULL,0,10,NULL),(500,2,'2822.19',NULL,8,NULL,432,NULL,0,4,NULL),(501,2,'2822.19',NULL,8,NULL,433,NULL,0,4,NULL),(502,7,'7055.45',NULL,3,NULL,434,NULL,0,12,NULL),(503,2,'232.00',NULL,48,NULL,435,NULL,0,4.5,NULL),(504,3,'14110.90',NULL,7,NULL,436,NULL,0,20,NULL),(505,3,'7055.45',NULL,3,NULL,436,NULL,0,NULL,NULL),(506,9,'2822.19',NULL,8,NULL,436,NULL,0,NULL,NULL),(507,1,'7055.45',NULL,3,NULL,437,NULL,0,8,NULL),(508,1,'7055.45',NULL,3,NULL,438,NULL,0,14,NULL),(509,1,'7055.45',NULL,3,NULL,439,NULL,0,14,NULL),(510,2,'2900.00',NULL,1,NULL,440,NULL,0,10,NULL),(511,3,'232.00',NULL,48,NULL,441,NULL,0,3,'ml'),(512,2,'232.00',NULL,48,NULL,442,NULL,0,4.5,NULL),(513,1,'2900.00',NULL,1,NULL,443,NULL,0,10,NULL),(514,12,'232.00',NULL,48,NULL,444,NULL,0,0.5,NULL),(515,7,'1961.85',NULL,9,NULL,445,NULL,0,16,NULL),(516,2,'2900.00',NULL,1,NULL,446,NULL,0,10,NULL),(517,1,'2620.00',NULL,10,NULL,447,NULL,0,NULL,NULL),(518,2,'2822.19',NULL,8,NULL,448,NULL,0,4,NULL),(519,1,'2900.00',NULL,1,NULL,449,NULL,0,200,NULL),(520,2,'7055.45',NULL,3,NULL,450,NULL,0,10,NULL),(521,2,'2900.00',NULL,1,NULL,451,NULL,0,10,NULL),(522,1,'7055.45',NULL,3,NULL,452,NULL,0,8,NULL),(523,3,'232.00',NULL,48,NULL,453,NULL,0,3,'ml'),(524,1,'2822.19',NULL,8,NULL,454,NULL,0,NULL,NULL),(525,2,'7055.45',NULL,3,NULL,454,NULL,0,18,NULL),(530,2,'232.00',NULL,48,NULL,457,NULL,0,4.5,NULL),(529,1,'7055.45',NULL,3,NULL,456,NULL,0,14,NULL),(531,5,'14110.90',NULL,7,NULL,458,NULL,0,NULL,NULL),(532,1,'7055.45',NULL,3,NULL,458,NULL,0,NULL,NULL),(533,5,'7055.45',NULL,3,NULL,459,NULL,0,34,NULL),(534,8,'534.00',NULL,18,NULL,460,NULL,0,20,NULL),(535,3,'420.00',NULL,2,NULL,461,NULL,0,5,NULL),(538,23,'14110.90',NULL,7,NULL,463,NULL,0,0.1,NULL),(539,1,'7045.55',NULL,3,NULL,463,NULL,0,0.1,NULL),(540,1,'7045.55',NULL,3,NULL,464,NULL,0,0.1,NULL),(541,23,'14110.90',NULL,7,NULL,464,NULL,0,0.1,NULL),(542,5,'14110.90',NULL,7,NULL,465,NULL,0,24,NULL),(545,9,'420.00',NULL,2,NULL,466,NULL,0,9,'mg'),(544,1,'7055.45',NULL,3,NULL,465,NULL,0,0.1,NULL),(546,3,'232.00',NULL,48,NULL,467,NULL,0,3,'ml'),(547,6,'7045.55',NULL,3,NULL,468,NULL,0,10,NULL),(548,2,'7045.55',NULL,3,NULL,469,NULL,0,18,NULL),(549,2,'2900.00',NULL,1,NULL,470,NULL,0,NULL,NULL),(550,2,'7045.55',NULL,3,NULL,471,NULL,0,18,NULL),(551,1,'2822.19',NULL,8,NULL,471,NULL,0,NULL,NULL),(552,1,'7045.55',NULL,3,NULL,472,NULL,0,14,NULL),(553,1,'7045.55',NULL,3,NULL,473,NULL,0,8,NULL),(554,2,'2900.00',NULL,1,NULL,474,NULL,0,10,NULL),(555,2,'2822.19',NULL,8,NULL,475,NULL,0,25,NULL),(556,4,'14110.90',NULL,7,NULL,476,NULL,0,20,NULL),(557,6,'14110.90',NULL,7,NULL,477,NULL,0,15,NULL),(558,1,'2900.00',NULL,1,NULL,478,NULL,0,10,NULL),(559,2,'1961.85',NULL,9,NULL,479,NULL,0,4,NULL),(560,2,'7045.55',NULL,3,NULL,480,NULL,0,10,NULL),(561,1,'2900.00',NULL,1,NULL,481,NULL,0,300,'mg'),(562,5,'7045.55',NULL,3,NULL,482,NULL,0,34,NULL),(563,12,'72.70',NULL,4,NULL,483,NULL,0,10,NULL),(564,2,'232.00',NULL,48,NULL,484,NULL,0,4.5,NULL),(565,18,'7045.55',NULL,3,NULL,485,NULL,0,15,'mg'),(567,8,'232.00',NULL,48,NULL,487,NULL,0,400,'mg'),(568,9,'7045.55',NULL,3,NULL,488,NULL,0,15,'mg'),(569,3,'232.00',NULL,48,NULL,489,NULL,0,3,'ml'),(570,2,'7045.55',NULL,3,NULL,490,NULL,0,10,'mg'),(571,1,'14110.90',NULL,7,NULL,491,NULL,0,8,NULL),(572,2,'2900.00',NULL,1,NULL,492,NULL,0,10,NULL),(573,12,'232.00',NULL,48,NULL,493,NULL,0,0.5,NULL),(574,1,'2822.19',NULL,8,NULL,494,NULL,0,18,NULL),(575,2,'7045.55',NULL,3,NULL,494,NULL,0,NULL,NULL),(576,15,'534.00',NULL,18,NULL,495,NULL,0,20,'mg'),(577,1,'2822.19',NULL,8,NULL,496,NULL,0,8,'mg'),(578,2,'2822.19',NULL,8,NULL,497,NULL,0,NULL,NULL),(579,1,'7045.55',NULL,3,NULL,497,NULL,0,12,NULL),(580,9,'14110.90',NULL,7,NULL,498,NULL,0,NULL,NULL),(581,6,'2822.19',NULL,8,NULL,498,NULL,0,21,NULL),(582,9,'7045.55',NULL,3,NULL,499,NULL,0,15,'mg'),(583,2,'232.00',NULL,48,NULL,500,NULL,0,4.5,NULL),(584,2,'2900.00',NULL,1,NULL,501,NULL,0,400,'mg'),(589,3,'7397.83',NULL,3,NULL,503,NULL,0,NULL,NULL),(588,3,'14816.50',NULL,7,NULL,503,NULL,0,20,NULL),(590,9,'2963.30',NULL,8,NULL,503,NULL,0,NULL,NULL),(591,8,'232.00',NULL,48,NULL,504,NULL,0,400,NULL),(592,1,'204.00',NULL,15,NULL,505,NULL,0,4.5,NULL),(593,5,'7397.83',NULL,3,NULL,506,NULL,0,34,NULL),(594,7,'1961.85',NULL,9,NULL,507,NULL,0,16,NULL),(595,3,'232.00',NULL,48,NULL,508,NULL,0,10.5,NULL),(596,1,'7397.83',NULL,3,NULL,509,NULL,0,10,NULL),(597,1,'241.80',NULL,20,NULL,510,NULL,0,1.5,'mg'),(598,1,'2900.00',NULL,1,NULL,511,NULL,0,10,NULL),(599,12,'232.00',NULL,48,NULL,512,NULL,0,0.5,NULL),(600,3,'420.00',NULL,2,NULL,513,NULL,0,8,NULL),(601,2,'2963.30',NULL,8,NULL,514,NULL,0,4,NULL),(602,5,'420.00',NULL,2,NULL,515,NULL,0,5,NULL),(603,9,'7397.83',NULL,3,NULL,516,NULL,0,15,'mg'),(604,1,'241.80',NULL,20,NULL,517,NULL,0,10,NULL),(605,3,'232.00',NULL,48,NULL,518,NULL,0,3,'ml'),(606,8,'232.00',NULL,48,NULL,519,NULL,0,200,NULL),(607,1,'2900.00',NULL,1,NULL,520,NULL,0,300,'mg'),(608,8,'232.00',NULL,48,NULL,521,NULL,0,300,NULL),(609,3,'232.00',NULL,48,NULL,522,NULL,0,4.5,NULL),(610,2,'7397.83',NULL,3,NULL,523,NULL,0,18,NULL),(611,1,'2963.30',NULL,8,NULL,523,NULL,0,NULL,NULL),(612,1,'2900.00',NULL,1,NULL,524,NULL,0,10,NULL),(613,1,'420.00',NULL,2,NULL,525,NULL,0,10,NULL),(614,1,'2963.30',NULL,8,NULL,526,NULL,0,8,NULL),(615,18,'550.00',NULL,11,NULL,527,NULL,0,52,NULL),(616,5,'7397.83',NULL,3,NULL,528,NULL,0,34,NULL),(617,2,'7397.83',NULL,3,NULL,529,NULL,0,10,NULL),(618,9,'14816.50',NULL,7,NULL,530,NULL,0,NULL,NULL),(619,2,'2900.00',NULL,1,NULL,531,NULL,0,10,NULL),(620,2,'928.00',NULL,5,NULL,531,NULL,0,10,NULL),(621,1,'7397.83',NULL,3,NULL,532,NULL,0,14,NULL),(622,1,'232.00',NULL,48,NULL,533,NULL,0,10,NULL),(623,1,'928.00',NULL,5,NULL,533,NULL,0,10,NULL),(624,4,'14816.50',NULL,7,NULL,534,NULL,0,20,NULL),(625,1,'24.60',NULL,49,NULL,535,NULL,0,100,NULL),(626,1,'232.00',NULL,48,NULL,535,NULL,0,100,NULL),(627,3,'420.00',NULL,2,NULL,536,NULL,0,10,NULL),(628,1,'928.00',NULL,5,NULL,537,NULL,0,10,NULL),(629,3,'232.00',NULL,48,NULL,538,NULL,0,4.5,NULL),(630,3,'232.00',NULL,48,NULL,539,NULL,0,3,'ml'),(631,2,'2963.30',NULL,8,NULL,540,NULL,0,4,NULL),(632,1,'550.00',NULL,11,NULL,541,NULL,0,1,NULL),(633,7,'1961.85',NULL,9,NULL,542,NULL,0,16,NULL),(634,2,'1961.85',NULL,9,NULL,543,NULL,1,4,NULL),(635,2,'7397.83',NULL,3,NULL,544,NULL,0,18,NULL),(636,1,'2963.30',NULL,8,NULL,544,NULL,0,NULL,NULL),(637,3,'7397.83',NULL,3,NULL,545,NULL,0,14,NULL),(638,1,'7397.83',NULL,3,NULL,546,NULL,0,8,NULL),(639,1,'2900.00',NULL,1,NULL,547,NULL,0,100,NULL),(640,3,'232.00',NULL,48,NULL,548,NULL,0,4.5,NULL),(641,1,'7397.83',NULL,3,NULL,549,NULL,0,10,NULL),(642,2,'2900.00',NULL,1,NULL,550,NULL,0,200,NULL),(643,16,'534.00',NULL,18,NULL,551,NULL,0,20,NULL),(644,1,'502.24',NULL,16,NULL,552,NULL,0,1,NULL),(645,6,'928.00',NULL,5,NULL,553,NULL,0,100,NULL),(646,1,'7397.83',NULL,3,NULL,554,NULL,0,14,NULL),(647,8,'232.00',NULL,48,NULL,555,NULL,0,100,NULL),(648,3,'232.00',NULL,48,NULL,556,NULL,0,3,'ml'),(649,2,'2963.30',NULL,8,NULL,557,NULL,0,4,NULL),(650,1,'7397.83',NULL,3,NULL,558,NULL,0,14,NULL),(651,16,'534.00',NULL,18,NULL,559,NULL,0,20,NULL),(653,1,'204.00',NULL,15,NULL,561,NULL,0,10,NULL),(654,2,'7397.83',NULL,3,NULL,562,NULL,0,10,NULL),(655,1,'7397.83',NULL,3,NULL,563,NULL,0,12,NULL),(656,9,'420.00',NULL,2,NULL,564,NULL,0,9,'mg'),(657,5,'7397.83',NULL,3,NULL,565,NULL,0,34,NULL),(658,1,'928.00',NULL,5,NULL,566,NULL,0,100,NULL),(659,1,'928.00',NULL,5,NULL,567,NULL,0,100,NULL),(663,3,'232.00',NULL,48,NULL,571,NULL,0,4.5,NULL),(667,12,'232.00',NULL,48,NULL,574,NULL,0,0.5,NULL),(662,1,'7397.83',NULL,3,NULL,570,NULL,0,8,NULL),(664,1,'241.80',NULL,20,NULL,572,NULL,0,1.5,'mg'),(668,1,'2900.00',NULL,1,NULL,575,NULL,0,10,NULL),(666,2,'7408.22',NULL,3,NULL,573,NULL,0,NULL,NULL),(669,2,'2900.00',NULL,1,NULL,577,NULL,0,1,NULL),(670,1,'1750.00',NULL,61,NULL,578,NULL,0,250,'mg'),(671,1,'502.24',NULL,16,NULL,579,NULL,0,NULL,'mg'),(672,1,'14816.50',NULL,7,NULL,580,NULL,0,7.5,'mg'),(673,1,'7408.22',NULL,3,NULL,580,NULL,0,NULL,NULL),(674,2,'502.24',NULL,16,NULL,581,NULL,0,1,NULL),(675,16,'420.00',NULL,2,NULL,582,NULL,0,10,NULL),(676,12,'2963.30',NULL,8,NULL,583,NULL,1,1,'mg'),(677,8,'72.70',NULL,4,NULL,584,NULL,0,10,NULL),(678,1,'928.00',NULL,5,NULL,585,NULL,0,100,NULL),(679,1,'2963.30',NULL,8,NULL,586,NULL,1,2,NULL),(680,1,'2963.30',NULL,8,NULL,587,NULL,0,2,NULL),(681,4,'420.00',NULL,2,NULL,588,NULL,0,10,NULL),(682,3,'232.00',NULL,48,NULL,589,NULL,0,100,'ml'),(683,2,'7408.22',NULL,3,NULL,590,NULL,0,NULL,NULL),(684,1,'2963.30',NULL,8,NULL,590,NULL,0,NULL,NULL),(685,5,'7408.22',NULL,3,NULL,591,NULL,0,34,NULL),(686,6,'14816.50',NULL,7,NULL,592,NULL,0,20,NULL),(687,3,'420.00',NULL,2,NULL,593,NULL,0,18,NULL),(688,3,'232.00',NULL,48,NULL,594,NULL,0,4.5,NULL),(689,8,'232.00',NULL,48,NULL,595,NULL,0,100,NULL),(690,1,'502.24',NULL,16,NULL,595,NULL,0,1,NULL),(691,2,'241.80',NULL,20,NULL,595,NULL,0,100,NULL),(692,6,'7408.22',NULL,3,NULL,596,NULL,2,10,'mg'),(693,7,'1961.85',NULL,9,NULL,597,NULL,0,16,NULL),(694,8,'72.70',NULL,4,NULL,598,NULL,0,6,NULL),(695,1,'7778.63',NULL,3,NULL,599,NULL,0,8,NULL),(696,6,'72.70',NULL,4,NULL,600,NULL,0,10,NULL),(697,9,'3111.47',NULL,8,NULL,601,NULL,0,NULL,NULL),(698,3,'7778.63',NULL,3,NULL,601,NULL,0,NULL,NULL),(699,3,'15557.30',NULL,7,NULL,601,NULL,0,20,NULL),(700,10,'946.62',NULL,5,NULL,602,NULL,0,3.2,NULL),(701,1,'194.82',NULL,17,NULL,603,NULL,0,1,NULL),(702,1,'1750.00',NULL,61,NULL,603,NULL,0,1,NULL),(703,1,'204.00',NULL,15,NULL,603,NULL,0,1,NULL),(704,1,'288.00',NULL,48,NULL,603,NULL,0,10,NULL),(705,1,'2900.00',NULL,1,NULL,604,NULL,0,10,NULL),(706,1,'7778.63',NULL,3,NULL,605,NULL,0,14,NULL),(707,2,'3111.47',NULL,8,NULL,606,NULL,0,4,NULL),(708,1,'1750.00',NULL,61,NULL,607,NULL,0,10,NULL),(709,2,'502.24',NULL,16,NULL,607,NULL,0,10,NULL),(710,2,'7778.63',NULL,3,NULL,608,NULL,0,8,NULL),(711,2,'1961.85',NULL,9,NULL,609,NULL,0,4,NULL);
/*!40000 ALTER TABLE `proformadetails` ENABLE KEYS */;
UNLOCK TABLES;

--
-- Table structure for table `proformas`
--

DROP TABLE IF EXISTS `proformas`;
SET @saved_cs_client     = @@character_set_client;
SET character_set_client = utf8;
CREATE TABLE `proformas` (
  `id` int(10) unsigned NOT NULL auto_increment,
  `user_id` int(10) unsigned NOT NULL default '0',
  `discount` int(10) unsigned default NULL,
  `courier` decimal(10,2) NOT NULL default '0.00',
  `total` decimal(10,2) NOT NULL default '0.00',
  `created_at` datetime default NULL,
  `patient_id` int(10) unsigned default NULL,
  `client_id` int(10) unsigned NOT NULL default '0',
  `status` enum('Creada','Aprobada','Rechazada','Anulada') NOT NULL default 'Creada',
  `version` bigint(20) default NULL,
  `destination_airport` varchar(255) default NULL,
  `donation` bit(1) default NULL,
  `delivery_date` datetime default NULL,
  PRIMARY KEY  (`id`),
  KEY `FKC46A34E32F7C98EF` (`patient_id`),
  KEY `FKC46A34E3C07819E5` (`client_id`)
) ENGINE=MyISAM AUTO_INCREMENT=610 DEFAULT CHARSET=utf8;
SET character_set_client = @saved_cs_client;

--
-- Dumping data for table `proformas`
--

LOCK TABLES `proformas` WRITE;
/*!40000 ALTER TABLE `proformas` DISABLE KEYS */;
INSERT INTO `proformas` VALUES (1,0,0,'200.00','3100.00','2008-07-15 12:00:03',1,1,'Aprobada',0,NULL,'\0',NULL),(2,0,0,'200.00','14700.00','2008-07-15 12:11:21',2,2,'Aprobada',0,NULL,'\0',NULL),(3,0,0,'200.00','12033.00','2008-07-15 12:25:34',3,3,'Aprobada',0,NULL,'\0',NULL),(4,0,0,'200.00','17950.00','2008-07-15 12:31:20',4,4,'Aprobada',0,NULL,'\0',NULL),(5,0,0,'200.00','3100.00','2008-07-15 12:37:13',5,5,'Aprobada',0,NULL,'\0',NULL),(6,0,0,'200.00','927.00','2008-07-15 12:42:59',6,6,'Aprobada',0,NULL,'\0',NULL),(7,0,0,'200.00','3100.00','2008-07-15 12:43:43',1,1,'Aprobada',0,NULL,'\0',NULL),(8,0,0,'200.00','1128.00','2008-07-15 12:51:36',7,8,'Aprobada',0,NULL,'\0',NULL),(9,0,0,'200.00','896.00','2008-07-15 13:50:30',8,9,'Aprobada',0,NULL,'\0',NULL),(10,0,0,'200.00','35700.00','2008-07-15 13:56:58',9,10,'Creada',0,NULL,'\0',NULL),(11,0,0,'200.00','12033.00','2008-07-15 14:01:19',3,3,'Aprobada',0,NULL,'\0',NULL),(12,0,0,'200.00','14494.00','2008-07-18 11:38:37',3,11,'Aprobada',0,NULL,'\0',NULL),(13,0,0,'200.00','6116.00','2008-07-18 11:49:09',10,12,'Aprobada',0,NULL,'\0',NULL),(14,0,0,'200.00','3100.00','2008-07-21 16:13:01',1,1,'Aprobada',0,NULL,'\0',NULL),(15,0,10,'0.00','8828.00','2008-07-21 16:35:01',11,13,'Aprobada',0,NULL,'\0',NULL),(16,0,0,'200.00','3100.00','2008-07-22 11:20:07',12,14,'Creada',0,NULL,'\0',NULL),(17,0,0,'200.00','17950.00','2008-07-22 11:21:08',4,4,'Aprobada',0,NULL,'\0',NULL),(18,0,3,'200.00','5889.00','2008-07-22 11:23:26',4,4,'Creada',0,NULL,'\0',NULL),(19,0,0,'200.00','272.00','2008-07-22 11:32:30',13,15,'Creada',0,NULL,'\0',NULL),(20,0,3,'200.00','14400.00','2008-07-22 11:38:28',14,16,'Aprobada',0,NULL,'\0',NULL),(21,0,0,'200.00','636.00','2008-07-22 11:41:57',15,17,'Aprobada',0,NULL,'\0',NULL),(22,0,0,'200.00','35700.00','2008-07-22 11:46:47',16,17,'Aprobada',0,NULL,'\0',NULL),(23,0,0,'200.00','12033.00','2008-07-22 12:24:28',3,3,'Aprobada',0,NULL,'\0',NULL),(24,0,0,'200.00','1128.00','2008-07-22 12:32:08',12,14,'Creada',0,NULL,'\0',NULL),(25,0,0,'200.00','17950.00','2008-07-23 11:44:16',4,4,'Aprobada',0,NULL,'\0',NULL),(26,0,0,'200.00','1128.00','2008-07-23 11:45:57',12,8,'Aprobada',0,NULL,'\0',NULL),(27,0,0,'200.00','3100.00','2008-07-23 11:47:26',5,5,'Aprobada',0,NULL,'\0',NULL),(28,0,0,'200.00','3100.00','2008-07-23 11:48:03',1,1,'Aprobada',0,NULL,'\0',NULL),(29,0,0,'200.00','2147.00','2008-07-23 11:52:05',17,18,'Aprobada',0,NULL,'\0',NULL),(30,0,0,'200.00','1173.00','2008-07-23 11:57:15',12,19,'Aprobada',0,NULL,'\0',NULL),(31,0,0,'200.00','3100.00','2008-07-23 12:00:22',5,5,'Aprobada',0,NULL,'\0',NULL),(32,0,0,'200.00','3100.00','2008-07-23 12:01:25',1,1,'Aprobada',0,NULL,'\0',NULL),(33,0,0,'200.00','20411.00','2008-07-23 12:02:48',4,4,'Aprobada',0,NULL,'\0',NULL),(34,0,0,'200.00','38634.00','2008-07-23 12:05:39',18,19,'Creada',0,NULL,'\0',NULL),(35,0,0,'200.00','490.00','2008-07-23 12:08:52',19,15,'Creada',0,NULL,'\0',NULL),(36,0,0,'200.00','37120.00','2008-07-23 12:16:17',NULL,20,'Creada',0,NULL,'\0',NULL),(37,0,0,'200.00','3100.00','2008-07-23 12:17:12',1,1,'Aprobada',0,NULL,'\0',NULL),(38,0,0,'200.00','3100.00','2008-07-23 12:17:56',1,1,'Aprobada',0,NULL,'\0',NULL),(39,0,10,'200.00','9028.00','2008-07-23 12:18:41',11,13,'Creada',0,NULL,'\0',NULL),(40,0,0,'200.00','21121.00','2008-07-23 12:20:35',3,3,'Creada',0,NULL,'\0',NULL),(41,0,0,'250.00','2870.00','2008-07-23 12:26:35',NULL,21,'Aprobada',0,NULL,'\0',NULL),(42,0,0,'200.00','14968.00','2008-07-23 12:27:55',14,16,'Aprobada',0,NULL,'\0',NULL),(43,0,0,'200.00','1128.00','2008-07-23 12:29:23',7,8,'Aprobada',0,NULL,'\0',NULL),(44,0,7,'200.00','34246.00','2008-07-23 12:31:46',16,17,'Aprobada',0,NULL,'\0',NULL),(45,0,0,'200.00','927.00','2008-07-23 12:35:16',6,22,'Aprobada',0,NULL,'\0',NULL),(46,0,0,'200.00','664.00','2008-07-23 12:38:53',8,9,'Aprobada',0,NULL,'\0',NULL),(47,0,0,'250.00','2870.00','2008-07-23 12:39:54',NULL,21,'Aprobada',0,NULL,'\0',NULL),(48,0,0,'200.00','3100.00','2008-07-23 12:42:07',1,1,'Aprobada',0,NULL,'\0',NULL),(49,0,0,'200.00','3100.00','2008-07-23 12:42:43',5,5,'Aprobada',0,NULL,'\0',NULL),(50,0,0,'200.00','44504.00','2008-07-23 12:48:21',22,23,'Aprobada',0,NULL,'\0',NULL),(51,0,0,'200.00','61734.00','2008-07-23 12:51:34',18,24,'Creada',0,NULL,'\0',NULL),(52,0,0,'0.00','12306.00','2008-07-23 13:02:46',4,4,'Aprobada',0,NULL,'\0',NULL),(53,0,0,'200.00','3100.00','2008-07-23 13:03:24',1,1,'Aprobada',0,NULL,'\0',NULL),(54,0,3,'0.00','35502.00','2008-07-23 13:07:25',NULL,10,'Creada',0,NULL,'\0',NULL),(55,0,0,'200.00','37120.00','2008-07-23 13:09:13',NULL,10,'Aprobada',0,NULL,'\0',NULL),(56,0,0,'200.00','2796.00','2008-07-23 13:10:03',NULL,19,'Creada',0,NULL,'\0',NULL),(57,0,0,'200.00','3120.00','2008-07-23 13:10:55',NULL,19,'Aprobada',0,NULL,'\0',NULL),(58,0,0,'0.00','2461.00','2008-07-23 13:14:49',10,12,'Aprobada',0,NULL,'\0',NULL),(59,0,0,'200.00','1128.00','2008-07-23 13:15:50',7,8,'Aprobada',0,NULL,'\0',NULL),(60,0,0,'200.00','18660.00','2008-07-23 13:16:29',4,4,'Aprobada',0,NULL,'\0',NULL),(61,0,0,'200.00','2661.00','2008-07-23 13:17:57',23,17,'Aprobada',0,NULL,'\0',NULL),(62,0,0,'200.00','2661.00','2008-07-23 13:18:59',3,11,'Aprobada',0,NULL,'\0',NULL),(63,0,0,'200.00','345.00','2008-07-23 13:19:41',19,15,'Creada',0,NULL,'\0',NULL),(64,0,0,'200.00','1128.00','2008-07-23 13:20:45',24,17,'Aprobada',0,NULL,'\0',NULL),(65,0,0,'200.00','3100.00','2008-07-23 13:21:20',1,1,'Aprobada',0,NULL,'\0',NULL),(66,0,0,'200.00','2661.00','2008-07-23 13:22:07',10,12,'Aprobada',0,NULL,'\0',NULL),(67,0,0,'200.00','345.00','2008-07-23 13:24:17',25,25,'Aprobada',0,NULL,'\0',NULL),(68,0,0,'200.00','24813.00','2008-07-23 13:29:19',NULL,26,'Creada',0,NULL,'\0',NULL),(69,0,0,'200.00','24813.00','2008-07-23 13:36:08',4,4,'Aprobada',0,NULL,'\0',NULL),(70,0,0,'200.00','750.00','2008-07-24 14:10:51',26,27,'Creada',0,NULL,'\0',NULL),(71,0,0,'200.00','1128.00','2008-07-25 10:40:39',27,17,'Anulada',0,NULL,'\0',NULL),(72,0,0,'200.00','1128.00','2008-07-30 12:22:02',27,28,'Aprobada',0,NULL,'\0',NULL),(73,0,0,'200.00','2056.00','2008-07-31 16:10:03',24,29,'Rechazada',0,NULL,'\0',NULL),(74,0,0,'200.00','664.00','2008-08-01 11:25:59',24,29,'Creada',0,NULL,'\0',NULL),(75,0,0,'200.00','74040.80','2008-08-01 13:03:29',NULL,30,'Creada',0,NULL,'\0',NULL),(76,0,0,'200.00','3100.00','2008-08-04 12:26:45',5,5,'Aprobada',0,NULL,'\0',NULL),(77,0,0,'200.00','12506.80','2008-08-05 14:53:25',14,16,'Rechazada',0,NULL,'\0',NULL),(78,0,0,'200.00','30967.00','2008-08-05 14:56:25',4,4,'Creada',0,NULL,'\0',NULL),(79,0,4,'200.00','12014.52','2008-08-08 11:53:11',14,16,'Aprobada',0,NULL,'\0',NULL),(80,0,0,'200.00','33428.36','2008-08-11 13:11:33',16,31,'Rechazada',0,NULL,'\0',NULL),(81,0,7,'200.00','34245.26','2008-08-13 17:02:26',16,31,'Aprobada',0,NULL,'\0',NULL),(82,0,0,'200.00','6353.40','2008-08-19 14:11:42',10,12,'Aprobada',0,NULL,'\0',NULL),(83,0,0,'200.00','927.00','2008-08-19 14:14:50',25,17,'Creada',0,NULL,'\0',NULL),(84,0,0,'200.00','77732.84','2008-08-19 14:17:06',18,19,'Creada',0,NULL,'\0',NULL),(85,0,0,'200.00','6000.00','2008-08-21 11:27:48',1,1,'Aprobada',0,NULL,'\0',NULL),(86,0,0,'200.00','1128.00','2008-08-22 11:05:20',8,9,'Aprobada',0,NULL,'\0',NULL),(87,0,0,'200.00','14968.16','2008-08-22 11:07:21',3,11,'Aprobada',0,NULL,'\0',NULL),(88,0,50,'200.00','1180.92','2008-08-22 16:56:00',8,19,'Rechazada',0,NULL,'\0',NULL),(89,0,25,'200.00','7556.93','2008-08-25 18:16:14',11,13,'Aprobada',0,NULL,'\0',NULL),(90,0,0,'200.00','664.00','2008-08-27 12:40:39',24,29,'Aprobada',0,NULL,'\0',NULL),(91,0,0,'200.00','44504.48','2008-08-28 11:17:29',22,23,'Aprobada',0,NULL,'\0',NULL),(92,0,0,'0.00','928.00','2008-08-28 12:31:17',28,33,'Aprobada',0,NULL,'\0',NULL),(93,0,0,'200.00','345.40','2008-09-03 14:51:17',19,15,'Aprobada',0,NULL,'\0',NULL),(94,0,10,'200.00','66102.91','2008-09-09 15:51:52',29,20,'Aprobada',0,NULL,'\0',NULL),(95,0,0,'200.00','30967.00','2008-09-11 09:59:22',4,4,'Aprobada',0,NULL,'\0',NULL),(96,0,0,'200.00','6000.00','2008-09-12 15:12:26',1,1,'Aprobada',0,NULL,'\0',NULL),(97,0,0,'200.00','108499.84','2008-09-15 11:41:47',NULL,10,'Aprobada',0,NULL,'\0',NULL),(98,0,0,'200.00','927.00','2008-09-16 15:10:28',6,22,'Creada',0,NULL,'\0',NULL),(99,0,0,'200.00','345.40','2008-09-17 11:05:16',25,25,'Creada',0,NULL,'\0',NULL),(100,0,0,'200.00','6000.00','2008-09-17 11:59:56',5,5,'Aprobada',0,NULL,'\0',NULL),(101,0,0,'200.00','664.00','2008-09-22 10:38:26',24,29,'Aprobada',0,NULL,'\0',NULL),(102,0,0,'200.00','3100.00','2008-09-23 14:41:44',5,5,'Aprobada',0,NULL,'\0',NULL),(103,0,0,'200.00','12506.80','2008-09-25 11:11:29',14,16,'Creada',0,NULL,'\0',NULL),(104,0,0,'200.00','6353.40','2008-09-25 15:20:50',30,34,'Creada',0,NULL,'\0',NULL),(105,0,0,'200.00','61734.00','2008-09-26 12:57:59',18,24,'Aprobada',0,NULL,'\0',NULL),(106,0,0,'200.00','6000.00','2008-10-03 11:44:37',1,1,'Aprobada',0,NULL,'\0',NULL),(107,0,0,'200.00','14968.16','2008-10-03 14:55:13',3,11,'Aprobada',0,NULL,'\0',NULL),(108,0,0,'200.00','24813.60','2008-10-03 15:25:04',4,4,'Aprobada',0,NULL,'\0',NULL),(109,0,0,'200.00','927.00','2008-10-03 15:41:24',25,17,'Aprobada',0,NULL,'\0',NULL),(110,0,0,'200.00','6353.40','2008-10-03 15:45:32',10,12,'Aprobada',0,NULL,'\0',NULL),(111,0,0,'200.00','14968.16','2008-10-09 10:34:03',3,11,'Creada',0,NULL,'\0',NULL),(112,0,0,'200.00','28357.82','2008-10-09 12:45:47',16,31,'Creada',0,NULL,'\0',NULL),(113,0,0,'200.00','664.00','2008-10-09 15:07:17',24,29,'Creada',0,NULL,'\0',NULL),(114,0,0,'200.00','1173.56','2008-10-10 16:20:47',31,35,'Aprobada',0,NULL,'\0',NULL),(115,0,0,'200.00','2796.16','2008-10-10 16:45:41',NULL,19,'Aprobada',0,NULL,'\0',NULL),(116,0,0,'200.00','6000.00','2008-10-15 13:18:36',1,1,'Creada',0,NULL,'\0',NULL),(117,0,0,'200.00','3120.68','2008-10-20 13:00:28',17,18,'Creada',0,NULL,'\0',NULL),(118,0,0,'200.00','1128.00','2008-10-21 11:46:31',32,36,'Creada',0,NULL,'\0',NULL),(119,0,0,'200.00','3100.00','2008-10-24 09:12:28',5,5,'Creada',0,NULL,'\0',NULL),(120,0,25,'200.00','7556.93','2008-10-24 11:51:51',11,13,'Rechazada',0,NULL,'\0',NULL),(121,0,25,'200.00','9028.32','2008-10-24 12:03:00',11,13,'Creada',0,NULL,'\0',NULL),(122,0,0,'200.00','11336.00','2008-10-24 14:26:41',32,36,'Creada',0,NULL,'\0',NULL),(123,0,0,'200.00','6000.00','2008-10-28 14:18:05',1,1,'Creada',0,NULL,'\0',NULL),(124,0,0,'200.00','2820.00','2008-10-28 14:41:09',NULL,21,'Creada',0,NULL,'\0',NULL),(125,0,0,'200.00','2056.00','2008-10-30 11:41:22',33,37,'Creada',0,NULL,'\0',NULL),(126,0,0,'200.00','345.40','2008-11-03 09:19:46',19,15,'Creada',0,NULL,'\0',NULL),(127,0,0,'200.00','3100.00','2008-11-04 11:46:07',1,1,'Creada',0,NULL,'\0',NULL),(128,0,0,'200.00','11718.69','2008-11-04 15:27:42',34,14,'Creada',0,NULL,'\0',NULL),(129,0,0,'200.00','51392.40','2008-11-04 15:48:34',4,4,'Creada',0,NULL,'\0',NULL),(130,0,0,'200.00','1128.00','2008-11-05 11:23:13',35,38,'Creada',0,NULL,'\0',NULL),(131,0,32,'200.00','26076.50','2008-11-05 11:55:26',16,31,'Creada',0,NULL,'\0',NULL),(132,0,0,'200.00','664.00','2008-11-07 11:07:27',24,29,'Creada',0,NULL,'\0',NULL),(133,0,0,'200.00','2147.12','2008-11-07 11:54:35',36,19,'Creada',0,NULL,'\0',NULL),(134,0,0,'200.00','15557.92','2008-11-10 08:45:40',3,11,'Rechazada',0,NULL,'\0',NULL),(135,0,0,'200.00','51392.40','2008-11-10 08:49:28',4,4,'Creada',0,NULL,'\0',NULL),(136,0,0,'200.00','5319.64','2008-11-13 16:08:35',23,17,'Creada',0,NULL,'\0',NULL),(137,0,0,'200.00','5319.64','2008-11-13 16:14:23',23,40,'Creada',0,NULL,'\0',NULL),(138,0,0,'200.00','2056.00','2008-11-14 11:02:57',37,39,'Rechazada',0,NULL,'\0',NULL),(139,0,0,'200.00','2056.00','2008-11-18 12:23:43',27,28,'Creada',0,NULL,'\0',NULL),(140,0,25,'200.00','9028.32','2008-11-18 14:30:23',11,13,'Creada',0,NULL,'\0',NULL),(141,0,0,'200.00','15557.92','2008-11-19 11:39:12',3,41,'Creada',0,NULL,'\0',NULL),(142,0,0,'200.00','12998.10','2008-11-20 15:33:11',14,36,'Rechazada',0,NULL,'\0',NULL),(143,0,0,'200.00','21957.87','2008-11-21 15:19:58',NULL,42,'Creada',0,NULL,'\0',NULL),(144,0,0,'200.00','2234.80','2008-11-24 10:25:09',NULL,25,'Creada',0,NULL,'\0',NULL),(145,0,0,'200.00','19398.05','2008-11-24 10:31:47',NULL,43,'Creada',0,NULL,'\0',NULL),(146,0,0,'200.00','664.00','2008-11-25 12:22:03',37,39,'Creada',0,NULL,'\0',NULL),(147,0,0,'200.00','12998.10','2008-11-26 10:54:24',14,16,'Creada',0,NULL,'\0',NULL),(148,0,0,'200.00','2056.00','2008-12-02 10:56:16',8,41,'Rechazada',0,NULL,'\0',NULL),(149,0,0,'200.00','2056.00','2008-12-02 10:57:20',28,32,'Creada',0,NULL,'\0',NULL),(150,0,0,'0.00','928.00','2008-12-02 12:23:14',33,37,'Creada',0,NULL,'\0',NULL),(151,0,0,'200.00','664.00','2008-12-03 09:43:51',24,29,'Creada',0,NULL,'\0',NULL),(152,0,0,'200.00','12998.10','2008-12-03 14:45:34',30,34,'Creada',0,NULL,'\0',NULL),(153,0,0,'200.00','1128.00','2008-12-10 11:51:34',8,9,'Creada',0,NULL,'\0',NULL),(154,0,0,'200.00','3100.00','2008-12-10 12:04:22',5,5,'Creada',0,NULL,'\0',NULL),(155,0,0,'200.00','2056.00','2008-12-16 08:50:08',35,38,'Creada',0,NULL,'\0',NULL),(156,0,0,'200.00','7879.46','2008-12-17 11:50:39',23,40,'Anulada',0,NULL,'\0',NULL),(157,0,0,'200.00','7879.46','2008-12-17 11:52:20',23,40,'Rechazada',0,NULL,'\0',NULL),(158,0,0,'200.00','7879.46','2008-12-17 11:52:20',23,40,'Rechazada',0,NULL,'\0',NULL),(159,0,0,'200.00','7879.46','2008-12-17 11:52:20',23,40,'Rechazada',0,NULL,'\0',NULL),(160,0,0,'0.00','7679.46','2008-12-17 11:53:21',23,40,'Creada',0,NULL,'\0',NULL),(161,0,0,'200.00','2056.00','2008-12-17 11:58:30',33,37,'Creada',0,NULL,'\0',NULL),(162,0,25,'200.00','9028.32','2008-12-17 14:13:36',11,13,'Creada',0,NULL,'\0',NULL),(163,0,0,'200.00','15557.92','2008-12-18 10:49:16',3,11,'Rechazada',0,NULL,'\0',NULL),(164,0,0,'200.00','6000.00','2008-12-18 15:08:23',1,1,'Aprobada',0,NULL,'\0',NULL),(165,0,0,'200.00','15557.92','2008-12-19 09:42:29',3,41,'Creada',0,NULL,'\0',NULL),(166,0,0,'200.00','345.40','2008-12-19 10:19:31',25,25,'Creada',0,NULL,'\0',NULL),(167,0,0,'200.00','664.00','2008-12-22 14:50:24',NULL,39,'Aprobada',1,NULL,'\0',NULL),(168,0,0,'200.00','19397.15','2008-12-23 12:08:14',34,44,'Creada',0,NULL,'\0',NULL),(169,0,0,'200.00','12998.10','2008-12-29 13:24:54',14,16,'Rechazada',0,NULL,'\0',NULL),(170,0,11,'200.00','11578.79','2008-12-29 13:28:01',14,16,'Aprobada',1,NULL,'\0',NULL),(171,0,0,'200.00','927.00','2009-01-05 11:51:53',6,22,'Creada',0,NULL,'\0',NULL),(172,0,0,'200.00','664.00','2009-01-05 11:55:05',24,29,'Creada',0,NULL,'\0',NULL),(173,0,0,'200.00','3100.00','2009-01-12 08:38:14',1,1,'Aprobada',0,NULL,'\0',NULL),(174,0,0,'200.00','32195.25','2009-01-12 08:41:16',4,4,'Creada',0,NULL,'\0',NULL),(175,0,0,'200.00','1128.00','2009-01-14 09:43:03',35,38,'Creada',0,NULL,'\0',NULL),(176,0,0,'200.00','831.12','2009-01-15 16:00:56',39,45,'Aprobada',0,NULL,'\0',NULL),(177,0,0,'200.00','345.40','2009-01-21 09:23:55',19,15,'Creada',0,NULL,'\0',NULL),(178,0,0,'200.00','48835.38','2009-01-22 09:55:46',22,23,'Creada',0,NULL,'\0',NULL),(179,0,0,'200.00','3100.00','2009-01-23 11:50:21',5,5,'Creada',0,NULL,'\0',NULL),(180,0,0,'200.00','1360.00','2009-02-02 14:19:52',37,39,'Creada',0,NULL,'\0',NULL),(181,0,0,'200.00','664.00','2009-02-02 14:27:23',24,29,'Creada',0,NULL,'\0',NULL),(182,0,0,'200.00','2056.00','2009-02-02 14:30:43',33,37,'Creada',0,NULL,'\0',NULL),(183,0,0,'200.00','6000.00','2009-02-02 15:07:43',1,1,'Rechazada',0,NULL,'\0',NULL),(184,0,0,'200.00','3100.00','2009-02-02 15:15:27',1,1,'Creada',0,NULL,'\0',NULL),(185,0,11,'200.00','11590.30','2009-02-03 09:15:45',14,16,'Creada',0,NULL,'\0',NULL),(186,0,0,'200.00','15557.92','2009-02-03 10:29:58',3,41,'Creada',0,NULL,'\0',NULL),(187,0,0,'200.00','38597.00','2009-02-11 10:52:18',16,31,'Rechazada',0,NULL,'\0',NULL),(188,0,0,'200.00','41156.82','2009-02-11 14:07:20',16,31,'Anulada',0,NULL,'\0',NULL),(189,0,0,'200.00','6000.00','2009-02-11 14:08:55',5,5,'Creada',0,NULL,'\0',NULL),(190,0,0,'200.00','7879.46','2009-02-16 14:47:49',23,40,'Rechazada',0,NULL,'\0',NULL),(191,0,0,'0.00','7679.46','2009-02-16 14:49:30',23,40,'Creada',0,NULL,'\0',NULL),(192,0,0,'200.00','403.00','2009-02-16 15:38:38',40,46,'Creada',0,NULL,'\0',NULL),(193,0,0,'0.00','232.00','2009-02-20 10:30:13',24,29,'Creada',0,NULL,'\0',NULL),(194,0,0,'200.00','6599.05','2009-02-26 15:21:01',30,34,'Creada',0,NULL,'\0',NULL),(195,0,0,'200.00','563.50','2009-03-02 11:48:06',19,15,'Rechazada',0,NULL,'\0',NULL),(196,0,0,'200.00','5392.32','2009-03-02 12:10:21',36,19,'Rechazada',0,NULL,'\0',NULL),(197,0,0,'200.00','6920.00','2009-03-02 15:29:15',36,19,'Creada',0,NULL,'\0',NULL),(198,0,0,'200.00','38597.00','2009-03-03 15:24:33',16,31,'Creada',0,NULL,'\0',NULL),(199,0,0,'200.00','6000.00','2009-03-04 14:58:04',1,1,'Creada',0,NULL,'\0',NULL),(200,0,0,'200.00','2056.00','2009-03-05 09:13:57',28,32,'Creada',0,NULL,'\0',NULL),(201,0,0,'200.00','2056.00','2009-03-05 09:15:30',35,38,'Creada',0,NULL,'\0',NULL),(202,0,0,'200.00','15557.92','2009-03-06 09:17:12',3,41,'Creada',0,NULL,'\0',NULL),(203,0,0,'200.00','490.80','2009-03-09 09:45:11',19,15,'Creada',0,NULL,'\0',NULL),(204,0,0,'200.00','432.00','2009-03-12 09:43:06',24,29,'Creada',0,NULL,'\0',NULL),(205,0,0,'200.00','9158.87','2009-03-12 15:27:00',34,44,'Creada',0,NULL,'\0',NULL),(206,0,0,'200.00','80832.53','2009-03-16 09:24:41',18,19,'Creada',0,NULL,'\0',NULL),(207,0,0,'200.00','2759.82','2009-03-16 15:57:52',41,47,'Creada',0,NULL,'\0',NULL),(208,0,0,'200.00','3100.00','2009-03-17 14:47:15',1,1,'Creada',0,NULL,'\0',NULL),(209,0,0,'200.00','2820.00','2009-03-18 11:56:06',42,48,'Creada',0,NULL,'\0',NULL),(210,0,0,'200.00','19397.15','2009-03-18 16:06:04',4,1,'Rechazada',0,NULL,'\0',NULL),(211,0,0,'200.00','620.00','2009-03-18 16:52:50',43,47,'Creada',0,NULL,'\0',NULL),(212,0,0,'200.00','620.00','2009-03-19 11:49:30',43,49,'Creada',0,NULL,'\0',NULL),(213,0,0,'200.00','19397.15','2009-03-20 10:31:01',4,4,'Creada',0,NULL,'\0',NULL),(214,0,0,'200.00','2056.00','2009-03-20 11:45:26',33,37,'Creada',0,NULL,'\0',NULL),(215,0,25,'200.00','9028.32','2009-03-20 11:54:47',11,13,'Creada',0,NULL,'\0',NULL),(216,0,0,'200.00','12998.10','2009-03-23 11:45:08',14,16,'Rechazada',0,NULL,'\0',NULL),(217,0,11,'200.00','12160.67','2009-03-23 12:28:23',14,16,'Creada',0,NULL,'\0',NULL),(218,0,0,'200.00','3100.00','2009-03-25 11:14:35',5,5,'Creada',0,NULL,'\0',NULL),(219,0,0,'200.00','2026.76','2009-03-25 14:17:59',44,50,'Creada',0,NULL,'\0',NULL),(220,0,0,'200.00','664.00','2009-03-30 10:10:56',24,29,'Creada',0,NULL,'\0',NULL),(221,0,11,'200.00','12160.67','2009-03-31 11:07:03',14,51,'Creada',0,NULL,'\0',NULL),(222,0,0,'200.00','28421.88','2009-04-01 10:44:49',18,19,'Creada',0,NULL,'\0',NULL),(223,0,0,'200.00','20358.44','2009-04-03 10:27:31',4,4,'Creada',0,NULL,'\0',NULL),(224,0,0,'200.00','6000.00','2009-04-06 10:28:09',1,1,'Creada',0,NULL,'\0',NULL),(225,0,0,'0.00','11600.00','2009-04-07 10:36:13',NULL,52,'Creada',0,NULL,'\0',NULL),(226,0,0,'200.00','1128.00','2009-04-07 11:58:51',8,9,'Creada',0,NULL,'\0',NULL),(227,0,0,'200.00','129214.40','2009-04-07 17:57:09',NULL,10,'Creada',0,NULL,'\0',NULL),(228,0,0,'200.00','5768.00','2009-04-13 10:30:19',35,38,'Creada',0,NULL,'\0',NULL),(229,0,0,'200.00','432.00','2009-04-13 11:04:47',45,53,'Creada',0,NULL,'\0',NULL),(230,0,0,'200.00','403.00','2009-04-14 09:28:12',1,1,'Rechazada',0,NULL,'\0',NULL),(231,0,0,'200.00','611.14','2009-04-14 09:30:26',1,1,'Creada',0,NULL,'\0',NULL),(232,0,0,'200.00','620.00','2009-04-15 13:30:04',43,47,'Rechazada',0,NULL,'\0',NULL),(233,0,0,'200.00','9607.28','2009-04-17 09:13:28',30,54,'Rechazada',0,NULL,'\0',NULL),(234,0,0,'200.00','16326.76','2009-04-17 11:30:08',30,54,'Creada',0,NULL,'\0',NULL),(235,0,0,'200.00','490.80','2009-04-17 11:42:44',19,15,'Creada',0,NULL,'\0',NULL),(236,0,0,'200.00','403.00','2009-04-17 12:28:28',1,1,'Creada',0,NULL,'\0',NULL),(237,0,0,'200.00','3404.00','2009-04-20 13:37:16',47,4,'Creada',0,NULL,'\0',NULL),(238,0,0,'200.00','432.00','2009-04-20 14:31:07',45,53,'Creada',0,NULL,'\0',NULL),(239,0,0,'200.00','2887.80','2009-04-21 09:55:11',12,14,'Creada',0,NULL,'\0',NULL),(240,0,0,'200.00','2300.00','2009-04-21 10:34:38',43,47,'Creada',0,NULL,'\0',NULL),(241,0,0,'200.00','664.00','2009-04-23 09:53:00',24,29,'Creada',0,NULL,'\0',NULL),(242,0,0,'200.00','1128.00','2009-04-23 10:10:42',28,32,'Creada',0,NULL,'\0',NULL),(243,0,0,'200.00','16326.76','2009-04-23 12:28:16',3,11,'Rechazada',0,NULL,'\0',NULL),(244,0,0,'200.00','16326.76','2009-04-23 16:24:17',3,41,'Creada',0,NULL,'\0',NULL),(245,0,0,'200.00','2056.00','2009-04-24 12:14:48',33,15,'Rechazada',0,NULL,'\0',NULL),(246,0,0,'200.00','2056.00','2009-04-24 12:16:06',33,37,'Creada',0,NULL,'\0',NULL),(247,0,0,'200.00','490.80','2009-04-24 12:16:44',19,15,'Creada',0,NULL,'\0',NULL),(248,0,0,'200.00','3100.00','2009-04-28 14:33:02',5,5,'Creada',0,NULL,'\0',NULL),(249,0,0,'200.00','2887.80','2009-04-28 15:20:19',49,57,'Creada',0,NULL,'\0',NULL),(250,0,0,'200.00','5540.00','2009-04-30 15:22:19',50,58,'Anulada',0,NULL,'\0',NULL),(251,0,0,'200.00','432.00','2009-05-06 15:19:14',45,53,'Creada',0,NULL,'\0',NULL),(252,0,0,'200.00','1128.00','2009-05-06 15:25:15',8,9,'Creada',0,NULL,'\0',NULL),(253,0,0,'200.00','23046.28','2009-05-06 16:00:42',NULL,17,'Creada',0,NULL,'\0',NULL),(254,0,0,'200.00','6000.00','2009-05-06 16:12:46',1,1,'Creada',0,NULL,'\0',NULL),(255,0,0,'200.00','432.00','2009-05-06 16:18:21',24,29,'Creada',0,NULL,'\0',NULL),(256,0,0,'200.00','8900.00','2009-05-07 13:17:52',51,59,'Creada',0,NULL,'\0',NULL),(257,0,0,'200.00','20358.44','2009-05-08 09:52:09',4,4,'Anulada',0,NULL,'\0',NULL),(258,0,0,'200.00','27077.92','2009-05-08 10:18:26',4,4,'Creada',0,NULL,'\0',NULL),(259,0,0,'200.00','647.20','2009-05-08 12:06:21',50,58,'Creada',0,NULL,'\0',NULL),(260,0,0,'0.00','232.00','2009-05-08 15:39:46',NULL,60,'Creada',0,NULL,'\0',NULL),(261,0,0,'200.00','2887.80','2009-05-11 11:03:16',49,61,'Creada',0,NULL,'\0',NULL),(262,0,0,'200.00','272.70','2009-05-12 12:07:29',19,15,'Creada',0,NULL,'\0',NULL),(263,0,0,'200.00','927.00','2009-05-13 15:09:47',6,22,'Creada',0,NULL,'\0',NULL),(264,0,0,'200.00','2056.00','2009-05-18 11:54:24',33,37,'Creada',0,NULL,'\0',NULL),(265,0,0,'200.00','432.00','2009-05-18 13:36:25',45,53,'Creada',0,NULL,'\0',NULL),(266,0,0,'200.00','3980.00','2009-05-19 12:25:08',17,18,'Creada',0,NULL,'\0',NULL),(267,0,0,'200.00','1460.00','2009-05-20 09:59:15',2,2,'Creada',0,NULL,'\0',NULL),(268,0,0,'200.00','13638.96','2009-05-20 12:01:23',14,51,'Creada',0,NULL,'\0',NULL),(269,0,0,'200.00','403.00','2009-05-21 09:47:23',50,58,'Creada',0,NULL,'\0',NULL),(270,0,0,'200.00','3404.00','2009-05-22 12:55:11',47,4,'Creada',0,NULL,'\0',NULL),(271,0,0,'200.00','2887.80','2009-05-22 16:27:57',49,57,'Creada',0,NULL,'\0',NULL),(272,0,0,'200.00','2056.00','2009-05-26 16:34:14',28,32,'Creada',0,NULL,'\0',NULL),(273,0,0,'200.00','6000.00','2009-05-26 16:38:47',1,1,'Creada',0,NULL,'\0',NULL),(274,0,0,'200.00','84865.64','2009-05-27 16:44:59',18,19,'Creada',0,NULL,'\0',NULL),(275,0,0,'200.00','33797.40','2009-05-28 10:38:24',4,4,'Creada',0,NULL,'\0',NULL),(276,0,0,'200.00','2984.00','2009-05-28 13:11:10',12,28,'Rechazada',0,NULL,'\0',NULL),(277,0,20,'100.00','2327.20','2009-05-29 16:45:02',8,41,'Rechazada',0,NULL,'\0',NULL),(278,0,20,'100.00','2327.20','2009-05-29 16:47:41',12,28,'Creada',0,NULL,'\0',NULL),(279,0,0,'200.00','53956.00','2009-06-02 10:14:56',22,23,'Creada',0,NULL,'\0',NULL),(280,0,0,'200.00','6085.55','2009-06-02 11:11:32',51,59,'Rechazada',0,NULL,'\0',NULL),(281,0,25,'200.00','9028.32','2009-06-02 12:46:01',NULL,13,'Creada',0,NULL,'\0',NULL),(282,0,0,'200.00','4123.70','2009-06-02 13:19:25',51,59,'Creada',0,NULL,'\0',NULL),(283,0,0,'200.00','432.00','2009-06-03 12:43:08',45,53,'Creada',0,NULL,'\0',NULL),(284,0,0,'200.00','432.00','2009-06-03 15:59:06',24,29,'Creada',0,NULL,'\0',NULL),(285,0,0,'200.00','88897.40','2009-06-05 13:11:33',52,62,'Creada',0,NULL,'\0',NULL),(286,0,0,'200.00','40517.00','2009-06-16 16:28:57',16,31,'Creada',0,NULL,'\0',NULL),(287,0,0,'200.00','3100.00','2009-06-16 22:17:36',1,1,'Creada',0,NULL,'\0',NULL),(288,0,0,'200.00','6919.48','2009-06-16 22:18:36',49,57,'Creada',0,NULL,'\0',NULL),(289,0,0,'200.00','16326.80','2009-06-16 22:19:42',49,57,'Creada',0,NULL,'\0',NULL),(290,0,0,'200.00','3100.00','2009-06-16 22:20:47',5,5,'Creada',0,NULL,'\0',NULL),(291,0,0,'200.00','1460.00','2009-06-16 22:21:47',17,18,'Creada',0,NULL,'\0',NULL),(292,0,0,'200.00','16326.76','2009-06-16 22:23:09',3,41,'Creada',0,NULL,'\0',NULL),(293,0,0,'200.00','1460.00','2009-06-17 14:47:31',31,35,'Creada',0,NULL,'\0',NULL),(294,0,0,'200.00','1610.48','2009-06-17 16:12:16',NULL,63,'Creada',0,NULL,'\0',NULL),(295,0,0,'200.00','289.44','2009-06-18 11:10:59',53,64,'Anulada',0,NULL,'\0',NULL),(296,0,0,'200.00','1268.00','2009-06-18 11:12:56',53,64,'Creada',0,NULL,'\0',NULL),(297,0,0,'200.00','2161.85','2009-06-18 11:14:45',53,64,'Creada',0,NULL,'\0',NULL),(298,0,0,'200.00','13638.96','2009-06-18 12:28:58',34,44,'Creada',0,NULL,'\0',NULL),(299,0,0,'200.00','80834.00','2009-06-19 18:12:46',NULL,65,'Creada',0,NULL,'\0',NULL),(300,0,0,'200.00','432.00','2009-06-23 11:44:30',24,29,'Anulada',0,NULL,'\0',NULL),(301,0,0,'200.00','664.00','2009-06-24 09:26:56',24,29,'Creada',0,NULL,'\0',NULL),(302,0,0,'200.00','2056.00','2009-06-24 09:27:30',33,37,'Creada',0,NULL,'\0',NULL),(303,0,0,'200.00','1407.48','2009-06-26 11:03:20',NULL,63,'Creada',0,NULL,'\0',NULL),(304,0,0,'200.00','272.70','2009-06-26 11:21:37',19,15,'Creada',0,NULL,'\0',NULL),(305,0,0,'200.00','432.00','2009-06-29 10:44:17',12,15,'Creada',0,NULL,'\0',NULL),(306,0,0,'200.00','6735.20','2009-07-01 15:47:25',12,51,'Anulada',0,NULL,'\0',NULL),(307,0,0,'200.00','6735.20','2009-07-01 15:50:39',12,54,'Creada',0,NULL,'\0',NULL),(308,0,0,'200.00','490.80','2009-07-02 10:38:56',25,25,'Creada',0,NULL,'\0',NULL),(309,0,0,'200.00','432.00','2009-07-06 12:17:21',45,53,'Creada',0,NULL,'\0',NULL),(310,0,0,'200.00','80834.00','2009-07-06 12:57:01',16,31,'Creada',0,NULL,'\0',NULL),(311,0,0,'200.00','27078.00','2009-07-06 12:58:34',16,31,'Creada',0,NULL,'\0',NULL),(312,0,0,'200.00','2887.80','2009-07-07 10:40:22',49,57,'Rechazada',0,NULL,'\0',NULL),(313,0,0,'200.00','33797.40','2009-07-07 15:10:20',4,4,'Creada',0,NULL,'\0',NULL),(314,0,0,'200.00','99999999.99','2009-07-08 09:53:33',49,57,'Creada',0,NULL,'\0',NULL),(315,0,0,'200.00','6000.00','2009-07-10 12:47:27',1,1,'Creada',0,NULL,'\0',NULL),(316,0,0,'200.00','6000.00','2009-07-10 12:48:25',5,5,'Creada',0,NULL,'\0',NULL),(317,0,0,'200.00','80834.00','2009-07-10 13:52:15',29,20,'Creada',0,NULL,'\0',NULL),(318,0,0,'200.00','6919.48','2009-07-10 18:43:02',NULL,17,'Creada',0,NULL,'\0',NULL),(319,0,0,'200.00','2056.00','2009-07-13 11:49:09',28,32,'Creada',0,NULL,'\0',NULL),(320,0,0,'200.00','3912.00','2009-07-13 14:35:17',20,51,'Anulada',0,NULL,'\0',NULL),(321,0,0,'200.00','3912.00','2009-07-13 14:36:00',20,54,'Creada',0,NULL,'\0',NULL),(322,0,0,'200.00','16326.76','2009-07-14 12:12:16',3,41,'Creada',0,NULL,'\0',NULL),(323,0,0,'200.00','3100.00','2009-07-14 12:15:30',53,64,'Creada',0,NULL,'\0',NULL),(324,0,0,'200.00','3404.00','2009-07-14 12:59:04',47,4,'Creada',0,NULL,'\0',NULL),(325,0,0,'200.00','3100.00','2009-07-14 14:59:17',1,1,'Creada',0,NULL,'\0',NULL),(326,0,0,'200.00','664.00','2009-07-20 11:42:20',24,29,'Aprobada',1,NULL,'\0',NULL),(327,0,0,'200.00','3980.00','2009-07-21 11:08:08',20,59,'Creada',0,NULL,'\0',NULL),(328,0,0,'200.00','8263.40','2009-07-21 13:58:03',20,10,'Rechazada',0,NULL,'\0',NULL),(329,0,0,'200.00','8263.40','2009-07-21 14:02:19',20,10,'Creada',0,NULL,'\0',NULL),(330,0,0,'200.00','13638.96','2009-07-22 11:02:34',14,54,'Anulada',0,NULL,'\0',NULL),(331,0,0,'200.00','13638.96','2009-07-22 11:03:25',14,51,'Aprobada',1,NULL,'\0',NULL),(332,0,0,'200.00','2056.00','2009-07-22 11:51:54',33,37,'Aprobada',1,NULL,'\0',NULL),(333,0,0,'200.00','2056.00','2009-07-23 12:23:24',28,32,'Aprobada',1,NULL,'\0',NULL),(334,0,0,'200.00','432.00','2009-07-23 12:33:20',45,53,'Aprobada',1,NULL,'\0',NULL),(335,0,0,'200.00','3404.00','2009-07-23 12:37:19',47,4,'Creada',0,NULL,'\0',NULL),(336,0,0,'200.00','2887.80','2009-07-27 14:32:24',49,57,'Creada',0,NULL,'\0',NULL),(337,0,0,'200.00','13932.95','2009-07-28 12:13:54',11,13,'Creada',0,NULL,'\0',NULL),(338,0,25,'200.00','10499.71','2009-07-29 15:28:19',11,13,'Creada',0,NULL,'\0',NULL),(339,0,0,'200.00','702.24','2009-07-30 10:35:35',20,51,'Rechazada',0,NULL,'\0',NULL),(340,0,0,'200.00','702.24','2009-07-30 10:36:22',20,54,'Aprobada',1,NULL,'\0',NULL),(341,0,0,'200.00','4472.00','2009-08-04 12:18:14',47,4,'Aprobada',1,NULL,'\0',NULL),(342,0,0,'200.00','650.00','2009-08-04 16:36:09',54,66,'Creada',0,NULL,'\0',NULL),(343,0,0,'200.00','5575.60','2009-08-05 12:12:01',49,57,'Aprobada',1,NULL,'\0',NULL),(344,0,0,'200.00','6919.48','2009-08-07 14:43:27',34,44,'Aprobada',1,NULL,'\0',NULL),(345,0,0,'200.00','2887.80','2009-08-07 15:42:12',49,57,'Aprobada',1,NULL,'\0',NULL),(346,0,0,'200.00','3100.00','2009-08-10 11:25:43',5,5,'Aprobada',1,NULL,'\0',NULL),(347,0,0,'200.00','432.00','2009-08-12 09:37:20',45,53,'Aprobada',1,NULL,'\0',NULL),(348,0,0,'200.00','272.70','2009-08-12 09:41:43',19,67,'Creada',0,NULL,'\0',NULL),(349,0,0,'200.00','1128.00','2009-08-13 09:21:12',53,68,'Creada',0,NULL,'\0',NULL),(350,0,0,'200.00','1128.00','2009-08-18 10:29:29',8,9,'Aprobada',1,NULL,'\0',NULL),(351,0,0,'200.00','664.00','2009-08-18 11:24:57',24,29,'Aprobada',1,NULL,'\0',NULL),(352,0,0,'200.00','3100.00','2009-08-18 15:35:33',1,1,'Creada',0,NULL,'\0',NULL),(353,0,0,'200.00','6919.48','2009-08-18 15:56:43',49,57,'Creada',0,NULL,'\0',NULL),(354,0,0,'200.00','1022.28','2009-08-19 11:57:12',NULL,69,'Creada',0,NULL,'\0',NULL),(355,0,15,'200.00','11655.40','2009-08-20 13:12:11',16,31,'Creada',0,NULL,'\0',NULL),(356,0,0,'200.00','80833.76','2009-08-21 12:40:14',NULL,70,'Creada',0,NULL,'\0',NULL),(357,0,0,'200.00','1128.00','2009-08-24 15:15:07',45,71,'Creada',0,NULL,'\0',NULL),(358,0,0,'200.00','432.00','2009-08-25 13:51:04',56,72,'Creada',0,NULL,'\0',NULL),(359,0,0,'200.00','2984.00','2009-08-26 09:54:12',20,73,'Creada',0,NULL,'\0',NULL),(360,0,0,'200.00','1128.00','2009-08-27 13:30:02',56,72,'Creada',0,NULL,'\0',NULL),(361,0,0,'200.00','432.00','2009-08-28 11:15:30',45,53,'Aprobada',1,NULL,'\0',NULL),(362,0,0,'200.00','8263.40','2009-08-31 11:23:18',NULL,74,'Aprobada',1,NULL,'\0',NULL),(363,0,0,'200.00','4472.00','2009-09-01 11:10:17',47,4,'Aprobada',1,NULL,'\0',NULL),(364,0,0,'200.00','53956.00','2009-09-02 09:53:47',22,23,'Aprobada',1,NULL,'\0',NULL),(365,0,10,'200.00','8552.00','2009-09-02 12:08:04',35,38,'Aprobada',1,NULL,'\0',NULL),(366,0,0,'200.00','4123.70','2009-09-03 09:50:34',51,59,'Aprobada',1,NULL,'\0',NULL),(367,0,0,'200.00','84865.64','2009-09-03 10:09:23',18,19,'Aprobada',1,NULL,'\0',NULL),(368,0,0,'200.00','2056.00','2009-09-03 11:18:06',33,37,'Aprobada',1,NULL,'\0',NULL),(369,0,0,'200.00','29765.80','2009-09-07 13:22:10',23,40,'Creada',0,NULL,'\0',NULL),(370,0,0,'200.00','1128.00','2009-09-08 17:41:43',8,41,'Rechazada',0,NULL,'\0',NULL),(371,0,0,'200.00','13639.00','2009-09-09 09:52:12',20,47,'Creada',0,NULL,'\0',NULL),(372,0,0,'200.00','4637.40','2009-09-09 10:06:59',20,51,'Rechazada',0,NULL,'\0',NULL),(373,0,0,'200.00','4637.40','2009-09-09 10:07:58',20,54,'Creada',0,NULL,'\0',NULL),(374,0,0,'200.00','12140.00','2009-09-09 13:55:35',NULL,36,'Creada',0,NULL,'\0',NULL),(375,0,0,'200.00','6919.48','2009-09-10 10:23:22',34,44,'Creada',0,NULL,'\0',NULL),(376,0,0,'200.00','6919.48','2009-09-14 13:03:29',49,57,'Creada',0,NULL,'\0',NULL),(377,0,0,'200.00','33797.40','2009-09-14 13:31:13',4,4,'Aprobada',1,NULL,'\0',NULL),(378,0,0,'200.00','432.00','2009-09-15 12:29:59',45,75,'Aprobada',1,NULL,'\0',NULL),(379,0,0,'200.00','4414.24','2009-09-17 10:07:04',20,54,'Aprobada',1,NULL,'\0',NULL),(380,0,0,'200.00','13638.96','2009-09-17 10:12:12',14,51,'Aprobada',1,NULL,'\0',NULL),(381,0,0,'200.00','432.00','2009-09-17 15:20:15',58,39,'Creada',0,NULL,'\0',NULL),(382,0,0,'200.00','6000.00','2009-09-18 15:42:58',1,1,'Aprobada',1,NULL,'\0',NULL),(383,0,0,'200.00','927.00','2009-09-21 10:31:05',6,22,'Aprobada',1,NULL,'\0',NULL),(384,0,0,'200.00','664.00','2009-09-21 11:45:15',45,75,'Aprobada',1,NULL,'\0',NULL),(385,0,0,'200.00','2887.80','2009-09-22 14:25:56',57,74,'Creada',0,NULL,'\0',NULL),(386,0,0,'200.00','2984.00','2009-09-23 10:04:48',8,9,'Aprobada',1,NULL,'\0',NULL),(387,0,0,'200.00','5575.60','2009-09-23 13:35:17',49,76,'Aprobada',1,NULL,'\0',NULL),(388,0,0,'200.00','664.00','2009-09-23 13:41:29',24,29,'Aprobada',1,NULL,'\0',NULL),(389,0,0,'200.00','0.00','2009-09-30 12:23:19',28,32,'Creada',0,NULL,'\0',NULL),(390,0,0,'200.00','0.00','2009-10-01 11:57:12',1,1,'Creada',0,NULL,'\0',NULL),(391,0,0,'200.00','0.00','2009-10-01 15:03:13',53,64,'Creada',0,NULL,'\0',NULL),(392,0,0,'200.00','0.00','2009-10-05 15:31:35',47,4,'Creada',0,NULL,'\0',NULL),(393,0,25,'200.00','0.00','2009-10-07 12:31:42',11,13,'Aprobada',1,NULL,'\0',NULL),(394,0,0,'200.00','0.00','2009-10-07 12:35:17',49,57,'Creada',0,NULL,'\0',NULL),(396,0,0,'200.00','0.00','2009-10-15 13:10:34',NULL,83,'Aprobada',1,NULL,'\0',NULL),(398,0,0,'200.00','0.00','2009-10-22 11:31:53',49,76,'Aprobada',1,NULL,'\0',NULL),(399,0,0,'200.00','0.00','2009-10-22 16:51:44',24,29,'Aprobada',1,NULL,'\0',NULL),(400,0,0,'200.00','0.00','2009-10-26 12:08:52',23,78,'Creada',0,NULL,'\0',NULL),(401,0,0,'200.00','0.00','2009-10-26 12:21:16',20,19,'Aprobada',1,NULL,'\0',NULL),(403,0,0,'200.00','0.00','2009-10-29 20:19:04',12,10,'Creada',0,NULL,'\0',NULL),(404,0,0,'200.00','0.00','2009-11-03 12:41:34',76,84,'Aprobada',1,NULL,'\0',NULL),(409,0,0,'200.00','0.00','2009-11-16 12:49:09',47,4,'Aprobada',1,NULL,'\0',NULL),(406,0,0,'200.00','0.00','2009-11-06 12:23:22',47,4,'Aprobada',1,NULL,'\0',NULL),(407,0,0,'200.00','0.00','2009-11-10 11:37:56',26,27,'Aprobada',1,NULL,'\0',NULL),(408,0,0,'200.00','0.00','2009-11-12 17:38:27',1,1,'Aprobada',1,NULL,'\0',NULL),(412,0,0,'200.00','0.00','2009-11-17 13:47:09',4,4,'Aprobada',1,NULL,'\0',NULL),(411,0,0,'200.00','0.00','2009-11-16 17:08:49',59,78,'Creada',0,NULL,'\0',NULL),(413,0,0,'200.00','0.00','2009-11-17 13:51:44',41,47,'Creada',0,NULL,'\0',NULL),(414,0,0,'200.00','0.00','2009-11-17 13:55:27',41,47,'Aprobada',1,NULL,'\0',NULL),(415,0,0,'200.00','0.00','2009-11-18 10:59:27',77,54,'Aprobada',2,NULL,'\0',NULL),(416,0,0,'200.00','0.00','2009-11-19 11:14:05',49,57,'Aprobada',2,NULL,'\0',NULL),(417,0,0,'200.00','0.00','2009-11-20 15:41:52',24,29,'Creada',0,NULL,'\0',NULL),(418,0,0,'200.00','0.00','2009-11-24 09:58:42',51,59,'Aprobada',1,NULL,'\0',NULL),(419,0,0,'200.00','0.00','2009-11-24 12:02:51',4,4,'Aprobada',1,NULL,'\0',NULL),(420,0,0,'200.00','0.00','2009-11-24 15:34:44',21,85,'Creada',0,NULL,'\0',NULL),(421,0,0,'200.00','0.00','2009-11-24 15:47:03',76,86,'Creada',0,NULL,'\0',NULL),(422,0,0,'200.00','0.00','2009-11-25 16:13:21',41,47,'Creada',0,NULL,'\0',NULL),(423,0,0,'200.00','0.00','2009-11-25 17:40:38',1,1,'Creada',0,NULL,'\0',NULL),(424,0,0,'200.00','0.00','2009-11-26 12:44:30',8,9,'Aprobada',1,NULL,'\0',NULL),(425,0,0,'200.00','0.00','2009-11-27 12:26:14',45,75,'Creada',0,NULL,'\0',NULL),(426,0,0,'200.00','0.00','2009-12-01 10:52:25',3,41,'Creada',0,NULL,'\0',NULL),(427,0,0,'200.00','0.00','2009-12-01 11:18:05',14,51,'Creada',0,NULL,'\0',NULL),(428,0,0,'200.00','0.00','2009-12-01 12:28:39',21,87,'Creada',0,NULL,'\0',NULL),(429,0,0,'200.00','0.00','2009-12-01 15:02:25',47,4,'Creada',0,NULL,'\0',NULL),(430,0,0,'200.00','0.00','2009-12-02 12:55:17',21,73,'Creada',0,NULL,'\0',NULL),(431,0,0,'200.00','0.00','2009-12-02 16:42:32',14,51,'Creada',0,NULL,'\0',NULL),(432,0,0,'200.00','0.00','2009-12-03 15:36:00',55,88,'Creada',0,NULL,'\0',NULL),(433,0,0,'200.00','0.00','2009-12-03 15:38:38',55,89,'Creada',0,NULL,'\0',NULL),(434,0,0,'200.00','0.00','2009-12-04 12:45:48',59,90,'Creada',0,NULL,'\0',NULL),(435,0,0,'200.00','0.00','2009-12-14 13:23:41',24,29,'Aprobada',1,NULL,'\0',NULL),(436,0,0,'200.00','0.00','2009-12-15 10:31:29',18,19,'Aprobada',1,NULL,'\0',NULL),(437,0,0,'200.00','0.00','2009-12-17 15:25:21',34,14,'Creada',0,NULL,'\0',NULL),(438,0,0,'200.00','0.00','2009-12-21 13:07:33',49,57,'Aprobada',1,NULL,'\0',NULL),(439,0,0,'200.00','0.00','2009-12-21 13:17:02',49,76,'Creada',0,NULL,'\0',NULL),(440,0,0,'200.00','0.00','2009-12-23 10:53:48',1,1,'Aprobada',1,NULL,'\0',NULL),(441,0,0,'200.00','0.00','2009-12-28 12:04:15',45,75,'Aprobada',1,NULL,'\0',NULL),(442,0,0,'200.00','0.00','2009-12-28 14:11:05',24,29,'Aprobada',1,NULL,'\0',NULL),(443,0,0,'200.00','0.00','2009-12-29 13:19:52',5,5,'Aprobada',1,NULL,'\0',NULL),(444,0,0,'200.00','0.00','2010-01-04 10:29:29',8,9,'Aprobada',1,NULL,'\0',NULL),(445,0,25,'200.00','0.00','2010-01-04 11:18:56',11,13,'Aprobada',1,NULL,'\0',NULL),(446,0,0,'200.00','0.00','2010-01-04 15:35:08',5,5,'Aprobada',1,NULL,'\0',NULL),(447,0,0,'200.00','0.00','2010-01-04 15:42:30',NULL,21,'Aprobada',1,NULL,'\0',NULL),(448,0,0,'200.00','0.00','2010-01-05 10:55:10',55,89,'Aprobada',1,NULL,'\0',NULL),(449,0,0,'200.00','0.00','2010-01-11 11:42:26',21,73,'Aprobada',1,NULL,'\0',NULL),(450,0,0,'200.00','0.00','2010-01-11 14:40:46',14,51,'Aprobada',1,NULL,'\0',NULL),(451,0,0,'200.00','0.00','2010-01-11 16:01:34',1,1,'Aprobada',1,NULL,'\0',NULL),(452,0,0,'200.00','0.00','2010-01-15 12:37:07',34,44,'Creada',0,NULL,'\0',NULL),(453,0,0,'200.00','0.00','2010-01-18 11:40:35',45,75,'Aprobada',1,NULL,'\0',NULL),(454,0,0,'200.00','0.00','2010-01-19 15:15:43',3,41,'Aprobada',1,NULL,'\0',NULL),(456,0,0,'200.00','0.00','2010-01-21 14:45:37',49,76,'Creada',0,NULL,'\0',NULL),(457,0,0,'200.00','0.00','2010-01-25 11:53:48',24,29,'Aprobada',1,NULL,'\0',NULL),(458,0,0,'200.00','0.00','2010-01-25 13:30:31',16,78,'Creada',0,NULL,'\0',NULL),(459,0,0,'200.00','0.00','2010-02-01 13:49:59',4,4,'Aprobada',1,NULL,'\0',NULL),(460,0,0,'200.00','0.00','2010-02-02 10:09:56',47,4,'Aprobada',1,NULL,'\0',NULL),(461,0,0,'200.00','0.00','2010-02-03 11:32:00',17,18,'Aprobada',1,NULL,'\0',NULL),(463,0,0,'0.00','0.00','2010-02-04 13:20:47',21,91,'Creada',1,NULL,'\0',NULL),(464,0,0,'0.00','0.00','2010-02-04 14:15:32',NULL,91,'Creada',0,NULL,'\0',NULL),(465,0,0,'0.00','0.00','2010-02-09 13:30:05',16,78,'Creada',1,NULL,'\0',NULL),(466,0,0,'200.00','0.00','2010-02-10 09:50:50',65,59,'Aprobada',1,NULL,'\0',NULL),(467,0,0,'200.00','0.00','2010-02-10 10:37:09',45,75,'Aprobada',1,NULL,'\0',NULL),(468,0,0,'200.00','0.00','2010-02-12 17:21:10',61,78,'Creada',0,NULL,'\0',NULL),(469,0,0,'200.00','0.00','2010-02-15 12:07:44',3,41,'Creada',0,NULL,'\0',NULL),(470,0,0,'200.00','0.00','2010-02-15 12:44:32',1,1,'Aprobada',1,NULL,'\0',NULL),(471,0,0,'200.00','0.00','2010-02-16 10:26:30',3,41,'Aprobada',1,NULL,'\0',NULL),(472,0,0,'200.00','0.00','2010-02-17 10:29:38',49,57,'Aprobada',2,NULL,'\0',NULL),(473,0,0,'200.00','0.00','2010-02-19 12:08:33',34,44,'Creada',0,NULL,'\0',NULL),(474,0,0,'200.00','0.00','2010-02-19 12:38:18',1,1,'Aprobada',1,NULL,'\0',NULL),(475,0,0,'200.00','0.00','2010-02-19 12:44:39',41,47,'Creada',0,NULL,'\0',NULL),(476,0,0,'200.00','0.00','2010-02-19 13:06:31',22,23,'Aprobada',1,NULL,'\0',NULL),(477,0,0,'200.00','0.00','2010-02-22 11:11:55',29,20,'Creada',0,NULL,'\0',NULL),(478,0,0,'200.00','0.00','2010-02-22 12:47:14',5,5,'Aprobada',1,NULL,'\0',NULL),(479,0,0,'200.00','0.00','2010-02-22 16:31:20',51,59,'Aprobada',1,NULL,'\0',NULL),(480,0,0,'200.00','0.00','2010-02-24 10:40:21',14,51,'Aprobada',1,NULL,'\0',NULL),(481,0,0,'200.00','0.00','2010-02-24 10:57:47',53,73,'Aprobada',1,NULL,'\0',NULL),(482,0,0,'200.00','0.00','2010-02-26 10:34:40',4,4,'Aprobada',1,NULL,'\0',NULL),(483,0,0,'200.00','0.00','2010-03-03 17:10:26',6,22,'Aprobada',1,NULL,'\0',NULL),(484,0,0,'200.00','0.00','2010-03-05 11:25:16',24,29,'Aprobada',1,NULL,'\0',NULL),(485,0,0,'200.00','0.00','2010-03-11 13:14:42',48,70,'Creada',0,NULL,'\0',NULL),(487,0,0,'200.00','0.00','2010-03-12 11:22:58',20,21,'Creada',0,NULL,'\0',NULL),(488,0,0,'200.00','0.00','2010-03-12 12:33:05',48,92,'Creada',0,NULL,'\0',NULL),(489,0,0,'200.00','0.00','2010-03-15 11:41:43',45,75,'Aprobada',1,NULL,'\0',NULL),(490,0,0,'200.00','0.00','2010-03-16 10:56:27',14,51,'Aprobada',1,NULL,'\0',NULL),(491,0,0,'200.00','0.00','2010-03-17 13:28:04',34,44,'Creada',0,NULL,'\0',NULL),(492,0,0,'200.00','0.00','2010-03-18 11:16:23',1,1,'Creada',0,NULL,'\0',NULL),(493,0,0,'200.00','0.00','2010-03-22 14:40:21',8,9,'Creada',0,NULL,'\0',NULL),(494,0,0,'200.00','0.00','2010-03-22 15:24:19',3,41,'Creada',0,NULL,'\0',NULL),(495,0,0,'200.00','0.00','2010-03-23 16:05:39',47,4,'Aprobada',1,NULL,'\0',NULL),(496,0,0,'200.00','0.00','2010-03-25 10:48:03',55,93,'Creada',0,NULL,'\0',NULL),(497,0,8,'200.00','0.00','2010-03-25 10:59:16',23,78,'Creada',7,NULL,'\0',NULL),(498,0,0,'200.00','0.00','2010-03-26 10:31:57',64,78,'Creada',0,NULL,'\0',NULL),(499,0,0,'200.00','0.00','2010-03-29 10:33:56',48,92,'Aprobada',1,NULL,'\0',NULL),(500,0,0,'200.00','0.00','2010-03-30 09:53:30',24,29,'Aprobada',1,NULL,'\0',NULL),(501,0,0,'200.00','0.00','2010-03-31 09:19:36',53,73,'Creada',0,NULL,'\0',NULL),(503,0,0,'200.00','0.00','2010-04-05 12:12:57',18,19,'Aprobada',1,NULL,'\0',NULL),(504,0,0,'200.00','0.00','2010-04-05 15:22:28',76,17,'Creada',0,NULL,'\0',NULL),(505,0,0,'200.00','0.00','2010-04-08 11:50:00',24,29,'Aprobada',1,NULL,'\0',NULL),(506,0,0,'200.00','0.00','2010-04-12 14:50:14',4,4,'Aprobada',1,NULL,'\0',NULL),(507,0,25,'200.00','0.00','2010-04-13 09:19:42',11,13,'Aprobada',1,NULL,'\0',NULL),(508,0,0,'200.00','0.00','2010-04-15 10:35:39',24,29,'Aprobada',1,NULL,'\0',NULL),(509,0,0,'200.00','0.00','2010-04-16 10:29:35',61,78,'Creada',0,NULL,'\0',NULL),(510,0,0,'200.00','0.00','2010-04-16 13:56:02',87,94,'Aprobada',1,NULL,'\0',NULL),(511,0,0,'200.00','0.00','2010-04-22 14:41:54',1,1,'Aprobada',1,NULL,'\0','2010-05-22 00:00:00'),(512,0,0,'200.00','0.00','2010-04-23 15:01:27',8,9,'Aprobada',1,NULL,'\0','2010-05-22 00:00:00'),(513,0,0,'200.00','0.00','2010-04-30 09:57:44',43,47,'Aprobada',1,NULL,'\0','2010-05-30 00:00:00'),(514,0,0,'200.00','0.00','2010-05-03 12:46:37',55,93,'Aprobada',1,NULL,'\0','2010-05-15 00:00:00'),(515,0,0,'200.00','0.00','2010-05-04 16:07:12',2,2,'Creada',1,NULL,'\0','2010-05-24 00:00:00'),(516,0,0,'200.00','0.00','2010-05-05 09:13:51',48,92,'Aprobada',1,NULL,'\0',NULL),(517,0,0,'200.00','0.00','2010-05-05 12:58:26',76,17,'Creada',0,NULL,'\0',NULL),(518,0,0,'200.00','0.00','2010-05-05 14:35:17',45,75,'Aprobada',1,NULL,'\0','2010-06-05 00:00:00'),(519,0,0,'200.00','0.00','2010-05-05 14:54:47',76,17,'Creada',0,NULL,'\0',NULL),(520,0,0,'200.00','0.00','2010-05-07 11:46:30',53,73,'Aprobada',1,NULL,'\0','2010-06-07 00:00:00'),(521,0,0,'200.00','0.00','2010-05-10 10:56:45',76,17,'Creada',0,NULL,'\0',NULL),(522,0,0,'200.00','0.00','2010-05-10 11:38:09',24,29,'Aprobada',1,NULL,'\0',NULL),(523,0,0,'200.00','0.00','2010-05-13 14:50:09',3,41,'Creada',0,NULL,'\0',NULL),(524,0,0,'200.00','0.00','2010-05-18 15:02:25',5,5,'Aprobada',1,NULL,'\0','2010-06-18 00:00:00'),(525,0,0,'200.00','0.00','2010-05-18 15:25:54',21,35,'Aprobada',1,NULL,'\0',NULL),(526,0,0,'200.00','0.00','2010-05-20 10:28:38',34,44,'Creada',0,NULL,'\0',NULL),(527,0,0,'200.00','0.00','2010-05-27 15:07:33',26,27,'Aprobada',1,NULL,'\0','2010-06-27 00:00:00'),(528,0,0,'200.00','0.00','2010-05-28 09:59:47',4,4,'Aprobada',1,NULL,'\0','2010-06-28 00:00:00'),(529,0,0,'200.00','0.00','2010-06-03 10:34:08',14,51,'Creada',0,NULL,'\0','2010-06-03 00:00:00'),(530,0,0,'200.00','0.00','2010-06-03 10:35:50',16,31,'Creada',0,'Brazil','\0','2010-06-24 00:00:00'),(531,0,0,'200.00','0.00','2010-06-03 10:44:50',21,14,'Creada',0,NULL,'\0','2010-06-15 00:00:00'),(532,0,0,'200.00','0.00','2010-06-03 11:04:26',49,57,'Aprobada',1,NULL,'\0','2010-07-03 00:00:00'),(533,0,0,'200.00','0.00','2010-06-03 15:21:03',21,77,'Creada',2,NULL,'\0',NULL),(534,0,0,'200.00','0.00','2010-06-04 14:51:57',22,23,'Creada',0,NULL,'\0','2010-07-04 00:00:00'),(535,0,0,'200.00','0.00','2010-06-07 15:27:31',21,95,'Creada',0,NULL,'\0',NULL),(536,0,0,'200.00','0.00','2010-06-08 09:29:53',21,35,'Aprobada',1,NULL,'\0','2010-07-08 00:00:00'),(537,0,0,'200.00','0.00','2010-06-08 11:35:13',21,19,'Aprobada',1,NULL,'\0',NULL),(538,0,0,'200.00','0.00','2010-06-10 09:32:11',24,29,'Aprobada',1,NULL,'\0',NULL),(539,0,0,'200.00','0.00','2010-06-10 10:58:42',45,75,'Aprobada',1,NULL,'\0','2010-06-10 00:00:00'),(540,0,0,'200.00','0.00','2010-06-14 15:57:43',55,93,'Aprobada',1,NULL,'\0','2010-06-14 00:00:00'),(541,0,0,'200.00','0.00','2010-06-14 16:02:37',21,21,'Creada',0,NULL,'\0',NULL),(542,0,25,'200.00','0.00','2010-06-15 15:38:35',11,13,'Aprobada',1,NULL,'\0','2010-07-15 00:00:00'),(543,0,0,'200.00','0.00','2010-06-16 09:56:39',51,59,'Aprobada',2,NULL,'\0','2010-07-17 00:00:00'),(544,0,0,'200.00','0.00','2010-06-22 14:14:06',3,41,'Creada',0,NULL,'\0','2010-06-22 00:00:00'),(545,0,0,'200.00','0.00','2010-06-28 09:36:33',49,57,'Creada',0,NULL,'\0',NULL),(546,0,0,'200.00','0.00','2010-06-28 13:43:16',34,44,'Creada',0,NULL,'\0',NULL),(547,0,0,'200.00','0.00','2010-06-29 10:37:09',21,73,'Creada',0,NULL,'\0','2010-07-29 00:00:00'),(548,0,0,'200.00','0.00','2010-07-01 10:14:57',24,29,'Creada',0,NULL,'\0',NULL),(549,0,0,'200.00','0.00','2010-07-02 12:22:44',61,78,'Creada',0,'Brasil','\0',NULL),(550,0,0,'200.00','0.00','2010-07-06 10:53:05',21,77,'Creada',0,NULL,'\0',NULL),(551,0,0,'200.00','0.00','2010-07-06 12:14:37',47,4,'Creada',0,NULL,'\0','2010-08-06 00:00:00'),(552,0,0,'200.00','0.00','2010-07-08 12:04:13',21,14,'Aprobada',1,NULL,'\0','2010-07-08 00:00:00'),(553,0,0,'200.00','0.00','2010-07-12 09:02:44',21,19,'Aprobada',1,NULL,'\0','2010-07-21 00:00:00'),(554,0,0,'200.00','0.00','2010-07-12 16:20:22',49,76,'Creada',0,NULL,'\0',NULL),(555,0,0,'200.00','0.00','2010-07-13 09:36:20',76,17,'Creada',0,NULL,'\0',NULL),(556,0,0,'200.00','0.00','2010-07-15 11:21:38',45,75,'Aprobada',1,NULL,'\0','2010-08-15 00:00:00'),(557,0,0,'200.00','0.00','2010-07-15 14:56:34',55,93,'Creada',0,NULL,'\0','2010-08-15 00:00:00'),(558,0,0,'200.00','0.00','2010-07-19 10:16:23',49,57,'Aprobada',1,NULL,'\0','2010-08-13 00:00:00'),(559,0,0,'200.00','0.00','2010-07-21 09:45:21',47,4,'Aprobada',1,NULL,'\0','2010-08-21 00:00:00'),(561,0,0,'200.00','0.00','2010-07-22 15:59:42',21,96,'Creada',0,NULL,'\0','2010-08-22 00:00:00'),(562,0,0,'200.00','0.00','2010-07-27 14:56:54',14,51,'Creada',0,NULL,'\0','2010-08-27 00:00:00'),(563,0,0,'200.00','0.00','2010-07-27 17:00:19',23,78,'Creada',0,'Brazil','\0',NULL),(564,0,0,'200.00','0.00','2010-07-29 10:31:52',65,59,'Aprobada',1,NULL,'\0','2010-08-29 00:00:00'),(565,0,0,'200.00','0.00','2010-07-29 12:16:38',4,4,'Aprobada',1,NULL,'\0','2010-08-29 00:00:00'),(566,0,0,'200.00','0.00','2010-07-29 14:13:32',53,73,'Creada',0,NULL,'\0','2010-08-29 00:00:00'),(567,0,0,'200.00','0.00','2010-07-29 14:17:30',53,68,'Creada',0,NULL,'\0','2010-08-29 00:00:00'),(571,0,0,'200.00','0.00','2010-08-02 14:52:25',24,29,'Creada',0,NULL,'\0',NULL),(574,0,0,'200.00','0.00','2010-08-04 11:21:30',8,9,'Creada',0,NULL,'\0','2010-08-04 00:00:00'),(570,0,0,'200.00','0.00','2010-08-02 14:25:21',34,44,'Creada',0,NULL,'\0',NULL),(572,0,0,'200.00','0.00','2010-08-02 16:19:04',87,94,'Creada',0,NULL,'\0',NULL),(573,0,0,'200.00','0.00','2010-08-03 17:25:17',23,78,'Creada',1,NULL,'\0',NULL),(575,0,0,'200.00','0.00','2010-08-04 15:30:34',5,5,'Creada',0,NULL,'\0','2010-09-04 00:00:00'),(576,0,0,'200.00','0.00','2010-08-06 10:45:23',87,94,'Creada',0,NULL,'\0',NULL),(577,0,0,'200.00','0.00','2010-08-10 11:38:41',53,73,'Creada',0,NULL,'\0',NULL),(578,0,0,'0.00','0.00','2010-08-10 18:36:10',NULL,14,'Creada',0,'Buenos Aires','\0','2010-08-13 00:00:00'),(579,0,0,'200.00','0.00','2010-08-10 18:40:18',NULL,14,'Creada',0,NULL,'\0','2010-08-13 00:00:00'),(580,0,0,'200.00','0.00','2010-08-11 18:04:12',16,31,'Creada',1,'Porto Alegre','\0','2010-08-11 00:00:00'),(581,0,0,'200.00','0.00','2010-08-12 11:15:59',21,14,'Creada',0,NULL,'\0','2010-09-11 00:00:00'),(582,0,0,'200.00','0.00','2010-08-13 14:20:53',21,19,'Aprobada',1,NULL,'\0','2010-08-13 00:00:00'),(583,0,0,'200.00','0.00','2010-08-14 09:09:59',92,62,'Creada',2,'Sao Paolo','\0','2010-08-12 00:00:00'),(584,0,0,'200.00','0.00','2010-08-17 12:24:40',21,97,'Creada',0,NULL,'\0','2010-09-17 00:00:00'),(585,0,0,'200.00','0.00','2010-08-18 12:31:56',21,14,'Aprobada',1,NULL,'\0','2010-08-18 00:00:00'),(586,0,0,'200.00','0.00','2010-08-19 11:15:28',93,78,'Creada',0,NULL,'\0',NULL),(587,0,0,'200.00','0.00','2010-08-19 14:03:19',95,78,'Creada',0,NULL,'\0',NULL),(588,0,0,'200.00','0.00','2010-08-23 11:26:44',21,35,'Creada',0,NULL,'\0','2010-09-23 00:00:00'),(589,0,0,'200.00','0.00','2010-08-23 12:04:31',45,75,'Creada',0,NULL,'\0','2010-09-23 00:00:00'),(590,0,0,'200.00','0.00','2010-08-24 11:17:49',3,98,'Creada',0,NULL,'\0','2010-08-24 00:00:00'),(591,0,0,'200.00','0.00','2010-08-24 11:21:58',4,4,'Creada',0,NULL,'\0','2010-10-24 00:00:00'),(592,0,0,'200.00','0.00','2010-08-25 12:04:34',22,23,'Aprobada',1,NULL,'\0','2010-09-25 00:00:00'),(593,0,0,'200.00','0.00','2010-08-25 14:59:39',31,35,'Creada',0,NULL,'\0','2010-09-25 00:00:00'),(594,0,0,'200.00','0.00','2010-08-26 10:02:32',24,29,'Aprobada',1,NULL,'\0','2010-09-26 00:00:00'),(595,0,0,'200.00','0.00','2010-08-26 10:55:37',21,86,'Creada',0,NULL,'\0','2010-09-26 00:00:00'),(596,0,0,'200.00','0.00','2010-08-26 15:31:43',95,78,'Creada',0,NULL,'\0',NULL),(597,0,25,'200.00','0.00','2010-08-30 15:34:59',11,13,'Creada',0,NULL,'\0','2010-09-30 00:00:00'),(598,0,0,'200.00','0.00','2010-08-31 11:54:49',13,97,'Creada',0,NULL,'\0','2010-09-30 00:00:00'),(599,0,0,'200.00','0.00','2010-09-01 09:43:08',34,44,'Creada',0,NULL,'\0','2010-09-01 00:00:00'),(600,0,0,'200.00','0.00','2010-09-02 12:04:01',6,22,'Creada',0,NULL,'\0','2010-10-02 00:00:00'),(601,0,0,'200.00','0.00','2010-09-06 10:16:29',18,19,'Creada',0,NULL,'\0',NULL),(602,0,10,'200.00','0.00','2010-09-07 11:40:35',35,38,'Creada',0,NULL,'\0','2010-10-07 00:00:00'),(603,0,0,'200.00','0.00','2010-09-13 14:32:51',21,100,'Creada',0,NULL,'\0','2010-09-11 00:00:00'),(604,0,0,'200.00','0.00','2010-09-14 11:07:38',21,101,'Creada',0,NULL,'\0','2010-10-14 00:00:00'),(605,0,0,'200.00','0.00','2010-09-14 13:55:21',49,57,'Creada',0,NULL,'\0','2010-10-14 00:00:00'),(606,0,0,'200.00','0.00','2010-09-14 16:15:47',55,93,'Creada',0,NULL,'\0','2010-10-14 00:00:00'),(607,0,0,'200.00','0.00','2010-09-16 12:52:07',21,55,'Creada',0,NULL,'\0','2010-10-16 00:00:00'),(608,0,0,'200.00','0.00','2010-09-17 10:56:55',34,102,'Creada',0,NULL,'\0',NULL),(609,0,0,'200.00','0.00','2010-09-17 11:09:03',51,59,'Creada',0,NULL,'\0','2010-10-17 01:00:00');
/*!40000 ALTER TABLE `proformas` ENABLE KEYS */;
UNLOCK TABLES;

--
-- Table structure for table `purchase_invoices`
--

DROP TABLE IF EXISTS `purchase_invoices`;
SET @saved_cs_client     = @@character_set_client;
SET character_set_client = utf8;
CREATE TABLE `purchase_invoices` (
  `id` int(10) unsigned NOT NULL auto_increment,
  `purchase_id` int(10) unsigned NOT NULL default '0',
  `invoice_id` int(10) unsigned NOT NULL default '0',
  PRIMARY KEY  (`id`)
) ENGINE=MyISAM AUTO_INCREMENT=50 DEFAULT CHARSET=utf8;
SET character_set_client = @saved_cs_client;

--
-- Dumping data for table `purchase_invoices`
--

LOCK TABLES `purchase_invoices` WRITE;
/*!40000 ALTER TABLE `purchase_invoices` DISABLE KEYS */;
INSERT INTO `purchase_invoices` VALUES (1,1,42),(2,2,6),(3,5,12),(4,9,22),(5,10,18),(6,11,20),(7,12,30),(8,13,21),(9,15,43),(10,16,47),(11,19,34),(12,20,57),(13,21,36),(14,22,45),(15,24,58),(16,25,56),(17,26,13),(18,27,54),(19,28,51),(20,29,64),(21,30,66),(22,32,69),(23,33,62),(24,34,71),(25,35,78),(26,36,7),(27,37,9),(28,38,16),(29,39,15),(30,39,24),(31,40,25),(32,41,28),(33,41,29),(34,42,67),(35,43,31),(36,43,32),(37,44,40),(38,44,41),(39,45,63),(40,45,65),(41,46,79),(42,47,80),(43,48,4),(44,49,83),(45,50,26),(46,51,33),(47,52,27),(48,53,39),(49,54,84);
/*!40000 ALTER TABLE `purchase_invoices` ENABLE KEYS */;
UNLOCK TABLES;

--
-- Table structure for table `purchases`
--

DROP TABLE IF EXISTS `purchases`;
SET @saved_cs_client     = @@character_set_client;
SET character_set_client = utf8;
CREATE TABLE `purchases` (
  `id` int(10) unsigned NOT NULL auto_increment,
  `amount` decimal(10,2) default NULL,
  `date` date default NULL,
  `expire_date` date default NULL,
  `supplier_id` int(10) unsigned NOT NULL default '0',
  `code` varchar(45) default NULL,
  `status` enum('Paid','Pending','Free') NOT NULL default 'Pending',
  `version` bigint(20) default NULL,
  PRIMARY KEY  (`id`),
  KEY `FK95379B92D6C2F785` (`supplier_id`)
) ENGINE=MyISAM AUTO_INCREMENT=85 DEFAULT CHARSET=utf8;
SET character_set_client = @saved_cs_client;

--
-- Dumping data for table `purchases`
--

LOCK TABLES `purchases` WRITE;
/*!40000 ALTER TABLE `purchases` DISABLE KEYS */;
INSERT INTO `purchases` VALUES (1,'21300.00','2008-02-06','2008-05-06',1,'1485','Paid',0),(2,'8875.00','2008-02-06','2008-05-06',1,'1486','Paid',0),(3,'5700.00','2008-02-06','2008-05-06',1,'1501','Free',0),(4,'450.00','2008-02-08','2008-05-08',1,'1512','Free',0),(5,'5916.00','2008-02-08','2008-05-08',1,'1513','Paid',0),(6,'8875.00','2008-04-12','2008-07-12',1,'1505','Paid',0),(7,'10058.00','2008-02-22','2008-05-22',1,'1515','Paid',0),(8,'750.00','2008-02-28','2008-05-28',1,'1519','Free',0),(9,'8875.00','2008-03-06','2008-06-06',1,'1549','Paid',0),(10,'7100.00','2008-03-06','2008-06-06',1,'1550','Paid',0),(11,'17750.00','2008-03-06','2008-06-06',1,'1551','Paid',0),(12,'8875.00','2008-04-04','2008-07-04',1,'1580','Paid',0),(13,'5916.00','2008-04-11','2008-07-11',1,'1581','Paid',0),(14,'7020.00','2008-04-21','2008-07-21',1,'1587','Free',0),(15,'15975.10','2008-05-13','2008-08-13',1,'1622','Paid',0),(16,'21300.17','2008-05-13','2008-08-13',1,'1624','Paid',0),(17,'720.00','2008-05-13','2008-08-13',1,'1626','Free',0),(18,'10058.41','2008-05-23','2008-08-23',1,'1628','Paid',0),(19,'7100.00','2008-06-05','2008-09-05',1,'1660','Paid',0),(20,'1183.00','2008-06-18','2008-09-18',1,'1661','Paid',0),(21,'17750.00','2008-06-11','2008-09-11',1,'1662','Paid',0),(22,'17750.00','2008-06-12','2008-09-12',1,'1663','Paid',0),(23,'900.00','2008-06-25','2008-09-25',1,'1671','Free',0),(24,'10058.00','2008-06-30','2008-09-30',1,'1672','Paid',0),(25,'8875.00','2008-07-25','2008-10-25',1,'1690','Paid',0),(26,'7100.05','2008-07-25','2008-10-25',1,'1691','Paid',0),(27,'2366.00','2008-07-28','2008-10-28',1,'1692','Paid',0),(28,'1183.00','2008-07-29','2008-10-29',1,'1693','Paid',0),(29,'12306.76','2008-08-15','2008-11-15',1,'1725','Pending',0),(30,'7384.06','2008-08-19','2008-08-19',1,'1727','Pending',0),(31,'7384.06','2008-08-25','2008-11-25',1,'1733','Pending',0),(32,'6153.00','2008-08-26','2008-11-26',1,'1734','Pending',0),(33,'17022.63','2008-09-08','2008-09-08',1,'1745','Pending',0),(34,'3076.00','2008-09-08','2008-12-08',1,'1749','Pending',0),(35,'15383.45','2008-09-08','2008-12-08',1,'1749','Pending',0),(36,'5260.00','2008-01-08','2008-04-08',2,'90000133','Paid',0),(37,'2630.00','2008-01-30','2008-04-30',1,'90001850','Paid',0),(38,'6575.00','2008-02-11','2008-05-11',2,'90002522','Paid',0),(39,'2630.00','2008-02-26','2008-05-26',2,'90003858','Paid',0),(40,'197.00','2008-03-19','2008-06-19',2,'2630','Paid',0),(41,'5260.00','2008-04-01','2008-07-01',2,'90006734','Paid',0),(42,'6575.00','2008-05-13','2008-08-13',2,'90011184','Paid',0),(43,'5260.00','2008-06-17','2008-09-17',2,'90014537','Paid',0),(44,'5260.00','2008-06-24','2008-09-24',2,'90015099','Pending',0),(45,'2200.00','2008-08-29','2008-11-29',2,'90021058','Pending',0),(46,'2200.00','2008-09-10','2008-12-10',2,'90022033','Pending',0),(47,'2200.00','2008-09-11','2008-12-11',2,'90022059','Paid',0),(48,'1020.00','2008-01-14','2008-03-14',3,'80153','Paid',0),(49,'601.00','2008-02-12','2008-05-12',3,'80449','Paid',0),(50,'1500.00','2008-04-14','2008-07-14',3,'81124','Paid',0),(51,'2150.00','2008-04-28','2008-07-28',3,'81285','Paid',0),(52,'601.15','2008-05-13','2008-08-13',3,'81420','Paid',0),(53,'2150.00','2008-05-26','2008-08-26',3,'81573','Paid',0),(54,'181.80','2008-06-27','2008-09-27',3,'81929','Pending',0),(55,'36920.00','2008-11-04','2009-02-04',1,'1801','Pending',0),(56,'7679.00','2008-11-17','2009-02-17',1,'1821','Pending',0),(57,'540.00','2009-11-19','2009-02-11',3,'1822','Free',0),(58,'1803.00','2009-12-11','2009-03-12',1,'1826','Pending',0),(59,'540.00','2009-11-27','2009-02-27',1,'1828','Pending',0),(60,'9599.00','2009-11-27','2009-02-27',1,'1829','Pending',0),(61,'1080.00','2009-11-20','2009-02-20',1,'1836','Free',0),(62,'13005.00','2009-11-20','2009-02-20',1,'1837','Pending',0),(63,'54149.00','2008-11-20','2009-02-20',1,'1838','Pending',0),(64,'6399.00','2008-11-11','2009-02-11',1,'1846','Pending',0),(65,'7679.00','2008-12-18','2009-03-18',1,'1847','Pending',0),(66,'4479.00','2008-12-24','2009-02-24',1,'1849','Pending',0),(67,'687.00','2008-11-03','2009-02-03',4,'76588','Pending',0),(68,'205.00','2008-03-11','2009-03-11',4,'76591','Pending',0),(69,'498.00','2008-11-12','2009-03-12',4,'77015','Pending',0),(70,'3930.00','2009-11-03','2009-02-03',4,'76590','Pending',0),(71,'205.00','2009-03-11','2009-02-11',4,'76591','Pending',0),(72,'498.00','2009-11-12','2009-02-02',3,'77011','Pending',0),(73,'498.00','2008-11-12','2009-02-12',4,'77011','Pending',0),(74,'496.00','2008-11-12','2009-02-12',4,'77015','Pending',0),(75,'1355.00','2008-12-02','2009-03-02',4,'78113','Pending',0),(76,'127.00','2008-12-10','2009-02-10',4,'78441','Pending',0),(77,'1355.00','2008-12-02','2009-03-02',4,'78442','Pending',0),(78,'269.00','2008-12-17','2009-03-17',4,'78666','Pending',0),(79,'697.00','2008-12-17','2009-03-17',4,'78667','Pending',0),(80,'370.00','2009-01-23','2009-04-23',4,'80212','Pending',0),(81,'370.00','2009-01-23','2009-04-23',4,'80212','Pending',0),(82,'2200.00','2008-01-26','2009-04-26',2,'90034145','Pending',0),(83,'3850.00','2010-04-15','2010-07-14',2,'90077963','Pending',0),(84,'3850.00','2010-01-06','2010-06-04',2,'90067882','Pending',0);
/*!40000 ALTER TABLE `purchases` ENABLE KEYS */;
UNLOCK TABLES;

--
-- Table structure for table `request_map`
--

DROP TABLE IF EXISTS `request_map`;
SET @saved_cs_client     = @@character_set_client;
SET character_set_client = utf8;
CREATE TABLE `request_map` (
  `id` bigint(20) NOT NULL auto_increment,
  `version` bigint(20) NOT NULL,
  `config_attribute` varchar(255) NOT NULL,
  `url` varchar(255) NOT NULL,
  PRIMARY KEY  (`id`),
  UNIQUE KEY `url` (`url`)
) ENGINE=MyISAM DEFAULT CHARSET=utf8;
SET character_set_client = @saved_cs_client;

--
-- Dumping data for table `request_map`
--

LOCK TABLES `request_map` WRITE;
/*!40000 ALTER TABLE `request_map` DISABLE KEYS */;
/*!40000 ALTER TABLE `request_map` ENABLE KEYS */;
UNLOCK TABLES;

--
-- Table structure for table `role`
--

DROP TABLE IF EXISTS `role`;
SET @saved_cs_client     = @@character_set_client;
SET character_set_client = utf8;
CREATE TABLE `role` (
  `id` bigint(20) NOT NULL auto_increment,
  `version` bigint(20) NOT NULL,
  `authority` varchar(255) NOT NULL,
  `description` varchar(255) NOT NULL,
  PRIMARY KEY  (`id`),
  UNIQUE KEY `authority` (`authority`)
) ENGINE=MyISAM AUTO_INCREMENT=5 DEFAULT CHARSET=utf8;
SET character_set_client = @saved_cs_client;

--
-- Dumping data for table `role`
--

LOCK TABLES `role` WRITE;
/*!40000 ALTER TABLE `role` DISABLE KEYS */;
INSERT INTO `role` VALUES (1,12,'ROLE_ADMIN','Rol Administrador'),(2,11,'ROLE_USER','Rol Usuario'),(3,0,'ROLE_REPORT','Rol Report'),(4,1,'ROLE_ACCOUNTANT','Rol Contador');
/*!40000 ALTER TABLE `role` ENABLE KEYS */;
UNLOCK TABLES;

--
-- Table structure for table `role_people`
--

DROP TABLE IF EXISTS `role_people`;
SET @saved_cs_client     = @@character_set_client;
SET character_set_client = utf8;
CREATE TABLE `role_people` (
  `role_id` bigint(20) NOT NULL,
  `user_id` bigint(20) NOT NULL,
  PRIMARY KEY  (`role_id`,`user_id`),
  KEY `FK28B75E787C80DCC5` (`role_id`),
  KEY `FK28B75E7821ABA0A5` (`user_id`)
) ENGINE=MyISAM DEFAULT CHARSET=utf8;
SET character_set_client = @saved_cs_client;

--
-- Dumping data for table `role_people`
--

LOCK TABLES `role_people` WRITE;
/*!40000 ALTER TABLE `role_people` DISABLE KEYS */;
INSERT INTO `role_people` VALUES (1,2),(1,4),(1,5),(2,1),(2,3),(2,6),(2,8),(2,9),(2,10),(2,11),(3,2),(3,3);
/*!40000 ALTER TABLE `role_people` ENABLE KEYS */;
UNLOCK TABLES;

--
-- Table structure for table `suppliers`
--

DROP TABLE IF EXISTS `suppliers`;
SET @saved_cs_client     = @@character_set_client;
SET character_set_client = utf8;
CREATE TABLE `suppliers` (
  `id` int(10) unsigned NOT NULL auto_increment,
  `name` varchar(45) NOT NULL,
  `telephone` varchar(45) default NULL,
  `email` varchar(45) default NULL,
  `contact` varchar(45) default NULL,
  `version` bigint(20) default NULL,
  `delivery_period` int(11) default NULL,
  `payment_condition_period` int(11) default NULL,
  PRIMARY KEY  (`id`)
) ENGINE=MyISAM AUTO_INCREMENT=8 DEFAULT CHARSET=utf8;
SET character_set_client = @saved_cs_client;

--
-- Dumping data for table `suppliers`
--

LOCK TABLES `suppliers` WRITE;
/*!40000 ALTER TABLE `suppliers` DISABLE KEYS */;
INSERT INTO `suppliers` VALUES (0,'Proveedor 0','','','',1,20,90),(1,'RDT','','','',0,20,NULL),(2,'Ucyclyd Pharma','','','',2,15,90),(3,'ORPHAN','','','',0,20,NULL),(4,'Special Products','00441483736950/Fax004411483721926','Gary.Hurley@SpecialProducts.biz','Albert Chan',1,12,90),(5,'Prekulab','','','',0,12,90),(6,'Ortscheit','','','',0,12,90),(7,'Innovative Medicines SA','(598 2) 917 0953',' Info@innovativemedicines.com','',0,15,90);
/*!40000 ALTER TABLE `suppliers` ENABLE KEYS */;
UNLOCK TABLES;

--
-- Table structure for table `user_to_countries`
--

DROP TABLE IF EXISTS `user_to_countries`;
SET @saved_cs_client     = @@character_set_client;
SET character_set_client = utf8;
CREATE TABLE `user_to_countries` (
  `user_countries_id` bigint(20) default NULL,
  `country_id` bigint(20) default NULL,
  KEY `FKC0A645E424E35D10` (`user_countries_id`),
  KEY `FKC0A645E4D5F7034F` (`country_id`)
) ENGINE=MyISAM DEFAULT CHARSET=utf8;
SET character_set_client = @saved_cs_client;

--
-- Dumping data for table `user_to_countries`
--

LOCK TABLES `user_to_countries` WRITE;
/*!40000 ALTER TABLE `user_to_countries` DISABLE KEYS */;
INSERT INTO `user_to_countries` VALUES (1,1),(2,1),(3,1),(4,1),(2,3),(2,4),(2,2),(2,5),(5,1),(5,5),(5,3),(5,2),(5,4),(4,4),(4,5),(4,3),(4,2),(2,6),(3,6),(3,2),(3,5),(3,4),(3,3),(5,6),(4,6),(2,7),(3,7),(4,7),(5,7),(8,5),(8,7),(6,2),(8,1),(8,2),(8,3),(8,8),(8,6),(8,4),(8,9),(8,10),(9,10),(10,4),(11,3);
/*!40000 ALTER TABLE `user_to_countries` ENABLE KEYS */;
UNLOCK TABLES;

--
-- Table structure for table `users`
--

DROP TABLE IF EXISTS `users`;
SET @saved_cs_client     = @@character_set_client;
SET character_set_client = utf8;
CREATE TABLE `users` (
  `id` int(10) unsigned NOT NULL auto_increment,
  `username` varchar(45) NOT NULL default '',
  `email` varchar(45) NOT NULL default '',
  `version` bigint(20) default NULL,
  `enabled` bit(1) default NULL,
  `first_name` varchar(255) default NULL,
  `last_name` varchar(255) default NULL,
  `passwd` varchar(255) default NULL,
  PRIMARY KEY  (`id`)
) ENGINE=MyISAM AUTO_INCREMENT=12 DEFAULT CHARSET=utf8;
SET character_set_client = @saved_cs_client;

--
-- Dumping data for table `users`
--

LOCK TABLES `users` WRITE;
/*!40000 ALTER TABLE `users` DISABLE KEYS */;
INSERT INTO `users` VALUES (1,'ivan','igrosny@gmail.com',2,'','','','a15f8b81a160b4eebe5c84e9e3b65c87b9b2f18e'),(2,'edu','evilamoret@vitaflo-latam.com',3,'','Eduardo','Vila Moret','863f8f3edbcde342a53dd30d6d00b81a90e4249d'),(3,'tati','cmassone@innovativemedicines.com.ar',1,'','','','7d595301fe29f25bf9c7c9fc4e406cee1e4c9971'),(4,'vicky','vromero@vitaflo-latam.com',3,'','Victoria','Romero','e79cab55eab4c0a1a63610829a51fd51d5cfb294'),(5,'horacio','horaciovs@gmail.com',2,'','Horacio','Velasco Suarez','e256bb85071e48489efa1a7a5bc1032ee1ef5b37'),(6,'RPires','rpires@innovativemedicines.com',2,'','Ricardo','Pires','d4e7430f1534a12df46cedd1ac369935436dbb94'),(8,'Mariano','',2,'','Mariano','Albertal','945325b6c70ddc01f9caa96f657a9d5fae4c8b05'),(9,'VMason','',2,'','Valeria ','Mason','6cdff0b92432cf06a46dd4d133cdf1b996ad19c9'),(10,'Correa','',1,'','Igor','Correa','78b6854e22ab09d4ae3dac29b92052963103b33e'),(11,'smarin','',1,'','Silvia','Marin','8cfe41fa5fb22b0337ac8905767f3c199f43e640');
/*!40000 ALTER TABLE `users` ENABLE KEYS */;
UNLOCK TABLES;
/*!40103 SET TIME_ZONE=@OLD_TIME_ZONE */;

/*!40101 SET SQL_MODE=@OLD_SQL_MODE */;
/*!40014 SET FOREIGN_KEY_CHECKS=@OLD_FOREIGN_KEY_CHECKS */;
/*!40014 SET UNIQUE_CHECKS=@OLD_UNIQUE_CHECKS */;
/*!40101 SET CHARACTER_SET_CLIENT=@OLD_CHARACTER_SET_CLIENT */;
/*!40101 SET CHARACTER_SET_RESULTS=@OLD_CHARACTER_SET_RESULTS */;
/*!40101 SET COLLATION_CONNECTION=@OLD_COLLATION_CONNECTION */;
/*!40111 SET SQL_NOTES=@OLD_SQL_NOTES */;

-- Dump completed on 2010-09-18 11:09:04
