-- MySQL dump 10.11
--
-- Host: localhost    Database: vitaflo_db
-- ------------------------------------------------------
-- Server version	5.0.75-0ubuntu10.5

/*!40101 SET @OLD_CHARACTER_SET_CLIENT=@@CHARACTER_SET_CLIENT */;
/*!40101 SET @OLD_CHARACTER_SET_RESULTS=@@CHARACTER_SET_RESULTS */;
/*!40101 SET @OLD_COLLATION_CONNECTION=@@COLLATION_CONNECTION */;
/*!40101 SET NAMES utf8 */;
/*!40103 SET @OLD_TIME_ZONE=@@TIME_ZONE */;
/*!40103 SET TIME_ZONE='+00:00' */;
/*!40014 SET @OLD_UNIQUE_CHECKS=@@UNIQUE_CHECKS, UNIQUE_CHECKS=0 */;
/*!40014 SET @OLD_FOREIGN_KEY_CHECKS=@@FOREIGN_KEY_CHECKS, FOREIGN_KEY_CHECKS=0 */;
/*!40101 SET @OLD_SQL_MODE=@@SQL_MODE, SQL_MODE='NO_AUTO_VALUE_ON_ZERO' */;
/*!40111 SET @OLD_SQL_NOTES=@@SQL_NOTES, SQL_NOTES=0 */;

--
-- Table structure for table `audit_log`
--

DROP TABLE IF EXISTS `audit_log`;
SET @saved_cs_client     = @@character_set_client;
SET character_set_client = utf8;
CREATE TABLE `audit_log` (
  `id` bigint(20) NOT NULL auto_increment,
  `property_name` varchar(255) default NULL,
  `last_updated` datetime NOT NULL,
  `old_value` varchar(255) default NULL,
  `actor` varchar(255) default NULL,
  `uri` varchar(255) default NULL,
  `new_value` varchar(255) default NULL,
  `persisted_object_version` bigint(20) default NULL,
  `date_created` datetime NOT NULL,
  `class_name` varchar(255) default NULL,
  `event_name` varchar(255) default NULL,
  `persisted_object_id` bigint(20) default NULL,
  PRIMARY KEY  (`id`)
) ENGINE=MyISAM AUTO_INCREMENT=1311 DEFAULT CHARSET=utf8;
SET character_set_client = @saved_cs_client;

--
-- Dumping data for table `audit_log`
--

LOCK TABLES `audit_log` WRITE;
/*!40000 ALTER TABLE `audit_log` DISABLE KEYS */;
INSERT INTO `audit_log` VALUES (21,NULL,'2010-05-18 13:12:53',NULL,'horacio',NULL,NULL,NULL,'2010-05-18 13:12:53','com.vitaflo.innova.Client','INSERT',95),(22,NULL,'2010-05-18 13:13:12',NULL,'horacio',NULL,NULL,NULL,'2010-05-18 13:13:12','com.vitaflo.innova.Client','INSERT',96),(23,NULL,'2010-05-18 13:13:41',NULL,'horacio',NULL,NULL,NULL,'2010-05-18 13:13:41','com.vitaflo.innova.Client','INSERT',97),(24,NULL,'2010-05-18 13:13:58',NULL,'horacio',NULL,NULL,NULL,'2010-05-18 13:13:58','com.vitaflo.innova.Client','INSERT',98),(25,'status','2010-05-18 13:14:06','Enabled','horacio',NULL,'Deleted',NULL,'2010-05-18 13:14:06','com.vitaflo.innova.Client','UPDATE',98),(26,NULL,'2010-05-18 13:14:25',NULL,'horacio',NULL,NULL,NULL,'2010-05-18 13:14:25','com.vitaflo.innova.Client','INSERT',99),(27,NULL,'2010-05-18 13:14:42',NULL,'horacio',NULL,NULL,NULL,'2010-05-18 13:14:42','com.vitaflo.innova.Client','INSERT',100),(28,NULL,'2010-05-18 13:15:03',NULL,'horacio',NULL,NULL,NULL,'2010-05-18 13:15:03','com.vitaflo.innova.Client','INSERT',101),(29,NULL,'2010-05-18 13:26:47',NULL,'horacio',NULL,NULL,NULL,'2010-05-18 13:26:47','com.vitaflo.innova.Client','INSERT',102),(30,NULL,'2010-05-18 14:06:40',NULL,'horacio',NULL,NULL,NULL,'2010-05-18 14:06:40','com.vitaflo.innova.Patient','INSERT',88),(31,NULL,'2010-05-18 14:07:01',NULL,'horacio',NULL,NULL,NULL,'2010-05-18 14:07:01','com.vitaflo.innova.Client','INSERT',103),(32,'client','2010-05-18 14:07:17','Fundacion Co ME. I','horacio',NULL,'Union Personal',NULL,'2010-05-18 14:07:17','com.vitaflo.innova.Patient','UPDATE',88),(33,'country','2010-05-18 14:07:17','Argentina','horacio',NULL,'Argentina',NULL,'2010-05-18 14:07:17','com.vitaflo.innova.Patient','UPDATE',88),(34,NULL,'2010-05-18 14:09:49',NULL,'horacio',NULL,NULL,NULL,'2010-05-18 14:09:49','com.vitaflo.innova.Client','INSERT',104),(35,NULL,'2010-05-18 14:10:05',NULL,'horacio',NULL,NULL,NULL,'2010-05-18 14:10:05','com.vitaflo.innova.Client','INSERT',105),(36,NULL,'2010-05-18 14:12:21',NULL,'horacio',NULL,NULL,NULL,'2010-05-18 14:12:21','com.vitaflo.innova.Client','INSERT',106),(37,NULL,'2010-05-18 14:12:54',NULL,'horacio',NULL,NULL,NULL,'2010-05-18 14:12:54','com.vitaflo.innova.Client','INSERT',107),(38,NULL,'2010-05-18 14:13:10',NULL,'horacio',NULL,NULL,NULL,'2010-05-18 14:13:10','com.vitaflo.innova.Client','INSERT',108),(39,NULL,'2010-05-18 14:13:29',NULL,'horacio',NULL,NULL,NULL,'2010-05-18 14:13:29','com.vitaflo.innova.Client','INSERT',109),(40,NULL,'2010-05-19 09:00:40',NULL,'horacio',NULL,NULL,NULL,'2010-05-19 09:00:40','com.vitaflo.innova.Client','INSERT',111),(41,NULL,'2010-05-19 09:01:04',NULL,'horacio',NULL,NULL,NULL,'2010-05-19 09:01:04','com.vitaflo.innova.Client','INSERT',112),(42,NULL,'2010-05-19 09:01:36',NULL,'horacio',NULL,NULL,NULL,'2010-05-19 09:01:36','com.vitaflo.innova.Client','INSERT',113),(43,NULL,'2010-05-19 09:01:49',NULL,'horacio',NULL,NULL,NULL,'2010-05-19 09:01:49','com.vitaflo.innova.Client','INSERT',114),(44,NULL,'2010-05-19 09:02:06',NULL,'horacio',NULL,NULL,NULL,'2010-05-19 09:02:06','com.vitaflo.innova.Client','INSERT',115),(45,NULL,'2010-05-19 09:02:35',NULL,'horacio',NULL,NULL,NULL,'2010-05-19 09:02:35','com.vitaflo.innova.Client','INSERT',116),(46,NULL,'2010-05-19 09:03:01',NULL,'horacio',NULL,NULL,NULL,'2010-05-19 09:03:01','com.vitaflo.innova.Client','INSERT',117),(47,'phone','2010-05-19 09:05:11',NULL,'horacio',NULL,'4305-1611/48',NULL,'2010-05-19 09:05:11','com.vitaflo.innova.Client','UPDATE',102),(48,'email','2010-05-19 09:05:11',NULL,'horacio',NULL,'compras@ospiacapital.org.ar',NULL,'2010-05-19 09:05:11','com.vitaflo.innova.Client','UPDATE',102),(49,'address','2010-05-19 09:05:11',NULL,'horacio',NULL,'EEUU 1532',NULL,'2010-05-19 09:05:11','com.vitaflo.innova.Client','UPDATE',102),(50,'contact','2010-05-19 09:05:11',NULL,'horacio',NULL,'Dra. Andrea Torre',NULL,'2010-05-19 09:05:11','com.vitaflo.innova.Client','UPDATE',102),(51,'country','2010-05-19 09:05:11','Argentina','horacio',NULL,'Argentina',NULL,'2010-05-19 09:05:11','com.vitaflo.innova.Client','UPDATE',102),(52,NULL,'2010-05-19 09:05:38',NULL,'horacio',NULL,NULL,NULL,'2010-05-19 09:05:38','com.vitaflo.innova.Client','INSERT',118),(53,NULL,'2010-05-19 09:06:16',NULL,'horacio',NULL,NULL,NULL,'2010-05-19 09:06:16','com.vitaflo.innova.Client','INSERT',119),(54,'phone','2010-05-19 09:07:17',NULL,'horacio',NULL,'4503-8852/ 4587-6356',NULL,'2010-05-19 09:07:17','com.vitaflo.innova.Client','UPDATE',119),(55,'address','2010-05-19 09:07:17',NULL,'horacio',NULL,'Gutenberg 3872 Piso: 2 º Villa Devoto CABA)',NULL,'2010-05-19 09:07:17','com.vitaflo.innova.Client','UPDATE',119),(56,'country','2010-05-19 09:07:17','Argentina','horacio',NULL,'Argentina',NULL,'2010-05-19 09:07:17','com.vitaflo.innova.Client','UPDATE',119),(57,'status','2010-05-19 09:07:41','Enabled','horacio',NULL,'Deleted',NULL,'2010-05-19 09:07:41','com.vitaflo.innova.Client','UPDATE',95),(58,'address','2010-05-21 09:47:46',NULL,'horacio',NULL,'Calle 68 N° 1561 La Plata',NULL,'2010-05-21 09:47:46','com.vitaflo.innova.Client','UPDATE',97),(59,'country','2010-05-21 09:47:46','Argentina','horacio',NULL,'Argentina',NULL,'2010-05-21 09:47:46','com.vitaflo.innova.Client','UPDATE',97),(60,'phone','2010-05-21 09:50:48',NULL,'horacio',NULL,'0351-468-8200',NULL,'2010-05-21 09:50:48','com.vitaflo.innova.Client','UPDATE',112),(61,'address','2010-05-21 09:50:48',NULL,'horacio',NULL,'Avenida Naciones Unidas 346 Córdoba',NULL,'2010-05-21 09:50:48','com.vitaflo.innova.Client','UPDATE',112),(62,'country','2010-05-21 09:50:48','Argentina','horacio',NULL,'Argentina',NULL,'2010-05-21 09:50:48','com.vitaflo.innova.Client','UPDATE',112),(63,'phone','2010-05-21 09:54:39',NULL,'horacio',NULL,'03752-448675',NULL,'2010-05-21 09:54:39','com.vitaflo.innova.Client','UPDATE',113),(64,'address','2010-05-21 09:54:39',NULL,'horacio',NULL,'Bolivar 134 - Posadas- Misiones',NULL,'2010-05-21 09:54:39','com.vitaflo.innova.Client','UPDATE',113),(65,'country','2010-05-21 09:54:39','Argentina','horacio',NULL,'Argentina',NULL,'2010-05-21 09:54:39','com.vitaflo.innova.Client','UPDATE',113),(66,NULL,'2010-05-21 11:01:31',NULL,'horacio',NULL,NULL,NULL,'2010-05-21 11:01:31','com.vitaflo.innova.Supplier','INSERT',7),(67,NULL,'2010-05-21 11:02:34',NULL,'horacio',NULL,NULL,NULL,'2010-05-21 11:02:34','com.vitaflo.innova.Drug','INSERT',41),(68,NULL,'2010-05-21 11:04:15',NULL,'horacio',NULL,NULL,NULL,'2010-05-21 11:04:15','com.vitaflo.innova.Product','INSERT',61),(69,NULL,'2010-05-21 11:04:47',NULL,'horacio',NULL,NULL,NULL,'2010-05-21 11:04:47','com.vitaflo.innova.Product','INSERT',62),(70,NULL,'2010-05-21 11:05:27',NULL,'horacio',NULL,NULL,NULL,'2010-05-21 11:05:27','com.vitaflo.innova.Product','INSERT',63),(71,NULL,'2010-05-21 11:06:00',NULL,'horacio',NULL,NULL,NULL,'2010-05-21 11:06:00','com.vitaflo.innova.Product','INSERT',64),(72,NULL,'2010-05-21 11:16:13',NULL,'horacio',NULL,NULL,NULL,'2010-05-21 11:16:13','com.vitaflo.innova.Product','INSERT',65),(73,NULL,'2010-05-21 12:01:43',NULL,'horacio',NULL,NULL,NULL,'2010-05-21 12:01:43','com.vitaflo.innova.Product','INSERT',66),(74,NULL,'2010-05-21 12:02:43',NULL,'horacio',NULL,NULL,NULL,'2010-05-21 12:02:43','com.vitaflo.innova.Product','INSERT',67),(75,NULL,'2010-05-21 12:15:23',NULL,'horacio',NULL,NULL,NULL,'2010-05-21 12:15:23','com.vitaflo.innova.Product','INSERT',68),(76,NULL,'2010-05-21 12:16:15',NULL,'horacio',NULL,NULL,NULL,'2010-05-21 12:16:15','com.vitaflo.innova.Product','INSERT',69),(77,NULL,'2010-05-21 12:16:50',NULL,'horacio',NULL,NULL,NULL,'2010-05-21 12:16:50','com.vitaflo.innova.Product','INSERT',70),(78,NULL,'2010-05-21 12:28:07',NULL,'horacio',NULL,NULL,NULL,'2010-05-21 12:28:07','com.vitaflo.innova.Product','INSERT',71),(79,NULL,'2010-05-21 12:29:26',NULL,'horacio',NULL,NULL,NULL,'2010-05-21 12:29:26','com.vitaflo.innova.Product','INSERT',72),(80,NULL,'2010-05-21 12:30:14',NULL,'horacio',NULL,NULL,NULL,'2010-05-21 12:30:14','com.vitaflo.innova.Product','INSERT',73),(81,NULL,'2010-05-21 12:35:06',NULL,'horacio',NULL,NULL,NULL,'2010-05-21 12:35:06','com.vitaflo.innova.Product','INSERT',74),(82,NULL,'2010-05-21 12:35:43',NULL,'horacio',NULL,NULL,NULL,'2010-05-21 12:35:43','com.vitaflo.innova.Product','INSERT',75),(83,NULL,'2010-05-21 12:37:05',NULL,'horacio',NULL,NULL,NULL,'2010-05-21 12:37:05','com.vitaflo.innova.Product','INSERT',76),(84,NULL,'2010-05-21 12:37:44',NULL,'horacio',NULL,NULL,NULL,'2010-05-21 12:37:44','com.vitaflo.innova.Product','INSERT',77),(85,NULL,'2010-05-21 12:38:39',NULL,'horacio',NULL,NULL,NULL,'2010-05-21 12:38:39','com.vitaflo.innova.Product','INSERT',78),(86,NULL,'2010-05-21 12:45:04',NULL,'horacio',NULL,NULL,NULL,'2010-05-21 12:45:04','com.vitaflo.innova.Product','INSERT',79),(87,NULL,'2010-05-21 12:45:56',NULL,'horacio',NULL,NULL,NULL,'2010-05-21 12:45:56','com.vitaflo.innova.Product','INSERT',80),(88,NULL,'2010-05-21 12:47:00',NULL,'horacio',NULL,NULL,NULL,'2010-05-21 12:47:00','com.vitaflo.innova.Product','INSERT',81),(89,NULL,'2010-05-21 12:48:01',NULL,'horacio',NULL,NULL,NULL,'2010-05-21 12:48:01','com.vitaflo.innova.Product','INSERT',82),(90,NULL,'2010-05-21 12:49:19',NULL,'horacio',NULL,NULL,NULL,'2010-05-21 12:49:19','com.vitaflo.innova.Product','INSERT',83),(91,NULL,'2010-05-21 12:51:02',NULL,'horacio',NULL,NULL,NULL,'2010-05-21 12:51:02','com.vitaflo.innova.Product','INSERT',84),(92,NULL,'2010-05-21 12:51:54',NULL,'horacio',NULL,NULL,NULL,'2010-05-21 12:51:54','com.vitaflo.innova.Product','INSERT',85),(93,NULL,'2010-05-21 12:53:30',NULL,'horacio',NULL,NULL,NULL,'2010-05-21 12:53:30','com.vitaflo.innova.Product','INSERT',86),(94,NULL,'2010-05-21 12:54:40',NULL,'horacio',NULL,NULL,NULL,'2010-05-21 12:54:40','com.vitaflo.innova.Product','INSERT',87),(95,NULL,'2010-05-21 12:55:19',NULL,'horacio',NULL,NULL,NULL,'2010-05-21 12:55:19','com.vitaflo.innova.Product','INSERT',88),(96,NULL,'2010-05-21 12:55:54',NULL,'horacio',NULL,NULL,NULL,'2010-05-21 12:55:54','com.vitaflo.innova.Product','INSERT',89),(97,NULL,'2010-05-21 12:56:50',NULL,'horacio',NULL,NULL,NULL,'2010-05-21 12:56:50','com.vitaflo.innova.Product','INSERT',90),(98,NULL,'2010-05-26 13:06:37',NULL,'horacio',NULL,NULL,NULL,'2010-05-26 13:06:37','com.vitaflo.innova.Patient','INSERT',90),(99,'client','2010-05-26 13:06:56','AMUR','horacio',NULL,'OSDE',NULL,'2010-05-26 13:06:56','com.vitaflo.innova.Patient','UPDATE',90),(100,'country','2010-05-26 13:06:56','Argentina','horacio',NULL,'Argentina',NULL,'2010-05-26 13:06:56','com.vitaflo.innova.Patient','UPDATE',90),(101,NULL,'2010-05-26 13:09:36',NULL,'horacio',NULL,NULL,NULL,'2010-05-26 13:09:36','com.vitaflo.innova.Patient','INSERT',91),(102,NULL,'2010-05-26 13:35:22',NULL,'horacio',NULL,NULL,NULL,'2010-05-26 13:35:22','com.vitaflo.innova.Client','INSERT',120),(103,'client','2010-05-26 13:36:04','AMUR','horacio',NULL,'Reintegro swiss medical',NULL,'2010-05-26 13:36:04','com.vitaflo.innova.Patient','UPDATE',91),(104,'country','2010-05-26 13:36:04','Argentina','horacio',NULL,'Argentina',NULL,'2010-05-26 13:36:04','com.vitaflo.innova.Patient','UPDATE',91),(105,NULL,'2010-05-26 13:49:37',NULL,'horacio',NULL,NULL,NULL,'2010-05-26 13:49:37','com.vitaflo.innova.Drug','INSERT',42),(106,NULL,'2010-05-26 13:51:53',NULL,'horacio',NULL,NULL,NULL,'2010-05-26 13:51:53','com.vitaflo.innova.Drug','INSERT',43),(107,NULL,'2010-05-26 13:54:21',NULL,'horacio',NULL,NULL,NULL,'2010-05-26 13:54:21','com.vitaflo.innova.Drug','INSERT',44),(108,NULL,'2010-05-26 13:55:20',NULL,'horacio',NULL,NULL,NULL,'2010-05-26 13:55:20','com.vitaflo.innova.Drug','INSERT',45),(109,NULL,'2010-05-26 13:56:42',NULL,'horacio',NULL,NULL,NULL,'2010-05-26 13:56:42','com.vitaflo.innova.Drug','INSERT',46),(110,NULL,'2010-05-26 13:57:53',NULL,'horacio',NULL,NULL,NULL,'2010-05-26 13:57:53','com.vitaflo.innova.Drug','INSERT',47),(111,NULL,'2010-05-26 13:58:13',NULL,'horacio',NULL,NULL,NULL,'2010-05-26 13:58:13','com.vitaflo.innova.Drug','INSERT',48),(112,NULL,'2010-05-26 13:58:27',NULL,'horacio',NULL,NULL,NULL,'2010-05-26 13:58:27','com.vitaflo.innova.Drug','INSERT',49),(113,NULL,'2010-05-26 13:58:51',NULL,'horacio',NULL,NULL,NULL,'2010-05-26 13:58:51','com.vitaflo.innova.Drug','INSERT',50),(114,NULL,'2010-05-26 13:59:06',NULL,'horacio',NULL,NULL,NULL,'2010-05-26 13:59:06','com.vitaflo.innova.Drug','INSERT',51),(115,NULL,'2010-05-26 13:59:35',NULL,'horacio',NULL,NULL,NULL,'2010-05-26 13:59:35','com.vitaflo.innova.Drug','INSERT',52),(116,NULL,'2010-05-26 14:00:11',NULL,'horacio',NULL,NULL,NULL,'2010-05-26 14:00:11','com.vitaflo.innova.Drug','INSERT',53),(117,'description','2010-05-26 14:02:20','Arginine Amino Acid Supplement\r\n30 x 4g sachets','horacio',NULL,'Advertencias\r\n\r\n    * Este producto debe ser utilizado bajo estricto control médico.\r\n    * No debe usarse como única fuente de nutrición.\r\n    * No está diseñado para el uso endovenoso.\r\n    * No se aconseja su administración a menores de 12 meses de eda',NULL,'2010-05-26 14:02:20','com.vitaflo.innova.Product','UPDATE',79),(118,'supplier','2010-05-26 14:02:20','Vitaflo U.K','horacio',NULL,'Vitaflo U.K',NULL,'2010-05-26 14:02:20','com.vitaflo.innova.Product','UPDATE',79),(119,'drug','2010-05-26 14:02:20','Mezcla de Aminoacidos','horacio',NULL,'arginina a base de carbohidratos',NULL,'2010-05-26 14:02:20','com.vitaflo.innova.Product','UPDATE',79),(120,'description','2010-05-26 14:08:47','Cistine Amino Acid Supplement\r\n30 x 4g sachets','horacio',NULL,'Advertencias\r\n\r\n    * Este producto debe ser utilizado bajo estricto control médico.\r\n    * No debe usarse como única fuente de nutrición.\r\n    * No está diseñado para el uso endovenoso.\r\n    * No se aconseja su administración a menores de 12 meses de eda',NULL,'2010-05-26 14:08:47','com.vitaflo.innova.Product','UPDATE',80),(121,'supplier','2010-05-26 14:08:47','Vitaflo U.K','horacio',NULL,'Vitaflo U.K',NULL,'2010-05-26 14:08:47','com.vitaflo.innova.Product','UPDATE',80),(122,'drug','2010-05-26 14:08:47','Mezcla de Aminoacidos','horacio',NULL,'cistina a base de carbohidratos',NULL,'2010-05-26 14:08:47','com.vitaflo.innova.Product','UPDATE',80),(123,'supplier','2010-05-26 14:09:43','Vitaflo U.K','horacio',NULL,'Vitaflo U.K',NULL,'2010-05-26 14:09:43','com.vitaflo.innova.Product','UPDATE',66),(124,'drug','2010-05-26 14:09:43','Mezcla de Aminoacidos','horacio',NULL,'Sustituto proteico libre de fenilalanina',NULL,'2010-05-26 14:09:43','com.vitaflo.innova.Product','UPDATE',66),(125,'supplier','2010-05-26 14:10:03','Vitaflo U.K','horacio',NULL,'Vitaflo U.K',NULL,'2010-05-26 14:10:03','com.vitaflo.innova.Product','UPDATE',84),(126,'drug','2010-05-26 14:10:03','Mezcla de Aminoacidos','horacio',NULL,'Sustituto proteico libre de fenilalanina',NULL,'2010-05-26 14:10:03','com.vitaflo.innova.Product','UPDATE',84),(127,'supplier','2010-05-26 14:10:26','Vitaflo U.K','horacio',NULL,'Vitaflo U.K',NULL,'2010-05-26 14:10:26','com.vitaflo.innova.Product','UPDATE',67),(128,'drug','2010-05-26 14:10:26','Mezcla de Aminoacidos','horacio',NULL,'Sustituto proteico libre de fenilalanina',NULL,'2010-05-26 14:10:26','com.vitaflo.innova.Product','UPDATE',67),(129,'client','2010-05-27 12:19:45','OSDE','horacio',NULL,'OSDEPYM',NULL,'2010-05-27 12:19:45','com.vitaflo.innova.Patient','UPDATE',92),(130,'country','2010-05-27 12:19:46','Argentina','horacio',NULL,'Argentina',NULL,'2010-05-27 12:19:46','com.vitaflo.innova.Patient','UPDATE',92),(131,NULL,'2010-05-27 12:47:17',NULL,'horacio',NULL,NULL,NULL,'2010-05-27 12:47:17','com.vitaflo.innova.Patient','INSERT',93),(132,'phone','2010-05-27 12:49:43',NULL,'horacio',NULL,'4871-1192',NULL,'2010-05-27 12:49:43','com.vitaflo.innova.Patient','UPDATE',93),(133,'client','2010-05-27 12:49:43','OSDE','horacio',NULL,'OSDE',NULL,'2010-05-27 12:49:43','com.vitaflo.innova.Patient','UPDATE',93),(134,'physician','2010-05-27 12:49:43','Mariana Nuñez','horacio',NULL,'Mariana Nu&ntilde;ez',NULL,'2010-05-27 12:49:43','com.vitaflo.innova.Patient','UPDATE',93),(135,'country','2010-05-27 12:49:43','Argentina','horacio',NULL,'Argentina',NULL,'2010-05-27 12:49:43','com.vitaflo.innova.Patient','UPDATE',93),(136,'contactName','2010-05-27 12:49:43',NULL,'horacio',NULL,'Eugenia cel 15-53296387',NULL,'2010-05-27 12:49:43','com.vitaflo.innova.Patient','UPDATE',93),(137,'deliveryAddress','2010-05-27 12:49:44',NULL,'horacio',NULL,'Casa del paciente\r\nDel Nogal Nº 5, Barrio La Alameda, Nordelta',NULL,'2010-05-27 12:49:44','com.vitaflo.innova.Patient','UPDATE',93),(138,NULL,'2010-05-27 12:51:16',NULL,'horacio',NULL,NULL,NULL,'2010-05-27 12:51:16','com.vitaflo.innova.Patient','INSERT',94),(139,'client','2010-05-27 13:00:52','AMUR','horacio',NULL,'OSDEPYM',NULL,'2010-05-27 13:00:52','com.vitaflo.innova.Patient','UPDATE',94),(140,'country','2010-05-27 13:00:52','Argentina','horacio',NULL,'Argentina',NULL,'2010-05-27 13:00:52','com.vitaflo.innova.Patient','UPDATE',94),(141,NULL,'2010-05-27 13:03:09',NULL,'horacio',NULL,NULL,NULL,'2010-05-27 13:03:09','com.vitaflo.innova.Patient','INSERT',95),(142,NULL,'2010-05-27 13:06:09',NULL,'horacio',NULL,NULL,NULL,'2010-05-27 13:06:09','com.vitaflo.innova.Patient','INSERT',96),(143,'supplier','2010-06-01 09:46:26','Vitaflo U.K','horacio',NULL,'Vitaflo U.K',NULL,'2010-06-01 09:46:26','com.vitaflo.innova.Product','UPDATE',63),(144,'drug','2010-06-01 09:46:27','Mezcla de Aminoacidos','horacio',NULL,'Mezcla de Aminoacidos',NULL,'2010-06-01 09:46:27','com.vitaflo.innova.Product','UPDATE',63),(145,'description','2010-06-01 09:46:58','Caja de 30 sobres de 20gr conteniendo 8.4 Gramos de Proteina','horacio',NULL,'Caja de 30 sobres de 20gr conteniendo 8.4 Gramos de Proteina\r\n\r\nSustituto proteico en polvo para preparar gel o bebida libre de fenilalanina para el manejo dietario de los niños con fenilcetonuria desde los 12 meses a los 10 años de edad.',NULL,'2010-06-01 09:46:58','com.vitaflo.innova.Product','UPDATE',62),(146,'supplier','2010-06-01 09:46:58','Vitaflo U.K','horacio',NULL,'Vitaflo U.K',NULL,'2010-06-01 09:46:58','com.vitaflo.innova.Product','UPDATE',62),(147,'drug','2010-06-01 09:46:58','Mezcla de Aminoacidos','horacio',NULL,'Mezcla de Aminoacidos',NULL,'2010-06-01 09:46:58','com.vitaflo.innova.Product','UPDATE',62),(148,'description','2010-06-01 09:47:10','Caja de 30 sobres de 20gr conteniendo 8.4 Gramos de Proteina','horacio',NULL,'Caja de 30 sobres de 20gr conteniendo 8.4 Gramos de Proteina\r\n\r\nSustituto proteico en polvo para preparar gel o bebida libre de fenilalanina para el manejo dietario de los niños con fenilcetonuria desde los 12 meses a los 10 años de edad.',NULL,'2010-06-01 09:47:10','com.vitaflo.innova.Product','UPDATE',61),(149,'supplier','2010-06-01 09:47:10','Vitaflo U.K','horacio',NULL,'Vitaflo U.K',NULL,'2010-06-01 09:47:10','com.vitaflo.innova.Product','UPDATE',61),(150,'drug','2010-06-01 09:47:10','Mezcla de Aminoacidos','horacio',NULL,'Mezcla de Aminoacidos',NULL,'2010-06-01 09:47:10','com.vitaflo.innova.Product','UPDATE',61),(151,'description','2010-06-01 09:47:58','Caja de 30 sobres de 25gr conteniendo 15 Gramos de Proteina','horacio',NULL,'Caja de 30 sobres de 25gr conteniendo 15 Gramos de Proteina\r\n\r\nSustituto proteico en polvo para preparar bebida libre de fenilalanina para el manejo dietario de los pacientes con fenilcetonuria a partir de los 8 años en adelante.',NULL,'2010-06-01 09:47:58','com.vitaflo.innova.Product','UPDATE',65),(152,'supplier','2010-06-01 09:47:58','Vitaflo U.K','horacio',NULL,'Vitaflo U.K',NULL,'2010-06-01 09:47:58','com.vitaflo.innova.Product','UPDATE',65),(153,'drug','2010-06-01 09:47:58','Mezcla de Aminoacidos','horacio',NULL,'Mezcla de Aminoacidos',NULL,'2010-06-01 09:47:58','com.vitaflo.innova.Product','UPDATE',65),(154,'description','2010-06-01 10:01:53','Caja de 30 Pomos de 87 ml contentiendo 10 Gramos de Proteina','horacio',NULL,'Caja de 30 Pomos de 87 ml contentiendo 10 Gramos de Proteina\r\n\r\nSustituto proteico libre de fenilalanina, listo para beber, para el manejo dietario de los pacientes con fenilcetonuria desde los tres años en adelante.',NULL,'2010-06-01 10:01:53','com.vitaflo.innova.Product','UPDATE',66),(155,'supplier','2010-06-01 10:01:53','Vitaflo U.K','horacio',NULL,'Vitaflo U.K',NULL,'2010-06-01 10:01:53','com.vitaflo.innova.Product','UPDATE',66),(156,'drug','2010-06-01 10:01:53','Sustituto proteico libre de fenilalanina','horacio',NULL,'Sustituto proteico libre de fenilalanina',NULL,'2010-06-01 10:01:53','com.vitaflo.innova.Product','UPDATE',66),(157,'description','2010-06-01 10:02:06','Caja de 30 Pomos de 87 ml contentiendo 10 Gramos de Proteina','horacio',NULL,'Caja de 30 Pomos de 87 ml contentiendo 10 Gramos de Proteina\r\n\r\nSustituto proteico libre de fenilalanina, listo para beber, para el manejo dietario de los pacientes con fenilcetonuria desde los tres años en adelante.',NULL,'2010-06-01 10:02:06','com.vitaflo.innova.Product','UPDATE',84),(158,'supplier','2010-06-01 10:02:06','Vitaflo U.K','horacio',NULL,'Vitaflo U.K',NULL,'2010-06-01 10:02:06','com.vitaflo.innova.Product','UPDATE',84),(159,'drug','2010-06-01 10:02:06','Sustituto proteico libre de fenilalanina','horacio',NULL,'Sustituto proteico libre de fenilalanina',NULL,'2010-06-01 10:02:06','com.vitaflo.innova.Product','UPDATE',84),(160,'description','2010-06-01 10:02:22','Caja de 30 Pomos de 87 ml contentiendo 10 Gramos de Proteina','horacio',NULL,'Caja de 30 Pomos de 87 ml contentiendo 10 Gramos de Proteina\r\n\r\nSustituto proteico libre de fenilalanina, listo para beber, para el manejo dietario de los pacientes con fenilcetonuria desde los tres años en adelante.',NULL,'2010-06-01 10:02:22','com.vitaflo.innova.Product','UPDATE',67),(161,'supplier','2010-06-01 10:02:22','Vitaflo U.K','horacio',NULL,'Vitaflo U.K',NULL,'2010-06-01 10:02:22','com.vitaflo.innova.Product','UPDATE',67),(162,'drug','2010-06-01 10:02:22','Sustituto proteico libre de fenilalanina','horacio',NULL,'Sustituto proteico libre de fenilalanina',NULL,'2010-06-01 10:02:22','com.vitaflo.innova.Product','UPDATE',67),(163,'description','2010-06-01 10:03:38','Caja de 30 Pomos de 130 ml conteniendo 15 Gramos de Proteina','horacio',NULL,'Caja de 30 Pomos de 130 ml conteniendo 15 Gramos de Proteina\r\n\r\nSustituto proteico libre de fenilalanina, listo para beber, para el manejo dietario de los pacientes con fenilcetonuria desde los 3 años en adelante.',NULL,'2010-06-01 10:03:38','com.vitaflo.innova.Product','UPDATE',68),(164,'supplier','2010-06-01 10:03:38','Vitaflo U.K','horacio',NULL,'Vitaflo U.K',NULL,'2010-06-01 10:03:38','com.vitaflo.innova.Product','UPDATE',68),(165,'drug','2010-06-01 10:03:38','Mezcla de Aminoacidos','horacio',NULL,'Mezcla de Aminoacidos',NULL,'2010-06-01 10:03:38','com.vitaflo.innova.Product','UPDATE',68),(166,'description','2010-06-01 10:03:50','Caja de 30 Pomos de 130 ml conteniendo 15 Gramos de Proteina','horacio',NULL,'Caja de 30 Pomos de 130 ml conteniendo 15 Gramos de Proteina\r\n\r\nSustituto proteico libre de fenilalanina, listo para beber, para el manejo dietario de los pacientes con fenilcetonuria desde los 3 años en adelante.',NULL,'2010-06-01 10:03:50','com.vitaflo.innova.Product','UPDATE',85),(167,'supplier','2010-06-01 10:03:50','Vitaflo U.K','horacio',NULL,'Vitaflo U.K',NULL,'2010-06-01 10:03:50','com.vitaflo.innova.Product','UPDATE',85),(168,'drug','2010-06-01 10:03:50','Mezcla de Aminoacidos','horacio',NULL,'Mezcla de Aminoacidos',NULL,'2010-06-01 10:03:50','com.vitaflo.innova.Product','UPDATE',85),(169,'description','2010-06-01 10:04:05','Caja de 30 Pomos de 130 ml conteniendo 15 Gramos de Proteina','horacio',NULL,'Caja de 30 Pomos de 130 ml conteniendo 15 Gramos de Proteina\r\n\r\nSustituto proteico libre de fenilalanina, listo para beber, para el manejo dietario de los pacientes con fenilcetonuria desde los 3 años en adelante.',NULL,'2010-06-01 10:04:05','com.vitaflo.innova.Product','UPDATE',69),(170,'supplier','2010-06-01 10:04:05','Vitaflo U.K','horacio',NULL,'Vitaflo U.K',NULL,'2010-06-01 10:04:05','com.vitaflo.innova.Product','UPDATE',69),(171,'drug','2010-06-01 10:04:05','Mezcla de Aminoacidos','horacio',NULL,'Mezcla de Aminoacidos',NULL,'2010-06-01 10:04:05','com.vitaflo.innova.Product','UPDATE',69),(172,'description','2010-06-01 10:04:28','Caja de 30 Pomos de 174 ml conteniendo 20 Gramos de Proteina','horacio',NULL,'Caja de 30 Pomos de 174 ml conteniendo 20 Gramos de Proteina\r\n\r\nSustituto proteico libre de fenilalanina, listo para beber, para el manejo dietario de los pacientes con fenilcetonuria desde los 3 años en adelante.',NULL,'2010-06-01 10:04:28','com.vitaflo.innova.Product','UPDATE',86),(173,'supplier','2010-06-01 10:04:28','Vitaflo U.K','horacio',NULL,'Vitaflo U.K',NULL,'2010-06-01 10:04:28','com.vitaflo.innova.Product','UPDATE',86),(174,'drug','2010-06-01 10:04:28','Mezcla de Aminoacidos','horacio',NULL,'Mezcla de Aminoacidos',NULL,'2010-06-01 10:04:28','com.vitaflo.innova.Product','UPDATE',86),(175,'description','2010-06-01 10:05:36','Caja de 30 sobres de 25gr conteniendo 15 Gramos de Proteina','horacio',NULL,'Caja de 30 sobres de 25gr conteniendo 15 Gramos de Proteina\r\n\r\nSustituto proteico líquido listo para beber libre de leucina, isoleucina y valina para el manejo dietario de los pacientes con enfermedad de orina con olor a jarabe de arce de desde los 8 años',NULL,'2010-06-01 10:05:36','com.vitaflo.innova.Product','UPDATE',77),(176,'supplier','2010-06-01 10:05:36','Vitaflo U.K','horacio',NULL,'Vitaflo U.K',NULL,'2010-06-01 10:05:36','com.vitaflo.innova.Product','UPDATE',77),(177,'drug','2010-06-01 10:05:36','Mezcla de Aminoacidos','horacio',NULL,'Mezcla de Aminoacidos',NULL,'2010-06-01 10:05:36','com.vitaflo.innova.Product','UPDATE',77),(178,'description','2010-06-01 10:06:12','Caja de 30 sobres de 20gr conteniendo 8.4 Gramos de Proteina','horacio',NULL,'Caja de 30 sobres de 20gr conteniendo 8.4 Gramos de Proteina\r\n\r\nSustituto proteico líquido listo para beber libre de leucina, isoleucina y valina para el manejo dietario de los pacientes con enfermedad de orina con olor a jarabe de arce de desde los 8 año',NULL,'2010-06-01 10:06:12','com.vitaflo.innova.Product','UPDATE',76),(179,'supplier','2010-06-01 10:06:12','Vitaflo U.K','horacio',NULL,'Vitaflo U.K',NULL,'2010-06-01 10:06:12','com.vitaflo.innova.Product','UPDATE',76),(180,'drug','2010-06-01 10:06:12','Mezcla de Aminoacidos','horacio',NULL,'Mezcla de Aminoacidos',NULL,'2010-06-01 10:06:12','com.vitaflo.innova.Product','UPDATE',76),(181,'description','2010-06-01 10:06:51','Isoleucine Amino Acid Supplement\r\n30 x 4g sachets','horacio',NULL,'Isoleucine Amino Acid Supplement\r\n30 x 4g sachets\r\n\r\nSuplemento en polvo de isoleucina a base de carbohidratos. Para ser usado junto con el sustituto proteico para la enfermedad de orina con olor a jarabe de arce (MSUD)',NULL,'2010-06-01 10:06:51','com.vitaflo.innova.Product','UPDATE',82),(182,'supplier','2010-06-01 10:06:52','Vitaflo U.K','horacio',NULL,'Vitaflo U.K',NULL,'2010-06-01 10:06:52','com.vitaflo.innova.Product','UPDATE',82),(183,'drug','2010-06-01 10:06:52','Mezcla de Aminoacidos','horacio',NULL,'Mezcla de Aminoacidos',NULL,'2010-06-01 10:06:52','com.vitaflo.innova.Product','UPDATE',82),(184,'description','2010-06-01 10:08:26','Ingredients\r\n\r\nDry Glucose Syrup and L-Valine.\r\nImportant Information\r\n\r\nThe product must only be given to patients with proven Maple Syrup Urine Disease under strict medical supervision. It is not to be used as a sole source of nutrition.\r\nDosage and Adm','horacio',NULL,'Disponible en envases de 30 sobres de 4 gramos cada uno. Peso Neto : 0,12 Kg \r\n\r\nSuplemento en polvo del aminoácido Valina a base de carbohidratos para ser usado junto con un sustituto proteico para la enfermedad de orina con olor a jarabe de arce (MSUD) ',NULL,'2010-06-01 10:08:26','com.vitaflo.innova.Product','UPDATE',83),(185,'supplier','2010-06-01 10:08:26','Vitaflo U.K','horacio',NULL,'Vitaflo U.K',NULL,'2010-06-01 10:08:26','com.vitaflo.innova.Product','UPDATE',83),(186,'drug','2010-06-01 10:08:26','Mezcla de Aminoacidos','horacio',NULL,'Mezcla de Aminoacidos',NULL,'2010-06-01 10:08:26','com.vitaflo.innova.Product','UPDATE',83),(187,'description','2010-06-01 10:09:27','Tyrosine Amino Acid Supplement\r\n30 x 4g sachets','horacio',NULL,'Disponible en envases de 30 sobres de 4 gramos cada uno. Peso Neto : 0,12 Kg \r\n\r\nSuplemento en polvo del aminoácido Tirosina a base de carbohidratos, para ser usado en pacientes desde los 12 meses de edad.',NULL,'2010-06-01 10:09:27','com.vitaflo.innova.Product','UPDATE',81),(188,'supplier','2010-06-01 10:09:27','Vitaflo U.K','horacio',NULL,'Vitaflo U.K',NULL,'2010-06-01 10:09:27','com.vitaflo.innova.Product','UPDATE',81),(189,'drug','2010-06-01 10:09:27','Mezcla de Aminoacidos','horacio',NULL,'Mezcla de Aminoacidos',NULL,'2010-06-01 10:09:27','com.vitaflo.innova.Product','UPDATE',81),(190,'description','2010-06-01 10:10:37','Advertencias\r\n\r\n    * Este producto debe ser utilizado bajo estricto control médico.\r\n    * No debe usarse como única fuente de nutrición.\r\n    * No está diseñado para el uso endovenoso.\r\n    * No se aconseja su administración a menores de 12 meses de eda','horacio',NULL,'Disponible en envases de 30 sobres de 4 gramos cada uno. Peso Neto : 0,12 Kg \r\n\r\nSuplemento en polvo del aminoácido Cistina a base de carbohidratos, para ser usado en pacientes desde los 12 meses de edad.',NULL,'2010-06-01 10:10:37','com.vitaflo.innova.Product','UPDATE',80),(191,'name','2010-06-01 10:10:37','Cistine','horacio',NULL,'Cistina',NULL,'2010-06-01 10:10:37','com.vitaflo.innova.Product','UPDATE',80),(192,'comercialName','2010-06-01 10:10:37','Cistine','horacio',NULL,'Cistina',NULL,'2010-06-01 10:10:37','com.vitaflo.innova.Product','UPDATE',80),(193,'supplier','2010-06-01 10:10:37','Vitaflo U.K','horacio',NULL,'Vitaflo U.K',NULL,'2010-06-01 10:10:37','com.vitaflo.innova.Product','UPDATE',80),(194,'drug','2010-06-01 10:10:37','cistina a base de carbohidratos','horacio',NULL,'cistina a base de carbohidratos',NULL,'2010-06-01 10:10:37','com.vitaflo.innova.Product','UPDATE',80),(195,'comercialName','2010-06-01 10:11:20',NULL,'horacio',NULL,'PKU Cooler 10',NULL,'2010-06-01 10:11:20','com.vitaflo.innova.Product','UPDATE',66),(196,'supplier','2010-06-01 10:11:20','Vitaflo U.K','horacio',NULL,'Vitaflo U.K',NULL,'2010-06-01 10:11:20','com.vitaflo.innova.Product','UPDATE',66),(197,'drug','2010-06-01 10:11:20','Sustituto proteico libre de fenilalanina','horacio',NULL,'Sustituto proteico libre de fenilalanina',NULL,'2010-06-01 10:11:20','com.vitaflo.innova.Product','UPDATE',66),(198,'comercialName','2010-06-01 10:11:40',NULL,'horacio',NULL,'PKU Cooler',NULL,'2010-06-01 10:11:40','com.vitaflo.innova.Product','UPDATE',67),(199,'supplier','2010-06-01 10:11:40','Vitaflo U.K','horacio',NULL,'Vitaflo U.K',NULL,'2010-06-01 10:11:40','com.vitaflo.innova.Product','UPDATE',67),(200,'drug','2010-06-01 10:11:40','Sustituto proteico libre de fenilalanina','horacio',NULL,'Sustituto proteico libre de fenilalanina',NULL,'2010-06-01 10:11:40','com.vitaflo.innova.Product','UPDATE',67),(201,'comercialName','2010-06-01 10:12:01',NULL,'horacio',NULL,'PKU Cooler 15',NULL,'2010-06-01 10:12:01','com.vitaflo.innova.Product','UPDATE',68),(202,'supplier','2010-06-01 10:12:01','Vitaflo U.K','horacio',NULL,'Vitaflo U.K',NULL,'2010-06-01 10:12:01','com.vitaflo.innova.Product','UPDATE',68),(203,'drug','2010-06-01 10:12:01','Mezcla de Aminoacidos','horacio',NULL,'Mezcla de Aminoacidos',NULL,'2010-06-01 10:12:01','com.vitaflo.innova.Product','UPDATE',68),(204,'comercialName','2010-06-01 10:12:14',NULL,'horacio',NULL,'PKU Cooler 15',NULL,'2010-06-01 10:12:14','com.vitaflo.innova.Product','UPDATE',69),(205,'supplier','2010-06-01 10:12:14','Vitaflo U.K','horacio',NULL,'Vitaflo U.K',NULL,'2010-06-01 10:12:14','com.vitaflo.innova.Product','UPDATE',69),(206,'drug','2010-06-01 10:12:14','Mezcla de Aminoacidos','horacio',NULL,'Mezcla de Aminoacidos',NULL,'2010-06-01 10:12:14','com.vitaflo.innova.Product','UPDATE',69),(207,'comercialName','2010-06-01 10:12:42',NULL,'horacio',NULL,'PKU express',NULL,'2010-06-01 10:12:42','com.vitaflo.innova.Product','UPDATE',65),(208,'supplier','2010-06-01 10:12:42','Vitaflo U.K','horacio',NULL,'Vitaflo U.K',NULL,'2010-06-01 10:12:42','com.vitaflo.innova.Product','UPDATE',65),(209,'drug','2010-06-01 10:12:42','Mezcla de Aminoacidos','horacio',NULL,'Mezcla de Aminoacidos',NULL,'2010-06-01 10:12:42','com.vitaflo.innova.Product','UPDATE',65),(210,'comercialName','2010-06-01 10:12:53',NULL,'horacio',NULL,'PKU express',NULL,'2010-06-01 10:12:53','com.vitaflo.innova.Product','UPDATE',64),(211,'supplier','2010-06-01 10:12:53','Vitaflo U.K','horacio',NULL,'Vitaflo U.K',NULL,'2010-06-01 10:12:53','com.vitaflo.innova.Product','UPDATE',64),(212,'drug','2010-06-01 10:12:53','Mezcla de Aminoacidos','horacio',NULL,'Mezcla de Aminoacidos',NULL,'2010-06-01 10:12:53','com.vitaflo.innova.Product','UPDATE',64),(213,'comercialName','2010-06-01 10:13:08',NULL,'horacio',NULL,'PKU gel',NULL,'2010-06-01 10:13:08','com.vitaflo.innova.Product','UPDATE',62),(214,'supplier','2010-06-01 10:13:08','Vitaflo U.K','horacio',NULL,'Vitaflo U.K',NULL,'2010-06-01 10:13:08','com.vitaflo.innova.Product','UPDATE',62),(215,'drug','2010-06-01 10:13:08','Mezcla de Aminoacidos','horacio',NULL,'Mezcla de Aminoacidos',NULL,'2010-06-01 10:13:08','com.vitaflo.innova.Product','UPDATE',62),(216,'comercialName','2010-06-01 10:13:20',NULL,'horacio',NULL,'PKU gel',NULL,'2010-06-01 10:13:20','com.vitaflo.innova.Product','UPDATE',61),(217,'supplier','2010-06-01 10:13:20','Vitaflo U.K','horacio',NULL,'Vitaflo U.K',NULL,'2010-06-01 10:13:20','com.vitaflo.innova.Product','UPDATE',61),(218,'drug','2010-06-01 10:13:20','Mezcla de Aminoacidos','horacio',NULL,'Mezcla de Aminoacidos',NULL,'2010-06-01 10:13:20','com.vitaflo.innova.Product','UPDATE',61),(219,'comercialName','2010-06-01 10:13:33',NULL,'horacio',NULL,'PKU gel',NULL,'2010-06-01 10:13:33','com.vitaflo.innova.Product','UPDATE',63),(220,'supplier','2010-06-01 10:13:33','Vitaflo U.K','horacio',NULL,'Vitaflo U.K',NULL,'2010-06-01 10:13:33','com.vitaflo.innova.Product','UPDATE',63),(221,'drug','2010-06-01 10:13:33','Mezcla de Aminoacidos','horacio',NULL,'Mezcla de Aminoacidos',NULL,'2010-06-01 10:13:33','com.vitaflo.innova.Product','UPDATE',63),(222,'comercialName','2010-06-01 10:14:00',NULL,'horacio',NULL,'PKUI Cooler 20',NULL,'2010-06-01 10:14:00','com.vitaflo.innova.Product','UPDATE',70),(223,'supplier','2010-06-01 10:14:00','Vitaflo U.K','horacio',NULL,'Vitaflo U.K',NULL,'2010-06-01 10:14:00','com.vitaflo.innova.Product','UPDATE',70),(224,'drug','2010-06-01 10:14:00','Mezcla de Aminoacidos','horacio',NULL,'Mezcla de Aminoacidos',NULL,'2010-06-01 10:14:00','com.vitaflo.innova.Product','UPDATE',70),(225,'comercialName','2010-06-01 10:14:15',NULL,'horacio',NULL,'PKUI Cooler 20',NULL,'2010-06-01 10:14:15','com.vitaflo.innova.Product','UPDATE',71),(226,'supplier','2010-06-01 10:14:15','Vitaflo U.K','horacio',NULL,'Vitaflo U.K',NULL,'2010-06-01 10:14:15','com.vitaflo.innova.Product','UPDATE',71),(227,'drug','2010-06-01 10:14:15','Mezcla de Aminoacidos','horacio',NULL,'Mezcla de Aminoacidos',NULL,'2010-06-01 10:14:15','com.vitaflo.innova.Product','UPDATE',71),(228,NULL,'2010-06-01 11:03:12',NULL,'horacio',NULL,NULL,NULL,'2010-06-01 11:03:12','com.vitaflo.innova.User','INSERT',7),(229,'countries','2010-06-01 11:03:13',NULL,'horacio',NULL,'[Argentina]',NULL,'2010-06-01 11:03:13','com.vitaflo.innova.User','UPDATE',7),(230,'authorities','2010-06-01 11:03:13',NULL,'horacio',NULL,'[ROLE_USER]',NULL,'2010-06-01 11:03:13','com.vitaflo.innova.User','UPDATE',7),(231,'price','2010-06-01 11:12:58','0.0','horacio',NULL,'150.0',NULL,'2010-06-01 11:12:58','com.vitaflo.innova.Product','UPDATE',79),(232,'supplier','2010-06-01 11:12:58','Vitaflo U.K','horacio',NULL,'Vitaflo U.K',NULL,'2010-06-01 11:12:58','com.vitaflo.innova.Product','UPDATE',79),(233,'drug','2010-06-01 11:12:58','arginina a base de carbohidratos','horacio',NULL,'arginina a base de carbohidratos',NULL,'2010-06-01 11:12:58','com.vitaflo.innova.Product','UPDATE',79),(234,'price','2010-06-01 11:13:29','0.0','horacio',NULL,'150.0',NULL,'2010-06-01 11:13:29','com.vitaflo.innova.Product','UPDATE',80),(235,'supplier','2010-06-01 11:13:29','Vitaflo U.K','horacio',NULL,'Vitaflo U.K',NULL,'2010-06-01 11:13:29','com.vitaflo.innova.Product','UPDATE',80),(236,'drug','2010-06-01 11:13:29','cistina a base de carbohidratos','horacio',NULL,'cistina a base de carbohidratos',NULL,'2010-06-01 11:13:29','com.vitaflo.innova.Product','UPDATE',80),(237,'price','2010-06-01 11:14:12','0.0','horacio',NULL,'75.0',NULL,'2010-06-01 11:14:12','com.vitaflo.innova.Product','UPDATE',72),(238,'supplier','2010-06-01 11:14:12','Vitaflo U.K','horacio',NULL,'Vitaflo U.K',NULL,'2010-06-01 11:14:12','com.vitaflo.innova.Product','UPDATE',72),(239,'drug','2010-06-01 11:14:12','Mezcla de Aminoacidos','horacio',NULL,'Mezcla de Aminoacidos',NULL,'2010-06-01 11:14:12','com.vitaflo.innova.Product','UPDATE',72),(240,'price','2010-06-01 11:14:40','0.0','horacio',NULL,'75.0',NULL,'2010-06-01 11:14:40','com.vitaflo.innova.Product','UPDATE',73),(241,'supplier','2010-06-01 11:14:40','Vitaflo U.K','horacio',NULL,'Vitaflo U.K',NULL,'2010-06-01 11:14:40','com.vitaflo.innova.Product','UPDATE',73),(242,'drug','2010-06-01 11:14:40','Mezcla de Aminoacidos','horacio',NULL,'Mezcla de Aminoacidos',NULL,'2010-06-01 11:14:40','com.vitaflo.innova.Product','UPDATE',73),(243,'price','2010-06-01 11:14:52','0.0','horacio',NULL,'75.0',NULL,'2010-06-01 11:14:52','com.vitaflo.innova.Product','UPDATE',74),(244,'supplier','2010-06-01 11:14:52','Vitaflo U.K','horacio',NULL,'Vitaflo U.K',NULL,'2010-06-01 11:14:52','com.vitaflo.innova.Product','UPDATE',74),(245,'drug','2010-06-01 11:14:52','Mezcla de Aminoacidos','horacio',NULL,'Mezcla de Aminoacidos',NULL,'2010-06-01 11:14:52','com.vitaflo.innova.Product','UPDATE',74),(246,'price','2010-06-01 11:15:28','0.0','horacio',NULL,'645.0',NULL,'2010-06-01 11:15:28','com.vitaflo.innova.Product','UPDATE',89),(247,'supplier','2010-06-01 11:15:28','Vitaflo U.K','horacio',NULL,'Vitaflo U.K',NULL,'2010-06-01 11:15:28','com.vitaflo.innova.Product','UPDATE',89),(248,'drug','2010-06-01 11:15:28','Mezcla de Aminoacidos','horacio',NULL,'Mezcla de Aminoacidos',NULL,'2010-06-01 11:15:28','com.vitaflo.innova.Product','UPDATE',89),(249,'price','2010-06-01 12:23:29','0.0','horacio',NULL,'485.0',NULL,'2010-06-01 12:23:29','com.vitaflo.innova.Product','UPDATE',88),(250,'supplier','2010-06-01 12:23:29','Vitaflo U.K','horacio',NULL,'Vitaflo U.K',NULL,'2010-06-01 12:23:29','com.vitaflo.innova.Product','UPDATE',88),(251,'drug','2010-06-01 12:23:29','Mezcla de Aminoacidos','horacio',NULL,'Mezcla de Aminoacidos',NULL,'2010-06-01 12:23:29','com.vitaflo.innova.Product','UPDATE',88),(252,'price','2010-06-01 12:24:18','0.0','horacio',NULL,'150.0',NULL,'2010-06-01 12:24:18','com.vitaflo.innova.Product','UPDATE',82),(253,'supplier','2010-06-01 12:24:18','Vitaflo U.K','horacio',NULL,'Vitaflo U.K',NULL,'2010-06-01 12:24:18','com.vitaflo.innova.Product','UPDATE',82),(254,'drug','2010-06-01 12:24:18','Mezcla de Aminoacidos','horacio',NULL,'Mezcla de Aminoacidos',NULL,'2010-06-01 12:24:18','com.vitaflo.innova.Product','UPDATE',82),(255,'price','2010-06-01 12:24:49','0.0','horacio',NULL,'645.0',NULL,'2010-06-01 12:24:49','com.vitaflo.innova.Product','UPDATE',87),(256,'supplier','2010-06-01 12:24:49','Vitaflo U.K','horacio',NULL,'Vitaflo U.K',NULL,'2010-06-01 12:24:49','com.vitaflo.innova.Product','UPDATE',87),(257,'drug','2010-06-01 12:24:49','Mezcla de Aminoacidos','horacio',NULL,'Mezcla de Aminoacidos',NULL,'2010-06-01 12:24:49','com.vitaflo.innova.Product','UPDATE',87),(258,'price','2010-06-01 12:26:00','0.0','horacio',NULL,'485.0',NULL,'2010-06-01 12:26:00','com.vitaflo.innova.Product','UPDATE',78),(259,'supplier','2010-06-01 12:26:00','Vitaflo U.K','horacio',NULL,'Vitaflo U.K',NULL,'2010-06-01 12:26:00','com.vitaflo.innova.Product','UPDATE',78),(260,'drug','2010-06-01 12:26:00','Mezcla de Aminoacidos','horacio',NULL,'Mezcla de Aminoacidos',NULL,'2010-06-01 12:26:00','com.vitaflo.innova.Product','UPDATE',78),(261,'price','2010-06-01 12:26:23','0.0','horacio',NULL,'645.0',NULL,'2010-06-01 12:26:23','com.vitaflo.innova.Product','UPDATE',77),(262,'supplier','2010-06-01 12:26:23','Vitaflo U.K','horacio',NULL,'Vitaflo U.K',NULL,'2010-06-01 12:26:23','com.vitaflo.innova.Product','UPDATE',77),(263,'drug','2010-06-01 12:26:23','Mezcla de Aminoacidos','horacio',NULL,'Mezcla de Aminoacidos',NULL,'2010-06-01 12:26:23','com.vitaflo.innova.Product','UPDATE',77),(264,'price','2010-06-01 12:26:45','0.0','horacio',NULL,'485.0',NULL,'2010-06-01 12:26:45','com.vitaflo.innova.Product','UPDATE',76),(265,'supplier','2010-06-01 12:26:45','Vitaflo U.K','horacio',NULL,'Vitaflo U.K',NULL,'2010-06-01 12:26:45','com.vitaflo.innova.Product','UPDATE',76),(266,'drug','2010-06-01 12:26:45','Mezcla de Aminoacidos','horacio',NULL,'Mezcla de Aminoacidos',NULL,'2010-06-01 12:26:45','com.vitaflo.innova.Product','UPDATE',76),(267,NULL,'2010-06-01 12:31:17',NULL,'horacio',NULL,NULL,NULL,'2010-06-01 12:31:17','com.vitaflo.innova.Proforma','INSERT',523),(268,NULL,'2010-06-14 10:31:29',NULL,'horacio',NULL,NULL,NULL,'2010-06-14 10:31:29','com.vitaflo.innova.Patient','INSERT',97),(269,NULL,'2010-06-14 10:40:50',NULL,'horacio',NULL,NULL,NULL,'2010-06-14 10:40:50','com.vitaflo.innova.Patient','INSERT',98),(270,NULL,'2010-06-14 11:23:50',NULL,'horacio',NULL,NULL,NULL,'2010-06-14 11:23:50','com.vitaflo.innova.Patient','INSERT',99),(271,NULL,'2010-06-14 11:26:54',NULL,'horacio',NULL,NULL,NULL,'2010-06-14 11:26:54','com.vitaflo.innova.Patient','INSERT',100),(272,NULL,'2010-06-14 12:10:34',NULL,'horacio',NULL,NULL,NULL,'2010-06-14 12:10:34','com.vitaflo.innova.Patient','INSERT',101),(273,NULL,'2010-06-14 14:57:01',NULL,'horacio',NULL,NULL,NULL,'2010-06-14 14:57:01','com.vitaflo.innova.Patient','INSERT',102),(274,'supplier','2010-06-14 15:31:40','Vitaflo U.K','horacio',NULL,'Vitaflo U.K',NULL,'2010-06-14 15:31:40','com.vitaflo.innova.Product','UPDATE',89),(275,'drug','2010-06-14 15:31:40','Mezcla de Aminoacidos','horacio',NULL,'Sustituto proteico libre de metionina',NULL,'2010-06-14 15:31:40','com.vitaflo.innova.Product','UPDATE',89),(276,'countries','2010-06-17 11:07:16',NULL,'horacio',NULL,'[Peru, Uruguay, Bolivia, Argentina, Ecuador, Brasil, Venezuela, Chile, Mexico, Colombia]',NULL,'2010-06-17 11:07:16','com.vitaflo.innova.User','UPDATE',8),(277,'authorities','2010-06-17 11:07:16',NULL,'horacio',NULL,'[ROLE_USER]',NULL,'2010-06-17 11:07:16','com.vitaflo.innova.User','UPDATE',8),(278,NULL,'2010-07-12 12:35:08',NULL,'horacio',NULL,NULL,NULL,'2010-07-12 12:35:08','com.vitaflo.innova.Patient','INSERT',103),(279,NULL,'2010-07-12 12:35:56',NULL,'horacio',NULL,NULL,NULL,'2010-07-12 12:35:56','com.vitaflo.innova.Patient','INSERT',104),(280,NULL,'2010-07-12 12:37:26',NULL,'horacio',NULL,NULL,NULL,'2010-07-12 12:37:26','com.vitaflo.innova.Patient','INSERT',105),(281,NULL,'2010-07-12 12:38:40',NULL,'horacio',NULL,NULL,NULL,'2010-07-12 12:38:40','com.vitaflo.innova.Patient','INSERT',106),(282,NULL,'2010-07-14 11:47:49',NULL,'horacio',NULL,NULL,NULL,'2010-07-14 11:47:49','com.vitaflo.innova.Patient','INSERT',108),(283,NULL,'2010-07-14 11:51:26',NULL,'horacio',NULL,NULL,NULL,'2010-07-14 11:51:26','com.vitaflo.innova.Patient','INSERT',109),(284,NULL,'2010-07-14 11:52:46',NULL,'horacio',NULL,NULL,NULL,'2010-07-14 11:52:46','com.vitaflo.innova.Patient','INSERT',110),(285,NULL,'2010-07-14 11:54:53',NULL,'horacio',NULL,NULL,NULL,'2010-07-14 11:54:53','com.vitaflo.innova.Patient','INSERT',111),(286,'client','2010-07-14 11:56:37','OSECAC','horacio',NULL,'IPS Tucumán',NULL,'2010-07-14 11:56:37','com.vitaflo.innova.Patient','UPDATE',111),(287,'pathology','2010-07-14 11:56:37','PKU','horacio',NULL,'Orina con olor a jarabe de Arce',NULL,'2010-07-14 11:56:37','com.vitaflo.innova.Patient','UPDATE',111),(288,'country','2010-07-14 11:56:37','Argentina','horacio',NULL,'Argentina',NULL,'2010-07-14 11:56:37','com.vitaflo.innova.Patient','UPDATE',111),(289,NULL,'2010-07-14 12:01:32',NULL,'horacio',NULL,NULL,NULL,'2010-07-14 12:01:32','com.vitaflo.innova.Patient','INSERT',112),(290,NULL,'2010-07-15 12:38:50',NULL,'horacio',NULL,NULL,NULL,'2010-07-15 12:38:50','com.vitaflo.innova.Patient','INSERT',114),(291,NULL,'2010-07-15 12:40:08',NULL,'horacio',NULL,NULL,NULL,'2010-07-15 12:40:08','com.vitaflo.innova.Patient','INSERT',115),(292,NULL,'2010-07-15 12:43:02',NULL,'horacio',NULL,NULL,NULL,'2010-07-15 12:43:02','com.vitaflo.innova.Patient','INSERT',116),(293,NULL,'2010-07-15 12:45:56',NULL,'horacio',NULL,NULL,NULL,'2010-07-15 12:45:56','com.vitaflo.innova.Patient','INSERT',117),(294,NULL,'2010-07-15 12:47:33',NULL,'horacio',NULL,NULL,NULL,'2010-07-15 12:47:33','com.vitaflo.innova.Patient','INSERT',118),(295,NULL,'2010-07-15 12:48:49',NULL,'horacio',NULL,NULL,NULL,'2010-07-15 12:48:49','com.vitaflo.innova.Patient','INSERT',119),(296,NULL,'2010-07-15 12:51:01',NULL,'horacio',NULL,NULL,NULL,'2010-07-15 12:51:01','com.vitaflo.innova.Patient','INSERT',120),(297,NULL,'2010-07-15 12:53:36',NULL,'horacio',NULL,NULL,NULL,'2010-07-15 12:53:36','com.vitaflo.innova.Patient','INSERT',121),(298,'price','2010-07-15 13:17:22','0.0','horacio',NULL,'590.0',NULL,'2010-07-15 13:17:22','com.vitaflo.innova.Product','UPDATE',66),(299,'supplier','2010-07-15 13:17:22','Vitaflo U.K','horacio',NULL,'Vitaflo U.K',NULL,'2010-07-15 13:17:22','com.vitaflo.innova.Product','UPDATE',66),(300,'drug','2010-07-15 13:17:22','Sustituto proteico libre de fenilalanina','horacio',NULL,'Sustituto proteico libre de fenilalanina',NULL,'2010-07-15 13:17:22','com.vitaflo.innova.Product','UPDATE',66),(301,'price','2010-07-15 13:17:51','0.0','horacio',NULL,'590.0',NULL,'2010-07-15 13:17:51','com.vitaflo.innova.Product','UPDATE',84),(302,'supplier','2010-07-15 13:17:51','Vitaflo U.K','horacio',NULL,'Vitaflo U.K',NULL,'2010-07-15 13:17:51','com.vitaflo.innova.Product','UPDATE',84),(303,'drug','2010-07-15 13:17:51','Sustituto proteico libre de fenilalanina','horacio',NULL,'Sustituto proteico libre de fenilalanina',NULL,'2010-07-15 13:17:51','com.vitaflo.innova.Product','UPDATE',84),(304,'price','2010-07-15 13:18:25','0.0','horacio',NULL,'590.0',NULL,'2010-07-15 13:18:25','com.vitaflo.innova.Product','UPDATE',67),(305,'supplier','2010-07-15 13:18:25','Vitaflo U.K','horacio',NULL,'Vitaflo U.K',NULL,'2010-07-15 13:18:25','com.vitaflo.innova.Product','UPDATE',67),(306,'drug','2010-07-15 13:18:25','Sustituto proteico libre de fenilalanina','horacio',NULL,'Sustituto proteico libre de fenilalanina',NULL,'2010-07-15 13:18:25','com.vitaflo.innova.Product','UPDATE',67),(307,'price','2010-07-15 13:19:59','0.0','horacio',NULL,'910.0',NULL,'2010-07-15 13:19:59','com.vitaflo.innova.Product','UPDATE',68),(308,'supplier','2010-07-15 13:19:59','Vitaflo U.K','horacio',NULL,'Vitaflo U.K',NULL,'2010-07-15 13:19:59','com.vitaflo.innova.Product','UPDATE',68),(309,'drug','2010-07-15 13:19:59','Mezcla de Aminoacidos','horacio',NULL,'Mezcla de Aminoacidos',NULL,'2010-07-15 13:19:59','com.vitaflo.innova.Product','UPDATE',68),(310,'price','2010-07-15 13:20:12','0.0','horacio',NULL,'910.0',NULL,'2010-07-15 13:20:12','com.vitaflo.innova.Product','UPDATE',85),(311,'supplier','2010-07-15 13:20:12','Vitaflo U.K','horacio',NULL,'Vitaflo U.K',NULL,'2010-07-15 13:20:12','com.vitaflo.innova.Product','UPDATE',85),(312,'drug','2010-07-15 13:20:12','Mezcla de Aminoacidos','horacio',NULL,'Mezcla de Aminoacidos',NULL,'2010-07-15 13:20:12','com.vitaflo.innova.Product','UPDATE',85),(313,'price','2010-07-15 13:20:26','0.0','horacio',NULL,'910.0',NULL,'2010-07-15 13:20:26','com.vitaflo.innova.Product','UPDATE',69),(314,'supplier','2010-07-15 13:20:26','Vitaflo U.K','horacio',NULL,'Vitaflo U.K',NULL,'2010-07-15 13:20:26','com.vitaflo.innova.Product','UPDATE',69),(315,'drug','2010-07-15 13:20:26','Mezcla de Aminoacidos','horacio',NULL,'Mezcla de Aminoacidos',NULL,'2010-07-15 13:20:26','com.vitaflo.innova.Product','UPDATE',69),(316,'price','2010-07-15 13:21:14','0.0','horacio',NULL,'1180.0',NULL,'2010-07-15 13:21:14','com.vitaflo.innova.Product','UPDATE',86),(317,'supplier','2010-07-15 13:21:14','Vitaflo U.K','horacio',NULL,'Vitaflo U.K',NULL,'2010-07-15 13:21:14','com.vitaflo.innova.Product','UPDATE',86),(318,'drug','2010-07-15 13:21:14','Mezcla de Aminoacidos','horacio',NULL,'Mezcla de Aminoacidos',NULL,'2010-07-15 13:21:14','com.vitaflo.innova.Product','UPDATE',86),(319,'price','2010-07-15 13:21:59','0.0','horacio',NULL,'430.0',NULL,'2010-07-15 13:21:59','com.vitaflo.innova.Product','UPDATE',65),(320,'supplier','2010-07-15 13:21:59','Vitaflo U.K','horacio',NULL,'Vitaflo U.K',NULL,'2010-07-15 13:21:59','com.vitaflo.innova.Product','UPDATE',65),(321,'drug','2010-07-15 13:21:59','Mezcla de Aminoacidos','horacio',NULL,'Mezcla de Aminoacidos',NULL,'2010-07-15 13:21:59','com.vitaflo.innova.Product','UPDATE',65),(322,'price','2010-07-15 13:22:21','0.0','horacio',NULL,'430.0',NULL,'2010-07-15 13:22:21','com.vitaflo.innova.Product','UPDATE',64),(323,'supplier','2010-07-15 13:22:21','Vitaflo U.K','horacio',NULL,'Vitaflo U.K',NULL,'2010-07-15 13:22:21','com.vitaflo.innova.Product','UPDATE',64),(324,'drug','2010-07-15 13:22:21','Mezcla de Aminoacidos','horacio',NULL,'Mezcla de Aminoacidos',NULL,'2010-07-15 13:22:21','com.vitaflo.innova.Product','UPDATE',64),(325,'price','2010-07-15 13:23:00','0.0','horacio',NULL,'270.0',NULL,'2010-07-15 13:23:00','com.vitaflo.innova.Product','UPDATE',62),(326,'supplier','2010-07-15 13:23:00','Vitaflo U.K','horacio',NULL,'Vitaflo U.K',NULL,'2010-07-15 13:23:00','com.vitaflo.innova.Product','UPDATE',62),(327,'drug','2010-07-15 13:23:00','Mezcla de Aminoacidos','horacio',NULL,'Mezcla de Aminoacidos',NULL,'2010-07-15 13:23:00','com.vitaflo.innova.Product','UPDATE',62),(328,'price','2010-07-15 13:23:19','0.0','horacio',NULL,'270.0',NULL,'2010-07-15 13:23:19','com.vitaflo.innova.Product','UPDATE',61),(329,'supplier','2010-07-15 13:23:19','Vitaflo U.K','horacio',NULL,'Vitaflo U.K',NULL,'2010-07-15 13:23:19','com.vitaflo.innova.Product','UPDATE',61),(330,'drug','2010-07-15 13:23:19','Mezcla de Aminoacidos','horacio',NULL,'Mezcla de Aminoacidos',NULL,'2010-07-15 13:23:19','com.vitaflo.innova.Product','UPDATE',61),(331,'price','2010-07-15 13:23:39','0.0','horacio',NULL,'270.0',NULL,'2010-07-15 13:23:39','com.vitaflo.innova.Product','UPDATE',63),(332,'supplier','2010-07-15 13:23:39','Vitaflo U.K','horacio',NULL,'Vitaflo U.K',NULL,'2010-07-15 13:23:39','com.vitaflo.innova.Product','UPDATE',63),(333,'drug','2010-07-15 13:23:39','Mezcla de Aminoacidos','horacio',NULL,'Mezcla de Aminoacidos',NULL,'2010-07-15 13:23:39','com.vitaflo.innova.Product','UPDATE',63),(334,'price','2010-07-15 13:25:23','0.0','horacio',NULL,'1180.0',NULL,'2010-07-15 13:25:23','com.vitaflo.innova.Product','UPDATE',70),(335,'supplier','2010-07-15 13:25:23','Vitaflo U.K','horacio',NULL,'Vitaflo U.K',NULL,'2010-07-15 13:25:23','com.vitaflo.innova.Product','UPDATE',70),(336,'drug','2010-07-15 13:25:23','Mezcla de Aminoacidos','horacio',NULL,'Mezcla de Aminoacidos',NULL,'2010-07-15 13:25:23','com.vitaflo.innova.Product','UPDATE',70),(337,'price','2010-07-15 13:25:42','0.0','horacio',NULL,'1180.0',NULL,'2010-07-15 13:25:42','com.vitaflo.innova.Product','UPDATE',71),(338,'supplier','2010-07-15 13:25:42','Vitaflo U.K','horacio',NULL,'Vitaflo U.K',NULL,'2010-07-15 13:25:42','com.vitaflo.innova.Product','UPDATE',71),(339,'drug','2010-07-15 13:25:42','Mezcla de Aminoacidos','horacio',NULL,'Mezcla de Aminoacidos',NULL,'2010-07-15 13:25:42','com.vitaflo.innova.Product','UPDATE',71),(340,'price','2010-07-15 13:26:12','0.0','horacio',NULL,'485.0',NULL,'2010-07-15 13:26:12','com.vitaflo.innova.Product','UPDATE',90),(341,'supplier','2010-07-15 13:26:12','Vitaflo U.K','horacio',NULL,'Vitaflo U.K',NULL,'2010-07-15 13:26:12','com.vitaflo.innova.Product','UPDATE',90),(342,'drug','2010-07-15 13:26:12','Mezcla de Aminoacidos','horacio',NULL,'Mezcla de Aminoacidos',NULL,'2010-07-15 13:26:12','com.vitaflo.innova.Product','UPDATE',90),(343,'price','2010-07-15 13:27:27','0.0','horacio',NULL,'150.0',NULL,'2010-07-15 13:27:27','com.vitaflo.innova.Product','UPDATE',81),(344,'supplier','2010-07-15 13:27:27','Vitaflo U.K','horacio',NULL,'Vitaflo U.K',NULL,'2010-07-15 13:27:27','com.vitaflo.innova.Product','UPDATE',81),(345,'drug','2010-07-15 13:27:27','Mezcla de Aminoacidos','horacio',NULL,'Mezcla de Aminoacidos',NULL,'2010-07-15 13:27:27','com.vitaflo.innova.Product','UPDATE',81),(346,'price','2010-07-15 13:27:43','0.0','horacio',NULL,'150.0',NULL,'2010-07-15 13:27:43','com.vitaflo.innova.Product','UPDATE',83),(347,'supplier','2010-07-15 13:27:43','Vitaflo U.K','horacio',NULL,'Vitaflo U.K',NULL,'2010-07-15 13:27:43','com.vitaflo.innova.Product','UPDATE',83),(348,'drug','2010-07-15 13:27:43','Mezcla de Aminoacidos','horacio',NULL,'Mezcla de Aminoacidos',NULL,'2010-07-15 13:27:43','com.vitaflo.innova.Product','UPDATE',83),(349,'price','2010-07-15 13:28:10','0.0','horacio',NULL,'38.0',NULL,'2010-07-15 13:28:10','com.vitaflo.innova.Product','UPDATE',75),(350,'supplier','2010-07-15 13:28:10','Vitaflo U.K','horacio',NULL,'Vitaflo U.K',NULL,'2010-07-15 13:28:10','com.vitaflo.innova.Product','UPDATE',75),(351,'drug','2010-07-15 13:28:10','Mezcla de Aminoacidos','horacio',NULL,'Mezcla de Aminoacidos',NULL,'2010-07-15 13:28:10','com.vitaflo.innova.Product','UPDATE',75),(352,'phone','2010-07-16 14:16:14',NULL,'Flor',NULL,'45865338',NULL,'2010-07-16 14:16:14','com.vitaflo.innova.Patient','UPDATE',113),(353,'client','2010-07-16 14:16:14','IOMA','Flor',NULL,'Obra Social de la Sanidad (OSPSABAMED)',NULL,'2010-07-16 14:16:14','com.vitaflo.innova.Patient','UPDATE',113),(354,'country','2010-07-16 14:16:14','Argentina','Flor',NULL,'Argentina',NULL,'2010-07-16 14:16:14','com.vitaflo.innova.Patient','UPDATE',113),(355,'contactName','2010-07-16 14:16:14',NULL,'Flor',NULL,'María Elena Merela (madre)',NULL,'2010-07-16 14:16:14','com.vitaflo.innova.Patient','UPDATE',113),(356,'status','2010-07-16 14:16:52','Enabled','Flor',NULL,'Deleted',NULL,'2010-07-16 14:16:52','com.vitaflo.innova.Client','UPDATE',118),(357,'status','2010-07-16 14:17:10','Enabled','Flor',NULL,'Deleted',NULL,'2010-07-16 14:17:10','com.vitaflo.innova.Client','UPDATE',105),(358,'phone','2010-07-16 14:23:55',NULL,'Flor',NULL,'52229556',NULL,'2010-07-16 14:23:55','com.vitaflo.innova.Client','UPDATE',103),(359,'email','2010-07-16 14:23:56',NULL,'Flor',NULL,'vfernandez@unionpersonal.com.ar',NULL,'2010-07-16 14:23:56','com.vitaflo.innova.Client','UPDATE',103),(360,'address','2010-07-16 14:23:56',NULL,'Flor',NULL,'Tucuman 949 (1049) CABA',NULL,'2010-07-16 14:23:56','com.vitaflo.innova.Client','UPDATE',103),(361,'contact','2010-07-16 14:23:56',NULL,'Flor',NULL,'Veronica Fernandez, Banco de Drogas',NULL,'2010-07-16 14:23:56','com.vitaflo.innova.Client','UPDATE',103),(362,'country','2010-07-16 14:23:56','Argentina','Flor',NULL,'Argentina',NULL,'2010-07-16 14:23:56','com.vitaflo.innova.Client','UPDATE',103),(363,'phone','2010-07-16 14:33:07',NULL,'Flor',NULL,'Carnicería: 4502-2078',NULL,'2010-07-16 14:33:07','com.vitaflo.innova.Patient','UPDATE',88),(364,'client','2010-07-16 14:33:07','Union Personal','Flor',NULL,'Union Personal',NULL,'2010-07-16 14:33:07','com.vitaflo.innova.Patient','UPDATE',88),(365,'dose','2010-07-16 14:33:07',NULL,'Flor',NULL,'3.0',NULL,'2010-07-16 14:33:07','com.vitaflo.innova.Patient','UPDATE',88),(366,'country','2010-07-16 14:33:07','Argentina','Flor',NULL,'Argentina',NULL,'2010-07-16 14:33:07','com.vitaflo.innova.Patient','UPDATE',88),(367,'contactName','2010-07-16 14:33:07',NULL,'Flor',NULL,'drale55@hotmail.com',NULL,'2010-07-16 14:33:07','com.vitaflo.innova.Patient','UPDATE',88),(368,'deliveryAddress','2010-07-16 14:33:07','Mercedes 4425\r\nC1419BGQ','Flor',NULL,'Mercedes 4425\r\nC1419BGQ CABA\r\nCarnicería Abuelos \r\nHorario 7 a 14,30 y 16,30 a 20 hs',NULL,'2010-07-16 14:33:07','com.vitaflo.innova.Patient','UPDATE',88),(369,'phone','2010-07-16 14:39:12',NULL,'Flor',NULL,'4510-6972',NULL,'2010-07-16 14:39:12','com.vitaflo.innova.Client','UPDATE',100),(370,'address','2010-07-16 14:39:12',NULL,'Flor',NULL,'AV. Leandro N. Alem 1067 Piso: 5º',NULL,'2010-07-16 14:39:12','com.vitaflo.innova.Client','UPDATE',100),(371,'contact','2010-07-16 14:39:12',NULL,'Flor',NULL,'Verónica Castagnino',NULL,'2010-07-16 14:39:12','com.vitaflo.innova.Client','UPDATE',100),(372,'country','2010-07-16 14:39:12','Argentina','Flor',NULL,'Argentina',NULL,'2010-07-16 14:39:12','com.vitaflo.innova.Client','UPDATE',100),(373,'phone','2010-07-16 14:43:49','4552-4276','Flor',NULL,'4552-4276- T: 4571-7416(9a 13 hs)',NULL,'2010-07-16 14:43:49','com.vitaflo.innova.Patient','UPDATE',89),(374,'client','2010-07-16 14:43:49','OSDE','Flor',NULL,'OSDE',NULL,'2010-07-16 14:43:49','com.vitaflo.innova.Patient','UPDATE',89),(375,'country','2010-07-16 14:43:49','Argentina','Flor',NULL,'Argentina',NULL,'2010-07-16 14:43:49','com.vitaflo.innova.Patient','UPDATE',89),(376,'phone','2010-07-16 14:44:08','4552-4276','Flor',NULL,'4552-4276- T: 4571-7416(9a 13 hs)',NULL,'2010-07-16 14:44:08','com.vitaflo.innova.Patient','UPDATE',89),(377,'client','2010-07-16 14:44:08','OSDE','Flor',NULL,'OSDE',NULL,'2010-07-16 14:44:08','com.vitaflo.innova.Patient','UPDATE',89),(378,'country','2010-07-16 14:44:08','Argentina','Flor',NULL,'Argentina',NULL,'2010-07-16 14:44:08','com.vitaflo.innova.Patient','UPDATE',89),(379,'doseUnit','2010-07-16 14:44:08',NULL,'Flor',NULL,'ml',NULL,'2010-07-16 14:44:08','com.vitaflo.innova.Patient','UPDATE',89),(380,'phone','2010-07-16 14:44:43','4552-4276','Flor',NULL,'4552-4276- T: 4571-7416(9a 13 hs)',NULL,'2010-07-16 14:44:43','com.vitaflo.innova.Patient','UPDATE',89),(381,'client','2010-07-16 14:44:43','OSDE','Flor',NULL,'OSDE',NULL,'2010-07-16 14:44:43','com.vitaflo.innova.Patient','UPDATE',89),(382,'dose','2010-07-16 14:44:43',NULL,'Flor',NULL,'2.0',NULL,'2010-07-16 14:44:43','com.vitaflo.innova.Patient','UPDATE',89),(383,'country','2010-07-16 14:44:43','Argentina','Flor',NULL,'Argentina',NULL,'2010-07-16 14:44:43','com.vitaflo.innova.Patient','UPDATE',89),(384,'doseUnit','2010-07-16 14:44:43',NULL,'Flor',NULL,'ml',NULL,'2010-07-16 14:44:43','com.vitaflo.innova.Patient','UPDATE',89),(385,'client','2010-07-16 14:45:03','OSDE','Flor',NULL,'OSDE',NULL,'2010-07-16 14:45:03','com.vitaflo.innova.Patient','UPDATE',89),(386,'dose','2010-07-16 14:45:03','2.0','Flor',NULL,NULL,NULL,'2010-07-16 14:45:03','com.vitaflo.innova.Patient','UPDATE',89),(387,'country','2010-07-16 14:45:03','Argentina','Flor',NULL,'Argentina',NULL,'2010-07-16 14:45:03','com.vitaflo.innova.Patient','UPDATE',89),(388,'client','2010-07-16 14:47:34','OSDE','Flor',NULL,'OSDE',NULL,'2010-07-16 14:47:34','com.vitaflo.innova.Patient','UPDATE',90),(389,'country','2010-07-16 14:47:34','Argentina','Flor',NULL,'Argentina',NULL,'2010-07-16 14:47:34','com.vitaflo.innova.Patient','UPDATE',90),(390,'deliveryAddress','2010-07-16 14:47:34','Casa del paciente\r\nEcheverria 2210 Piso 5 Dto. B','Flor',NULL,'Casa del paciente\r\nEcheverria 2210 Piso 5 Dto. B. CABA C1428DRL',NULL,'2010-07-16 14:47:34','com.vitaflo.innova.Patient','UPDATE',90),(391,'client','2010-07-16 14:49:57','OSDE','Flor',NULL,'OSDE',NULL,'2010-07-16 14:49:57','com.vitaflo.innova.Patient','UPDATE',90),(392,'country','2010-07-16 14:49:57','Argentina','Flor',NULL,'Argentina',NULL,'2010-07-16 14:49:57','com.vitaflo.innova.Patient','UPDATE',90),(393,'deliveryAddress','2010-07-16 14:49:57','Casa del paciente\r\nEcheverria 2210 Piso 5 Dto. B. CABA C1428DRL','Flor',NULL,'Casa del paciente\r\nEcheverria 2210 Piso 5 Dto. B.  C1428DRL CABA',NULL,'2010-07-16 14:49:57','com.vitaflo.innova.Patient','UPDATE',90),(394,'phone','2010-07-16 14:59:24',NULL,'Flor',NULL,'(Cel Norma)0297-156238390',NULL,'2010-07-16 14:59:24','com.vitaflo.innova.Patient','UPDATE',91),(395,'client','2010-07-16 14:59:25','Reintegro swiss medical','Flor',NULL,'Reintegro swiss medical',NULL,'2010-07-16 14:59:25','com.vitaflo.innova.Patient','UPDATE',91),(396,'country','2010-07-16 14:59:25','Argentina','Flor',NULL,'Argentina',NULL,'2010-07-16 14:59:25','com.vitaflo.innova.Patient','UPDATE',91),(397,'doseUnit','2010-07-16 14:59:25',NULL,'Flor',NULL,'ml',NULL,'2010-07-16 14:59:25','com.vitaflo.innova.Patient','UPDATE',91),(398,'contactName','2010-07-16 14:59:25',NULL,'Flor',NULL,'normachehda@live.com.ar',NULL,'2010-07-16 14:59:25','com.vitaflo.innova.Patient','UPDATE',91),(399,'deliveryAddress','2010-07-16 14:59:25','Casa del paciente, se envía encomienda x Andesmar a Terminal a nombre de Norma Chehda\r\nChacabuco 285','Flor',NULL,'Casa del paciente, se envía encomienda x Andesmar a Terminal a nombre de Norma Chehda\r\nChacabuco 285 (9400) Rio Gallegos, Santa Cruz',NULL,'2010-07-16 14:59:25','com.vitaflo.innova.Patient','UPDATE',91),(400,'phone','2010-07-16 15:07:01','4659-8755','Flor',NULL,'4659-8755 T: 4372-5905/4372-6327',NULL,'2010-07-16 15:07:01','com.vitaflo.innova.Patient','UPDATE',92),(401,'client','2010-07-16 15:07:01','OSDEPYM','Flor',NULL,'OSDEPYM',NULL,'2010-07-16 15:07:01','com.vitaflo.innova.Patient','UPDATE',92),(402,'country','2010-07-16 15:07:02','Argentina','Flor',NULL,'Argentina',NULL,'2010-07-16 15:07:02','com.vitaflo.innova.Patient','UPDATE',92),(403,'deliveryAddress','2010-07-16 15:07:02','Obra Social Rodriguez Peña 538, Tel 4373-574\r\nó trabajo madre Callao 232 Piso 7 Dto. 14','Flor',NULL,'Obra Social Rodriguez Peña 538, Tel 4373-5740/4371-8957 (Laura o Analía)\r\nó trabajo madre Callao 232 Piso 7 Dto. 14',NULL,'2010-07-16 15:07:02','com.vitaflo.innova.Patient','UPDATE',92),(404,'phone','2010-07-16 15:09:57',NULL,'Flor',NULL,'4373-5740/4371-8957',NULL,'2010-07-16 15:09:57','com.vitaflo.innova.Client','UPDATE',99),(405,'address','2010-07-16 15:09:57',NULL,'Flor',NULL,'Rodriguez Peña 538',NULL,'2010-07-16 15:09:57','com.vitaflo.innova.Client','UPDATE',99),(406,'contact','2010-07-16 15:09:57',NULL,'Flor',NULL,'Laura o Ana',NULL,'2010-07-16 15:09:57','com.vitaflo.innova.Client','UPDATE',99),(407,'country','2010-07-16 15:09:57','Argentina','Flor',NULL,'Argentina',NULL,'2010-07-16 15:09:57','com.vitaflo.innova.Client','UPDATE',99),(408,'client','2010-07-16 15:11:59','OSDE','Flor',NULL,'OSDE',NULL,'2010-07-16 15:11:59','com.vitaflo.innova.Patient','UPDATE',93),(409,'physician','2010-07-16 15:11:59','Mariana Nu&ntilde;ez','Flor',NULL,'Mariana Nu&amp;ntilde;ez',NULL,'2010-07-16 15:11:59','com.vitaflo.innova.Patient','UPDATE',93),(410,'country','2010-07-16 15:11:59','Argentina','Flor',NULL,'Argentina',NULL,'2010-07-16 15:11:59','com.vitaflo.innova.Patient','UPDATE',93),(411,'deliveryAddress','2010-07-16 15:11:59','Casa del paciente\r\nDel Nogal Nº 5, Barrio La Alameda, Nordelta','Flor',NULL,'Casa del paciente\r\nDel Nogal Nº 5, Barrio La Alameda, 1670 Nordelta Bs As',NULL,'2010-07-16 15:11:59','com.vitaflo.innova.Patient','UPDATE',93),(412,'client','2010-07-16 15:17:25','OSDEPYM','Flor',NULL,'Droguería Biológicas de Nora Witon',NULL,'2010-07-16 15:17:25','com.vitaflo.innova.Patient','UPDATE',94),(413,'physician','2010-07-16 15:17:25','Mariana Nuñez','Flor',NULL,'Mariana Nu&ntilde;ez',NULL,'2010-07-16 15:17:25','com.vitaflo.innova.Patient','UPDATE',94),(414,'country','2010-07-16 15:17:25','Argentina','Flor',NULL,'Argentina',NULL,'2010-07-16 15:17:25','com.vitaflo.innova.Patient','UPDATE',94),(415,'contactName','2010-07-16 15:17:25',NULL,'Flor',NULL,'(cel Milena) 1566754697',NULL,'2010-07-16 15:17:25','com.vitaflo.innova.Patient','UPDATE',94),(416,'deliveryAddress','2010-07-16 15:17:25','Pichincha 443, entre Dorrego y Vicente Lopez','Flor',NULL,'Pichincha 443, entre Dorrego y Vicente Lopez CP 1834 Temperley.\r\nConsultorio Hugo Bertonazzi(padre) día martes de 9 a 19 hs Viamonte 1716 Piso 1 Dto 6 CABA',NULL,'2010-07-16 15:17:25','com.vitaflo.innova.Patient','UPDATE',94),(417,'phone','2010-07-16 15:20:48','0341-156196734','Flor',NULL,'0341-156196734 /(p) 0341-4374322',NULL,'2010-07-16 15:20:48','com.vitaflo.innova.Patient','UPDATE',96),(418,'client','2010-07-16 15:20:48','OSDAAP','Flor',NULL,'OSDAAP',NULL,'2010-07-16 15:20:48','com.vitaflo.innova.Patient','UPDATE',96),(419,'country','2010-07-16 15:20:48','Argentina','Flor',NULL,'Argentina',NULL,'2010-07-16 15:20:48','com.vitaflo.innova.Patient','UPDATE',96),(420,'phone','2010-07-16 15:40:32',NULL,'Flor',NULL,'(p) 4210-2987/',NULL,'2010-07-16 15:40:32','com.vitaflo.innova.Patient','UPDATE',98),(421,'client','2010-07-16 15:40:32','OSDE','Flor',NULL,'OSDE',NULL,'2010-07-16 15:40:32','com.vitaflo.innova.Patient','UPDATE',98),(422,'country','2010-07-16 15:40:32','Argentina','Flor',NULL,'Argentina',NULL,'2010-07-16 15:40:32','com.vitaflo.innova.Patient','UPDATE',98),(423,'contactName','2010-07-16 15:40:32',NULL,'Flor',NULL,'(Madre Yesica) 1551439121',NULL,'2010-07-16 15:40:32','com.vitaflo.innova.Patient','UPDATE',98),(424,'deliveryAddress','2010-07-16 15:40:32',NULL,'Flor',NULL,'Calle 346 Nº3160 entre 381 y 382 . CP 1878 Quilmes Buenos Aires',NULL,'2010-07-16 15:40:32','com.vitaflo.innova.Patient','UPDATE',98),(425,'phone','2010-07-16 15:47:16',NULL,'Flor',NULL,'(cel Paula)  02944-15343832',NULL,'2010-07-16 15:47:16','com.vitaflo.innova.Patient','UPDATE',101),(426,'client','2010-07-16 15:47:16','IOSE','Flor',NULL,'IOSE',NULL,'2010-07-16 15:47:16','com.vitaflo.innova.Patient','UPDATE',101),(427,'country','2010-07-16 15:47:16','Argentina','Flor',NULL,'Argentina',NULL,'2010-07-16 15:47:16','com.vitaflo.innova.Patient','UPDATE',101),(428,'contactName','2010-07-16 15:47:16',NULL,'Flor',NULL,'hermana paula 02944-15689023',NULL,'2010-07-16 15:47:16','com.vitaflo.innova.Patient','UPDATE',101),(429,'deliveryAddress','2010-07-16 15:47:16',NULL,'Flor',NULL,'Centro médico del sur: sarmiento 489 (8370) San Martín de los Andes, Neuquén',NULL,'2010-07-16 15:47:16','com.vitaflo.innova.Patient','UPDATE',101),(430,'phone','2010-07-16 15:49:12',NULL,'Flor',NULL,'4964-1800 int 1777',NULL,'2010-07-16 15:49:12','com.vitaflo.innova.Client','UPDATE',108),(431,'contact','2010-07-16 15:49:12',NULL,'Flor',NULL,'Dra Otegui',NULL,'2010-07-16 15:49:12','com.vitaflo.innova.Client','UPDATE',108),(432,'country','2010-07-16 15:49:12','Argentina','Flor',NULL,'Argentina',NULL,'2010-07-16 15:49:12','com.vitaflo.innova.Client','UPDATE',108),(433,'status','2010-07-21 10:22:54','Enabled','horacio',NULL,'Deleted',NULL,'2010-07-21 10:22:54','com.vitaflo.innova.Client','UPDATE',117),(434,NULL,'2010-10-25 10:43:48',NULL,'horacio',NULL,NULL,NULL,'2010-10-25 10:43:48','com.vitaflo.innova.Proforma','INSERT',524),(435,'client','2010-10-25 10:43:49','Droguería Biológicas de Nora Witon','horacio',NULL,'Fundacion Co ME. I',NULL,'2010-10-25 10:43:49','com.vitaflo.innova.Patient','UPDATE',109),(436,NULL,'2010-10-25 10:46:15',NULL,'horacio',NULL,NULL,0,'2010-10-25 10:46:15','com.vitaflo.innova.Proforma','DELETE',524),(437,'cuit','2010-11-09 10:26:38',NULL,'Flor',NULL,NULL,NULL,'2010-11-09 10:26:38','com.vitaflo.innova.Client','UPDATE',100),(438,'contact','2010-11-09 10:26:38','Verónica Castagnino','Flor',NULL,'Ver&oacute;nica Castagnino',NULL,'2010-11-09 10:26:38','com.vitaflo.innova.Client','UPDATE',100),(439,'country','2010-11-09 10:26:38','Argentina','Flor',NULL,'Argentina',NULL,'2010-11-09 10:26:38','com.vitaflo.innova.Client','UPDATE',100),(440,'address','2010-11-09 10:26:38','AV. Leandro N. Alem 1067 Piso: 5º','Flor',NULL,'AV. Leandro N. Alem 1067 Piso: 5&ordm;',NULL,'2010-11-09 10:26:38','com.vitaflo.innova.Client','UPDATE',100),(441,'ivaResponsibleType','2010-11-09 10:26:38',NULL,'Flor',NULL,'inscripto',NULL,'2010-11-09 10:26:38','com.vitaflo.innova.Client','UPDATE',100),(442,NULL,'2010-11-09 16:05:05',NULL,'Flor',NULL,NULL,NULL,'2010-11-09 16:05:05','com.vitaflo.innova.Proforma','INSERT',525),(443,'client','2010-11-09 16:05:06','Droguería Biológicas de Nora Witon','Flor',NULL,'Fundacion Co ME. I',NULL,'2010-11-09 16:05:06','com.vitaflo.innova.Patient','UPDATE',94),(444,'phone','2010-11-09 16:08:13','0221-410-0500','Flor',NULL,NULL,NULL,'2010-11-09 16:08:13','com.vitaflo.innova.Client','UPDATE',97),(445,'cuit','2010-11-09 16:08:13',NULL,'Flor',NULL,'30665692465',NULL,'2010-11-09 16:08:13','com.vitaflo.innova.Client','UPDATE',97),(446,'contact','2010-11-09 16:08:13',NULL,'Flor',NULL,'Farmacia Sra. Daniela',NULL,'2010-11-09 16:08:13','com.vitaflo.innova.Client','UPDATE',97),(447,'country','2010-11-09 16:08:13','Argentina','Flor',NULL,'Argentina',NULL,'2010-11-09 16:08:13','com.vitaflo.innova.Client','UPDATE',97),(448,'address','2010-11-09 16:08:13','Calle 68 N° 1561 La Plata','Flor',NULL,'Lavalle 1118 Piso 5 CABA',NULL,'2010-11-09 16:08:13','com.vitaflo.innova.Client','UPDATE',97),(449,'ivaResponsibleType','2010-11-09 16:08:13',NULL,'Flor',NULL,'inscripto',NULL,'2010-11-09 16:08:13','com.vitaflo.innova.Client','UPDATE',97),(450,NULL,'2011-01-19 13:03:52',NULL,'horacio',NULL,NULL,NULL,'2011-01-19 13:03:52','com.vitaflo.innova.Proforma','INSERT',526),(451,NULL,'2011-01-19 13:15:29',NULL,'horacio',NULL,NULL,NULL,'2011-01-19 13:15:29','com.vitaflo.innova.Product','INSERT',91),(452,NULL,'2011-01-19 13:20:25',NULL,'horacio',NULL,NULL,NULL,'2011-01-19 13:20:25','com.vitaflo.innova.Drug','INSERT',54),(453,'supplier','2011-01-19 13:20:43','Vitaflo U.K','horacio',NULL,'Vitaflo U.K',NULL,'2011-01-19 13:20:43','com.vitaflo.innova.Product','UPDATE',91),(454,'drug','2011-01-19 13:20:43','de bajo contenido proteico','horacio',NULL,'Proteinas y Carbihidratos',NULL,'2011-01-19 13:20:43','com.vitaflo.innova.Product','UPDATE',91),(455,'lastName','2011-01-19 13:32:44','Vila Moret','horacio',NULL,'Pereyra Iraola',NULL,'2011-01-19 13:32:44','com.vitaflo.innova.User','UPDATE',2),(456,'passwd','2011-01-19 13:32:44','863f8f3edbcde342a53dd30d6d00b81a90e4249d','horacio',NULL,'22b698df67591c55e545afce3c77fb9a309072d3',NULL,'2011-01-19 13:32:44','com.vitaflo.innova.User','UPDATE',2),(457,'username','2011-01-19 13:32:44','edu','horacio',NULL,'CPI',NULL,'2011-01-19 13:32:44','com.vitaflo.innova.User','UPDATE',2),(458,'email','2011-01-19 13:32:44','evilamoret@vitaflo-latam.com','horacio',NULL,'cpereyra@vitaflo-latam.com',NULL,'2011-01-19 13:32:44','com.vitaflo.innova.User','UPDATE',2),(459,'firstName','2011-01-19 13:32:44','Eduardo','horacio',NULL,'Christian',NULL,'2011-01-19 13:32:44','com.vitaflo.innova.User','UPDATE',2),(460,'selPrice','2011-01-25 13:00:14',NULL,'horacio',NULL,'1239.0',NULL,'2011-01-25 13:00:14','com.vitaflo.innova.Product','UPDATE',86),(461,'buyPrice','2011-01-25 13:00:14',NULL,'horacio',NULL,'256.66',NULL,'2011-01-25 13:00:14','com.vitaflo.innova.Product','UPDATE',86),(462,'supplier','2011-01-25 13:00:14','Vitaflo U.K','horacio',NULL,'Vitaflo U.K',NULL,'2011-01-25 13:00:14','com.vitaflo.innova.Product','UPDATE',86),(463,'drug','2011-01-25 13:00:14','Mezcla de Aminoacidos','horacio',NULL,'Mezcla de Aminoacidos',NULL,'2011-01-25 13:00:14','com.vitaflo.innova.Product','UPDATE',86),(464,'selPrice','2011-01-25 13:01:26',NULL,'horacio',NULL,'1239.0',NULL,'2011-01-25 13:01:26','com.vitaflo.innova.Product','UPDATE',70),(465,'buyPrice','2011-01-25 13:01:26',NULL,'horacio',NULL,'256.66',NULL,'2011-01-25 13:01:26','com.vitaflo.innova.Product','UPDATE',70),(466,'supplier','2011-01-25 13:01:26','Vitaflo U.K','horacio',NULL,'Vitaflo U.K',NULL,'2011-01-25 13:01:26','com.vitaflo.innova.Product','UPDATE',70),(467,'drug','2011-01-25 13:01:26','Mezcla de Aminoacidos','horacio',NULL,'Mezcla de Aminoacidos',NULL,'2011-01-25 13:01:26','com.vitaflo.innova.Product','UPDATE',70),(468,'selPrice','2011-01-25 13:01:51',NULL,'horacio',NULL,'1239.0',NULL,'2011-01-25 13:01:51','com.vitaflo.innova.Product','UPDATE',71),(469,'buyPrice','2011-01-25 13:01:51',NULL,'horacio',NULL,'256.66',NULL,'2011-01-25 13:01:51','com.vitaflo.innova.Product','UPDATE',71),(470,'supplier','2011-01-25 13:01:51','Vitaflo U.K','horacio',NULL,'Vitaflo U.K',NULL,'2011-01-25 13:01:51','com.vitaflo.innova.Product','UPDATE',71),(471,'drug','2011-01-25 13:01:51','Mezcla de Aminoacidos','horacio',NULL,'Mezcla de Aminoacidos',NULL,'2011-01-25 13:01:51','com.vitaflo.innova.Product','UPDATE',71),(472,NULL,'2011-01-25 13:03:40',NULL,'horacio',NULL,NULL,NULL,'2011-01-25 13:03:40','com.vitaflo.innova.Proforma','INSERT',527),(473,NULL,'2011-01-28 14:43:45',NULL,'Flor',NULL,NULL,0,'2011-01-28 14:43:45','com.vitaflo.innova.Proforma','DELETE',528),(474,NULL,'2011-01-28 14:44:51',NULL,'Flor',NULL,NULL,NULL,'2011-01-28 14:44:51','com.vitaflo.innova.Proforma','INSERT',529),(475,NULL,'2011-01-28 14:48:30',NULL,'Flor',NULL,NULL,0,'2011-01-28 14:48:30','com.vitaflo.innova.Proforma','DELETE',529),(476,'cuit','2011-01-28 14:52:18',NULL,'Flor',NULL,'30683032227',NULL,'2011-01-28 14:52:18','com.vitaflo.innova.Client','UPDATE',103),(477,'country','2011-01-28 14:52:18','Argentina','Flor',NULL,'Argentina',NULL,'2011-01-28 14:52:18','com.vitaflo.innova.Client','UPDATE',103),(478,'ivaResponsibleType','2011-01-28 14:52:18',NULL,'Flor',NULL,'inscripto',NULL,'2011-01-28 14:52:18','com.vitaflo.innova.Client','UPDATE',103),(479,'cuit','2011-01-28 14:55:56',NULL,'Flor',NULL,'30546741253',NULL,'2011-01-28 14:55:56','com.vitaflo.innova.Client','UPDATE',100),(480,'contact','2011-01-28 14:55:56','Ver&oacute;nica Castagnino','Flor',NULL,'Compras: Veronica Castagnino',NULL,'2011-01-28 14:55:56','com.vitaflo.innova.Client','UPDATE',100),(481,'country','2011-01-28 14:55:56','Argentina','Flor',NULL,'Argentina',NULL,'2011-01-28 14:55:56','com.vitaflo.innova.Client','UPDATE',100),(482,'address','2011-01-28 14:55:56','AV. Leandro N. Alem 1067 Piso: 5&ordm;','Flor',NULL,'AV. Leandro N. Alem 1067 Piso 5',NULL,'2011-01-28 14:55:56','com.vitaflo.innova.Client','UPDATE',100),(483,'selPrice','2011-01-28 14:56:27',NULL,'horacio',NULL,'157.5',NULL,'2011-01-28 14:56:27','com.vitaflo.innova.Product','UPDATE',79),(484,'buyPrice','2011-01-28 14:56:27',NULL,'horacio',NULL,'43.74',NULL,'2011-01-28 14:56:27','com.vitaflo.innova.Product','UPDATE',79),(485,'supplier','2011-01-28 14:56:27','Vitaflo U.K','horacio',NULL,'Vitaflo U.K',NULL,'2011-01-28 14:56:27','com.vitaflo.innova.Product','UPDATE',79),(486,'drug','2011-01-28 14:56:27','arginina a base de carbohidratos','horacio',NULL,'arginina a base de carbohidratos',NULL,'2011-01-28 14:56:27','com.vitaflo.innova.Product','UPDATE',79),(487,'selPrice','2011-01-28 14:57:04',NULL,'horacio',NULL,'157.5',NULL,'2011-01-28 14:57:04','com.vitaflo.innova.Product','UPDATE',80),(488,'buyPrice','2011-01-28 14:57:04',NULL,'horacio',NULL,'43.74',NULL,'2011-01-28 14:57:04','com.vitaflo.innova.Product','UPDATE',80),(489,'supplier','2011-01-28 14:57:04','Vitaflo U.K','horacio',NULL,'Vitaflo U.K',NULL,'2011-01-28 14:57:04','com.vitaflo.innova.Product','UPDATE',80),(490,'drug','2011-01-28 14:57:04','cistina a base de carbohidratos','horacio',NULL,'cistina a base de carbohidratos',NULL,'2011-01-28 14:57:04','com.vitaflo.innova.Product','UPDATE',80),(491,'selPrice','2011-01-28 14:58:01',NULL,'horacio',NULL,'78.5',NULL,'2011-01-28 14:58:01','com.vitaflo.innova.Product','UPDATE',72),(492,'buyPrice','2011-01-28 14:58:01',NULL,'horacio',NULL,'12.9',NULL,'2011-01-28 14:58:01','com.vitaflo.innova.Product','UPDATE',72),(493,'supplier','2011-01-28 14:58:01','Vitaflo U.K','horacio',NULL,'Vitaflo U.K',NULL,'2011-01-28 14:58:01','com.vitaflo.innova.Product','UPDATE',72),(494,'drug','2011-01-28 14:58:01','Mezcla de Aminoacidos','horacio',NULL,'Mezcla de Aminoacidos',NULL,'2011-01-28 14:58:01','com.vitaflo.innova.Product','UPDATE',72),(495,'selPrice','2011-01-28 14:58:27',NULL,'horacio',NULL,'78.5',NULL,'2011-01-28 14:58:27','com.vitaflo.innova.Product','UPDATE',73),(496,'buyPrice','2011-01-28 14:58:28',NULL,'horacio',NULL,'12.9',NULL,'2011-01-28 14:58:28','com.vitaflo.innova.Product','UPDATE',73),(497,'supplier','2011-01-28 14:58:28','Vitaflo U.K','horacio',NULL,'Vitaflo U.K',NULL,'2011-01-28 14:58:28','com.vitaflo.innova.Product','UPDATE',73),(498,'drug','2011-01-28 14:58:28','Mezcla de Aminoacidos','horacio',NULL,'Mezcla de Aminoacidos',NULL,'2011-01-28 14:58:28','com.vitaflo.innova.Product','UPDATE',73),(499,'phone','2011-01-28 14:58:44',NULL,'Flor',NULL,'02966-15409704',NULL,'2011-01-28 14:58:44','com.vitaflo.innova.Client','UPDATE',120),(500,'cuit','2011-01-28 14:58:44',NULL,'Flor',NULL,NULL,NULL,'2011-01-28 14:58:44','com.vitaflo.innova.Client','UPDATE',120),(501,'contact','2011-01-28 14:58:44',NULL,'Flor',NULL,'Madre: Norma Chehda',NULL,'2011-01-28 14:58:44','com.vitaflo.innova.Client','UPDATE',120),(502,'country','2011-01-28 14:58:44','Argentina','Flor',NULL,'Argentina',NULL,'2011-01-28 14:58:44','com.vitaflo.innova.Client','UPDATE',120),(503,'address','2011-01-28 14:58:44',NULL,'Flor',NULL,'Chacabuco 285 (9400) Rio Gallegos, Santa Cruz',NULL,'2011-01-28 14:58:44','com.vitaflo.innova.Client','UPDATE',120),(504,'email','2011-01-28 14:58:44',NULL,'Flor',NULL,'normachehda@live.com.ar',NULL,'2011-01-28 14:58:44','com.vitaflo.innova.Client','UPDATE',120),(505,'name','2011-01-28 14:58:44','Reintegro swiss medical','Flor',NULL,'Luis Hernán Martinez Crespo',NULL,'2011-01-28 14:58:44','com.vitaflo.innova.Client','UPDATE',120),(506,'ivaResponsibleType','2011-01-28 14:58:44',NULL,'Flor',NULL,'exento',NULL,'2011-01-28 14:58:44','com.vitaflo.innova.Client','UPDATE',120),(507,'selPrice','2011-01-28 14:58:46',NULL,'horacio',NULL,'78.5',NULL,'2011-01-28 14:58:46','com.vitaflo.innova.Product','UPDATE',74),(508,'buyPrice','2011-01-28 14:58:46',NULL,'horacio',NULL,'12.9',NULL,'2011-01-28 14:58:46','com.vitaflo.innova.Product','UPDATE',74),(509,'supplier','2011-01-28 14:58:46','Vitaflo U.K','horacio',NULL,'Vitaflo U.K',NULL,'2011-01-28 14:58:46','com.vitaflo.innova.Product','UPDATE',74),(510,'drug','2011-01-28 14:58:46','Mezcla de Aminoacidos','horacio',NULL,'Mezcla de Aminoacidos',NULL,'2011-01-28 14:58:46','com.vitaflo.innova.Product','UPDATE',74),(511,'selPrice','2011-01-28 15:00:24',NULL,'horacio',NULL,'677.25',NULL,'2011-01-28 15:00:24','com.vitaflo.innova.Product','UPDATE',89),(512,'buyPrice','2011-01-28 15:00:24',NULL,'horacio',NULL,'304.03',NULL,'2011-01-28 15:00:24','com.vitaflo.innova.Product','UPDATE',89),(513,'supplier','2011-01-28 15:00:24','Vitaflo U.K','horacio',NULL,'Vitaflo U.K',NULL,'2011-01-28 15:00:24','com.vitaflo.innova.Product','UPDATE',89),(514,'drug','2011-01-28 15:00:24','Sustituto proteico libre de metionina','horacio',NULL,'Sustituto proteico libre de metionina',NULL,'2011-01-28 15:00:24','com.vitaflo.innova.Product','UPDATE',89),(515,'selPrice','2011-01-28 15:01:26',NULL,'horacio',NULL,'509.25',NULL,'2011-01-28 15:01:26','com.vitaflo.innova.Product','UPDATE',88),(516,'buyPrice','2011-01-28 15:01:26',NULL,'horacio',NULL,'169.9',NULL,'2011-01-28 15:01:26','com.vitaflo.innova.Product','UPDATE',88),(517,'supplier','2011-01-28 15:01:26','Vitaflo U.K','horacio',NULL,'Vitaflo U.K',NULL,'2011-01-28 15:01:26','com.vitaflo.innova.Product','UPDATE',88),(518,'drug','2011-01-28 15:01:26','Mezcla de Aminoacidos','horacio',NULL,'Mezcla de Aminoacidos',NULL,'2011-01-28 15:01:26','com.vitaflo.innova.Product','UPDATE',88),(519,'phone','2011-01-28 15:01:47',NULL,'Flor',NULL,'43823971',NULL,'2011-01-28 15:01:47','com.vitaflo.innova.Client','UPDATE',97),(520,'country','2011-01-28 15:01:47','Argentina','Flor',NULL,'Argentina',NULL,'2011-01-28 15:01:47','com.vitaflo.innova.Client','UPDATE',97),(521,'address','2011-01-28 15:01:47','Lavalle 1118 Piso 5 CABA','Flor',NULL,'Lavalle 1118 Piso 5 Dto. I CABA',NULL,'2011-01-28 15:01:47','com.vitaflo.innova.Client','UPDATE',97),(522,'selPrice','2011-01-28 15:03:19',NULL,'horacio',NULL,'157.5',NULL,'2011-01-28 15:03:19','com.vitaflo.innova.Product','UPDATE',82),(523,'buyPrice','2011-01-28 15:03:19',NULL,'horacio',NULL,'43.74',NULL,'2011-01-28 15:03:19','com.vitaflo.innova.Product','UPDATE',82),(524,'supplier','2011-01-28 15:03:20','Vitaflo U.K','horacio',NULL,'Vitaflo U.K',NULL,'2011-01-28 15:03:20','com.vitaflo.innova.Product','UPDATE',82),(525,'drug','2011-01-28 15:03:20','Mezcla de Aminoacidos','horacio',NULL,'Mezcla de Aminoacidos',NULL,'2011-01-28 15:03:20','com.vitaflo.innova.Product','UPDATE',82),(526,'phone','2011-01-28 15:06:34',NULL,'Flor',NULL,'4331-1411',NULL,'2011-01-28 15:06:34','com.vitaflo.innova.Client','UPDATE',101),(527,'cuit','2011-01-28 15:06:34',NULL,'Flor',NULL,'30709054100',NULL,'2011-01-28 15:06:34','com.vitaflo.innova.Client','UPDATE',101),(528,'contact','2011-01-28 15:06:34',NULL,'Flor',NULL,'Compras: Mara Pellegrini',NULL,'2011-01-28 15:06:34','com.vitaflo.innova.Client','UPDATE',101),(529,'country','2011-01-28 15:06:34','Argentina','Flor',NULL,'Argentina',NULL,'2011-01-28 15:06:34','com.vitaflo.innova.Client','UPDATE',101),(530,'address','2011-01-28 15:06:34',NULL,'Flor',NULL,'Venezuela 900 (1095) CABA',NULL,'2011-01-28 15:06:34','com.vitaflo.innova.Client','UPDATE',101),(531,'email','2011-01-28 15:06:34',NULL,'Flor',NULL,'mara.pellegrini@ospdep.com',NULL,'2011-01-28 15:06:34','com.vitaflo.innova.Client','UPDATE',101),(532,'ivaResponsibleType','2011-01-28 15:06:34',NULL,'Flor',NULL,'exento',NULL,'2011-01-28 15:06:34','com.vitaflo.innova.Client','UPDATE',101),(533,'selPrice','2011-01-28 15:07:32',NULL,'horacio',NULL,'619.5',NULL,'2011-01-28 15:07:32','com.vitaflo.innova.Product','UPDATE',66),(534,'buyPrice','2011-01-28 15:07:32',NULL,'horacio',NULL,'126.13',NULL,'2011-01-28 15:07:32','com.vitaflo.innova.Product','UPDATE',66),(535,'supplier','2011-01-28 15:07:32','Vitaflo U.K','horacio',NULL,'Vitaflo U.K',NULL,'2011-01-28 15:07:32','com.vitaflo.innova.Product','UPDATE',66),(536,'drug','2011-01-28 15:07:32','Sustituto proteico libre de fenilalanina','horacio',NULL,'Sustituto proteico libre de fenilalanina',NULL,'2011-01-28 15:07:32','com.vitaflo.innova.Product','UPDATE',66),(537,'selPrice','2011-01-28 15:07:59',NULL,'horacio',NULL,'619.5',NULL,'2011-01-28 15:07:59','com.vitaflo.innova.Product','UPDATE',84),(538,'buyPrice','2011-01-28 15:07:59',NULL,'horacio',NULL,'126.13',NULL,'2011-01-28 15:07:59','com.vitaflo.innova.Product','UPDATE',84),(539,'supplier','2011-01-28 15:08:00','Vitaflo U.K','horacio',NULL,'Vitaflo U.K',NULL,'2011-01-28 15:08:00','com.vitaflo.innova.Product','UPDATE',84),(540,'drug','2011-01-28 15:08:00','Sustituto proteico libre de fenilalanina','horacio',NULL,'Sustituto proteico libre de fenilalanina',NULL,'2011-01-28 15:08:00','com.vitaflo.innova.Product','UPDATE',84),(541,'selPrice','2011-01-28 15:08:41',NULL,'horacio',NULL,'619.5',NULL,'2011-01-28 15:08:41','com.vitaflo.innova.Product','UPDATE',67),(542,'buyPrice','2011-01-28 15:08:41',NULL,'horacio',NULL,'126.13',NULL,'2011-01-28 15:08:41','com.vitaflo.innova.Product','UPDATE',67),(543,'supplier','2011-01-28 15:08:41','Vitaflo U.K','horacio',NULL,'Vitaflo U.K',NULL,'2011-01-28 15:08:41','com.vitaflo.innova.Product','UPDATE',67),(544,'drug','2011-01-28 15:08:41','Sustituto proteico libre de fenilalanina','horacio',NULL,'Sustituto proteico libre de fenilalanina',NULL,'2011-01-28 15:08:41','com.vitaflo.innova.Product','UPDATE',67),(545,'phone','2011-01-28 15:10:07',NULL,'Flor',NULL,'02214211962',NULL,'2011-01-28 15:10:07','com.vitaflo.innova.Client','UPDATE',116),(546,'cuit','2011-01-28 15:10:07',NULL,'Flor',NULL,'3062824527',NULL,'2011-01-28 15:10:07','com.vitaflo.innova.Client','UPDATE',116),(547,'contact','2011-01-28 15:10:07',NULL,'Flor',NULL,'Farmacia: Susana, Valeria, Luana',NULL,'2011-01-28 15:10:07','com.vitaflo.innova.Client','UPDATE',116),(548,'country','2011-01-28 15:10:07','Argentina','Flor',NULL,'Argentina',NULL,'2011-01-28 15:10:07','com.vitaflo.innova.Client','UPDATE',116),(549,'address','2011-01-28 15:10:07',NULL,'Flor',NULL,'Calle 46 Nº 886 (1900) La Plata',NULL,'2011-01-28 15:10:07','com.vitaflo.innova.Client','UPDATE',116),(550,'name','2011-01-28 15:10:07','IOMA (Instituto de Obra Medico Asistencial)','Flor',NULL,'IOMA',NULL,'2011-01-28 15:10:07','com.vitaflo.innova.Client','UPDATE',116),(551,'ivaResponsibleType','2011-01-28 15:10:07',NULL,'Flor',NULL,'exento',NULL,'2011-01-28 15:10:07','com.vitaflo.innova.Client','UPDATE',116),(552,'selPrice','2011-01-28 15:10:20',NULL,'horacio',NULL,'955.5',NULL,'2011-01-28 15:10:20','com.vitaflo.innova.Product','UPDATE',68),(553,'buyPrice','2011-01-28 15:10:20',NULL,'horacio',NULL,'187.88',NULL,'2011-01-28 15:10:20','com.vitaflo.innova.Product','UPDATE',68),(554,'supplier','2011-01-28 15:10:20','Vitaflo U.K','horacio',NULL,'Vitaflo U.K',NULL,'2011-01-28 15:10:20','com.vitaflo.innova.Product','UPDATE',68),(555,'drug','2011-01-28 15:10:20','Mezcla de Aminoacidos','horacio',NULL,'Mezcla de Aminoacidos',NULL,'2011-01-28 15:10:20','com.vitaflo.innova.Product','UPDATE',68),(556,'selPrice','2011-01-28 15:10:44',NULL,'horacio',NULL,'955.5',NULL,'2011-01-28 15:10:44','com.vitaflo.innova.Product','UPDATE',85),(557,'buyPrice','2011-01-28 15:10:44',NULL,'horacio',NULL,'187.88',NULL,'2011-01-28 15:10:44','com.vitaflo.innova.Product','UPDATE',85),(558,'supplier','2011-01-28 15:10:44','Vitaflo U.K','horacio',NULL,'Vitaflo U.K',NULL,'2011-01-28 15:10:44','com.vitaflo.innova.Product','UPDATE',85),(559,'drug','2011-01-28 15:10:44','Mezcla de Aminoacidos','horacio',NULL,'Mezcla de Aminoacidos',NULL,'2011-01-28 15:10:44','com.vitaflo.innova.Product','UPDATE',85),(560,'selPrice','2011-01-28 15:11:04',NULL,'horacio',NULL,'955.5',NULL,'2011-01-28 15:11:04','com.vitaflo.innova.Product','UPDATE',69),(561,'buyPrice','2011-01-28 15:11:04',NULL,'horacio',NULL,'187.88',NULL,'2011-01-28 15:11:04','com.vitaflo.innova.Product','UPDATE',69),(562,'supplier','2011-01-28 15:11:04','Vitaflo U.K','horacio',NULL,'Vitaflo U.K',NULL,'2011-01-28 15:11:04','com.vitaflo.innova.Product','UPDATE',69),(563,'drug','2011-01-28 15:11:04','Mezcla de Aminoacidos','horacio',NULL,'Mezcla de Aminoacidos',NULL,'2011-01-28 15:11:04','com.vitaflo.innova.Product','UPDATE',69),(564,'selPrice','2011-01-28 15:12:22',NULL,'horacio',NULL,'283.5',NULL,'2011-01-28 15:12:22','com.vitaflo.innova.Product','UPDATE',62),(565,'buyPrice','2011-01-28 15:12:22',NULL,'horacio',NULL,'106.27',NULL,'2011-01-28 15:12:22','com.vitaflo.innova.Product','UPDATE',62),(566,'supplier','2011-01-28 15:12:23','Vitaflo U.K','horacio',NULL,'Vitaflo U.K',NULL,'2011-01-28 15:12:23','com.vitaflo.innova.Product','UPDATE',62),(567,'drug','2011-01-28 15:12:23','Mezcla de Aminoacidos','horacio',NULL,'Mezcla de Aminoacidos',NULL,'2011-01-28 15:12:23','com.vitaflo.innova.Product','UPDATE',62),(568,'phone','2011-01-28 15:12:33',NULL,'Flor',NULL,'4332-4239 / 4332-4217',NULL,'2011-01-28 15:12:33','com.vitaflo.innova.Client','UPDATE',114),(569,'cuit','2011-01-28 15:12:33',NULL,'Flor',NULL,'30550273558',NULL,'2011-01-28 15:12:33','com.vitaflo.innova.Client','UPDATE',114),(570,'contact','2011-01-28 15:12:33',NULL,'Flor',NULL,'Compras. Zulema, Leandro',NULL,'2011-01-28 15:12:33','com.vitaflo.innova.Client','UPDATE',114),(571,'country','2011-01-28 15:12:34','Argentina','Flor',NULL,'Argentina',NULL,'2011-01-28 15:12:34','com.vitaflo.innova.Client','UPDATE',114),(572,'address','2011-01-28 15:12:34',NULL,'Flor',NULL,'Moreno 648, CABA',NULL,'2011-01-28 15:12:34','com.vitaflo.innova.Client','UPDATE',114),(573,'email','2011-01-28 15:12:34',NULL,'Flor',NULL,'compras@osecac.com.ar',NULL,'2011-01-28 15:12:34','com.vitaflo.innova.Client','UPDATE',114),(574,'ivaResponsibleType','2011-01-28 15:12:34',NULL,'Flor',NULL,'inscripto',NULL,'2011-01-28 15:12:34','com.vitaflo.innova.Client','UPDATE',114),(575,'selPrice','2011-01-28 15:12:52',NULL,'horacio',NULL,'283.5',NULL,'2011-01-28 15:12:52','com.vitaflo.innova.Product','UPDATE',61),(576,'buyPrice','2011-01-28 15:12:52',NULL,'horacio',NULL,'106.27',NULL,'2011-01-28 15:12:52','com.vitaflo.innova.Product','UPDATE',61),(577,'supplier','2011-01-28 15:12:52','Vitaflo U.K','horacio',NULL,'Vitaflo U.K',NULL,'2011-01-28 15:12:52','com.vitaflo.innova.Product','UPDATE',61),(578,'drug','2011-01-28 15:12:52','Mezcla de Aminoacidos','horacio',NULL,'Mezcla de Aminoacidos',NULL,'2011-01-28 15:12:52','com.vitaflo.innova.Product','UPDATE',61),(579,'country','2011-01-28 15:13:07','Argentina','Flor',NULL,'Argentina',NULL,'2011-01-28 15:13:07','com.vitaflo.innova.Client','UPDATE',120),(580,'ivaResponsibleType','2011-01-28 15:13:07','exento','Flor',NULL,'noinscripto',NULL,'2011-01-28 15:13:07','com.vitaflo.innova.Client','UPDATE',120),(581,'selPrice','2011-01-28 15:13:10',NULL,'horacio',NULL,'283.5',NULL,'2011-01-28 15:13:10','com.vitaflo.innova.Product','UPDATE',63),(582,'buyPrice','2011-01-28 15:13:10',NULL,'horacio',NULL,'106.27',NULL,'2011-01-28 15:13:10','com.vitaflo.innova.Product','UPDATE',63),(583,'supplier','2011-01-28 15:13:10','Vitaflo U.K','horacio',NULL,'Vitaflo U.K',NULL,'2011-01-28 15:13:10','com.vitaflo.innova.Product','UPDATE',63),(584,'drug','2011-01-28 15:13:10','Mezcla de Aminoacidos','horacio',NULL,'Mezcla de Aminoacidos',NULL,'2011-01-28 15:13:10','com.vitaflo.innova.Product','UPDATE',63),(585,'selPrice','2011-01-28 15:14:18',NULL,'horacio',NULL,'451.5',NULL,'2011-01-28 15:14:18','com.vitaflo.innova.Product','UPDATE',65),(586,'buyPrice','2011-01-28 15:14:18',NULL,'horacio',NULL,'184.33',NULL,'2011-01-28 15:14:18','com.vitaflo.innova.Product','UPDATE',65),(587,'supplier','2011-01-28 15:14:18','Vitaflo U.K','horacio',NULL,'Vitaflo U.K',NULL,'2011-01-28 15:14:18','com.vitaflo.innova.Product','UPDATE',65),(588,'drug','2011-01-28 15:14:18','Mezcla de Aminoacidos','horacio',NULL,'Mezcla de Aminoacidos',NULL,'2011-01-28 15:14:18','com.vitaflo.innova.Product','UPDATE',65),(589,'selPrice','2011-01-28 15:15:04',NULL,'horacio',NULL,'451.5',NULL,'2011-01-28 15:15:04','com.vitaflo.innova.Product','UPDATE',64),(590,'buyPrice','2011-01-28 15:15:04',NULL,'horacio',NULL,'184.33',NULL,'2011-01-28 15:15:04','com.vitaflo.innova.Product','UPDATE',64),(591,'supplier','2011-01-28 15:15:04','Vitaflo U.K','horacio',NULL,'Vitaflo U.K',NULL,'2011-01-28 15:15:04','com.vitaflo.innova.Product','UPDATE',64),(592,'drug','2011-01-28 15:15:04','Mezcla de Aminoacidos','horacio',NULL,'Mezcla de Aminoacidos',NULL,'2011-01-28 15:15:04','com.vitaflo.innova.Product','UPDATE',64),(593,'selPrice','2011-01-28 15:16:02',NULL,'horacio',NULL,'509.25',NULL,'2011-01-28 15:16:02','com.vitaflo.innova.Product','UPDATE',90),(594,'buyPrice','2011-01-28 15:16:02',NULL,'horacio',NULL,'169.9',NULL,'2011-01-28 15:16:02','com.vitaflo.innova.Product','UPDATE',90),(595,'supplier','2011-01-28 15:16:03','Vitaflo U.K','horacio',NULL,'Vitaflo U.K',NULL,'2011-01-28 15:16:03','com.vitaflo.innova.Product','UPDATE',90),(596,'drug','2011-01-28 15:16:03','Mezcla de Aminoacidos','horacio',NULL,'Mezcla de Aminoacidos',NULL,'2011-01-28 15:16:03','com.vitaflo.innova.Product','UPDATE',90),(597,'selPrice','2011-01-28 15:17:29',NULL,'horacio',NULL,'157.5',NULL,'2011-01-28 15:17:29','com.vitaflo.innova.Product','UPDATE',83),(598,'buyPrice','2011-01-28 15:17:29',NULL,'horacio',NULL,'49.74',NULL,'2011-01-28 15:17:29','com.vitaflo.innova.Product','UPDATE',83),(599,'supplier','2011-01-28 15:17:29','Vitaflo U.K','horacio',NULL,'Vitaflo U.K',NULL,'2011-01-28 15:17:29','com.vitaflo.innova.Product','UPDATE',83),(600,'drug','2011-01-28 15:17:29','Mezcla de Aminoacidos','horacio',NULL,'Mezcla de Aminoacidos',NULL,'2011-01-28 15:17:29','com.vitaflo.innova.Product','UPDATE',83),(601,'buyPrice','2011-01-28 15:18:11','43.74','horacio',NULL,'49.74',NULL,'2011-01-28 15:18:11','com.vitaflo.innova.Product','UPDATE',79),(602,'supplier','2011-01-28 15:18:11','Vitaflo U.K','horacio',NULL,'Vitaflo U.K',NULL,'2011-01-28 15:18:11','com.vitaflo.innova.Product','UPDATE',79),(603,'drug','2011-01-28 15:18:11','arginina a base de carbohidratos','horacio',NULL,'arginina a base de carbohidratos',NULL,'2011-01-28 15:18:11','com.vitaflo.innova.Product','UPDATE',79),(604,'buyPrice','2011-01-28 15:18:24','43.74','horacio',NULL,'49.74',NULL,'2011-01-28 15:18:24','com.vitaflo.innova.Product','UPDATE',80),(605,'supplier','2011-01-28 15:18:24','Vitaflo U.K','horacio',NULL,'Vitaflo U.K',NULL,'2011-01-28 15:18:24','com.vitaflo.innova.Product','UPDATE',80),(606,'drug','2011-01-28 15:18:24','cistina a base de carbohidratos','horacio',NULL,'cistina a base de carbohidratos',NULL,'2011-01-28 15:18:24','com.vitaflo.innova.Product','UPDATE',80),(607,'selPrice','2011-01-28 15:19:21',NULL,'horacio',NULL,'509.25',NULL,'2011-01-28 15:19:21','com.vitaflo.innova.Product','UPDATE',76),(608,'buyPrice','2011-01-28 15:19:21',NULL,'horacio',NULL,'169.9',NULL,'2011-01-28 15:19:21','com.vitaflo.innova.Product','UPDATE',76),(609,'supplier','2011-01-28 15:19:21','Vitaflo U.K','horacio',NULL,'Vitaflo U.K',NULL,'2011-01-28 15:19:21','com.vitaflo.innova.Product','UPDATE',76),(610,'drug','2011-01-28 15:19:21','Mezcla de Aminoacidos','horacio',NULL,'Mezcla de Aminoacidos',NULL,'2011-01-28 15:19:21','com.vitaflo.innova.Product','UPDATE',76),(611,'selPrice','2011-01-28 15:20:17',NULL,'horacio',NULL,'677.25',NULL,'2011-01-28 15:20:17','com.vitaflo.innova.Product','UPDATE',77),(612,'buyPrice','2011-01-28 15:20:17',NULL,'horacio',NULL,'304.03',NULL,'2011-01-28 15:20:17','com.vitaflo.innova.Product','UPDATE',77),(613,'supplier','2011-01-28 15:20:17','Vitaflo U.K','horacio',NULL,'Vitaflo U.K',NULL,'2011-01-28 15:20:17','com.vitaflo.innova.Product','UPDATE',77),(614,'drug','2011-01-28 15:20:17','Mezcla de Aminoacidos','horacio',NULL,'Mezcla de Aminoacidos',NULL,'2011-01-28 15:20:17','com.vitaflo.innova.Product','UPDATE',77),(615,'cuit','2011-01-28 15:20:58',NULL,'Flor',NULL,'30643997734',NULL,'2011-01-28 15:20:58','com.vitaflo.innova.Client','UPDATE',102),(616,'contact','2011-01-28 15:20:58','Dra. Andrea Torre','Flor',NULL,'Compras: Santiago',NULL,'2011-01-28 15:20:58','com.vitaflo.innova.Client','UPDATE',102),(617,'country','2011-01-28 15:20:58','Argentina','Flor',NULL,'Argentina',NULL,'2011-01-28 15:20:58','com.vitaflo.innova.Client','UPDATE',102),(618,'ivaResponsibleType','2011-01-28 15:20:58',NULL,'Flor',NULL,'exento',NULL,'2011-01-28 15:20:58','com.vitaflo.innova.Client','UPDATE',102),(619,'selPrice','2011-01-28 15:21:50',NULL,'horacio',NULL,'509.25',NULL,'2011-01-28 15:21:50','com.vitaflo.innova.Product','UPDATE',78),(620,'buyPrice','2011-01-28 15:21:50',NULL,'horacio',NULL,'170.16',NULL,'2011-01-28 15:21:50','com.vitaflo.innova.Product','UPDATE',78),(621,'supplier','2011-01-28 15:21:50','Vitaflo U.K','horacio',NULL,'Vitaflo U.K',NULL,'2011-01-28 15:21:50','com.vitaflo.innova.Product','UPDATE',78),(622,'drug','2011-01-28 15:21:50','Mezcla de Aminoacidos','horacio',NULL,'Mezcla de Aminoacidos',NULL,'2011-01-28 15:21:50','com.vitaflo.innova.Product','UPDATE',78),(623,'selPrice','2011-01-28 15:22:39',NULL,'horacio',NULL,'677.25',NULL,'2011-01-28 15:22:39','com.vitaflo.innova.Product','UPDATE',87),(624,'buyPrice','2011-01-28 15:22:39',NULL,'horacio',NULL,'168.01',NULL,'2011-01-28 15:22:39','com.vitaflo.innova.Product','UPDATE',87),(625,'supplier','2011-01-28 15:22:39','Vitaflo U.K','horacio',NULL,'Vitaflo U.K',NULL,'2011-01-28 15:22:39','com.vitaflo.innova.Product','UPDATE',87),(626,'drug','2011-01-28 15:22:39','Mezcla de Aminoacidos','horacio',NULL,'Mezcla de Aminoacidos',NULL,'2011-01-28 15:22:39','com.vitaflo.innova.Product','UPDATE',87),(627,'phone','2011-01-28 15:24:17',NULL,'Flor',NULL,'4129 5438',NULL,'2011-01-28 15:24:17','com.vitaflo.innova.Client','UPDATE',96),(628,'cuit','2011-01-28 15:24:17',NULL,'Flor',NULL,'30546771314',NULL,'2011-01-28 15:24:17','com.vitaflo.innova.Client','UPDATE',96),(629,'contact','2011-01-28 15:24:17',NULL,'Flor',NULL,'Compras: Gustavo Jatar , Analía',NULL,'2011-01-28 15:24:17','com.vitaflo.innova.Client','UPDATE',96),(630,'country','2011-01-28 15:24:17','Argentina','Flor',NULL,'Argentina',NULL,'2011-01-28 15:24:17','com.vitaflo.innova.Client','UPDATE',96),(631,'address','2011-01-28 15:24:17',NULL,'Flor',NULL,'Larrea 877 Piso 2, CABA',NULL,'2011-01-28 15:24:17','com.vitaflo.innova.Client','UPDATE',96),(632,'email','2011-01-28 15:24:17',NULL,'Flor',NULL,'gjatar@medicus.com.ar',NULL,'2011-01-28 15:24:17','com.vitaflo.innova.Client','UPDATE',96),(633,'ivaResponsibleType','2011-01-28 15:24:17',NULL,'Flor',NULL,'inscripto',NULL,'2011-01-28 15:24:17','com.vitaflo.innova.Client','UPDATE',96),(634,'phone','2011-01-28 16:31:06',NULL,'Flor',NULL,'52465100',NULL,'2011-01-28 16:31:06','com.vitaflo.innova.Client','UPDATE',106),(635,'cuit','2011-01-28 16:31:06',NULL,'Flor',NULL,'30546666189',NULL,'2011-01-28 16:31:06','com.vitaflo.innova.Client','UPDATE',106),(636,'contact','2011-01-28 16:31:06',NULL,'Flor',NULL,'Patologias Especiales, Dra. Siotti',NULL,'2011-01-28 16:31:06','com.vitaflo.innova.Client','UPDATE',106),(637,'country','2011-01-28 16:31:06','Argentina','Flor',NULL,'Argentina',NULL,'2011-01-28 16:31:06','com.vitaflo.innova.Client','UPDATE',106),(638,'address','2011-01-28 16:31:06',NULL,'Flor',NULL,'Tacuarí 345, CABA',NULL,'2011-01-28 16:31:06','com.vitaflo.innova.Client','UPDATE',106),(639,'name','2011-01-28 16:31:06','OSD de la A.A.P','Flor',NULL,'OSPLAD',NULL,'2011-01-28 16:31:06','com.vitaflo.innova.Client','UPDATE',106),(640,'ivaResponsibleType','2011-01-28 16:31:06',NULL,'Flor',NULL,'inscripto',NULL,'2011-01-28 16:31:06','com.vitaflo.innova.Client','UPDATE',106),(641,NULL,'2011-01-28 16:36:16',NULL,'Flor',NULL,NULL,NULL,'2011-01-28 16:36:16','com.vitaflo.innova.Client','INSERT',121),(642,NULL,'2011-01-28 16:40:06',NULL,'Flor',NULL,NULL,NULL,'2011-01-28 16:40:06','com.vitaflo.innova.Client','INSERT',122),(643,NULL,'2011-01-28 16:48:52',NULL,'Flor',NULL,NULL,NULL,'2011-01-28 16:48:52','com.vitaflo.innova.Client','INSERT',123),(644,'contact','2011-01-28 16:59:00','Madre: Norma Chehda','Flor',NULL,'Madre: Norma Chehda',NULL,'2011-01-28 16:59:00','com.vitaflo.innova.Client','UPDATE',120),(645,'country','2011-01-28 16:59:00','Argentina','Flor',NULL,'Argentina',NULL,'2011-01-28 16:59:00','com.vitaflo.innova.Client','UPDATE',120),(646,'cuit','2011-01-28 16:59:17',NULL,'Flor',NULL,'/ Reintegro Swiss Medical Group Nº8000060796839020015',NULL,'2011-01-28 16:59:17','com.vitaflo.innova.Client','UPDATE',120),(647,'country','2011-01-28 16:59:17','Argentina','Flor',NULL,'Argentina',NULL,'2011-01-28 16:59:17','com.vitaflo.innova.Client','UPDATE',120),(648,'cuit','2011-01-28 16:59:34','/ Reintegro Swiss Medical Group Nº8000060796839020015','Flor',NULL,'Reintegro Swiss Medical Group N&ordm;8000060796839020015',NULL,'2011-01-28 16:59:34','com.vitaflo.innova.Client','UPDATE',120),(649,'country','2011-01-28 16:59:34','Argentina','Flor',NULL,'Argentina',NULL,'2011-01-28 16:59:34','com.vitaflo.innova.Client','UPDATE',120),(650,'cuit','2011-01-28 16:59:53','Reintegro Swiss Medical Group N&ordm;8000060796839020015','Flor',NULL,'Reintegro Swiss Medical Group N 8000060796839020015',NULL,'2011-01-28 16:59:53','com.vitaflo.innova.Client','UPDATE',120),(651,'country','2011-01-28 16:59:53','Argentina','Flor',NULL,'Argentina',NULL,'2011-01-28 16:59:53','com.vitaflo.innova.Client','UPDATE',120),(652,NULL,'2011-01-28 17:06:29',NULL,'Flor',NULL,NULL,NULL,'2011-01-28 17:06:29','com.vitaflo.innova.Client','INSERT',124),(653,NULL,'2011-01-28 17:10:19',NULL,'Flor',NULL,NULL,NULL,'2011-01-28 17:10:19','com.vitaflo.innova.Client','INSERT',125),(654,NULL,'2011-01-28 17:18:17',NULL,'Flor',NULL,NULL,NULL,'2011-01-28 17:18:17','com.vitaflo.innova.Client','INSERT',126),(655,NULL,'2011-01-28 17:21:15',NULL,'Flor',NULL,NULL,NULL,'2011-01-28 17:21:15','com.vitaflo.innova.Client','INSERT',127),(656,NULL,'2011-01-28 17:24:51',NULL,'Flor',NULL,NULL,NULL,'2011-01-28 17:24:51','com.vitaflo.innova.Client','INSERT',128),(657,'phone','2011-01-28 17:28:08',NULL,'Flor',NULL,'4308 2678 Int 122 / 4942 9825',NULL,'2011-01-28 17:28:08','com.vitaflo.innova.Client','UPDATE',111),(658,'cuit','2011-01-28 17:28:08',NULL,'Flor',NULL,'3058736816',NULL,'2011-01-28 17:28:08','com.vitaflo.innova.Client','UPDATE',111),(659,'contact','2011-01-28 17:28:08',NULL,'Flor',NULL,'Esther',NULL,'2011-01-28 17:28:08','com.vitaflo.innova.Client','UPDATE',111),(660,'country','2011-01-28 17:28:08','Argentina','Flor',NULL,'Argentina',NULL,'2011-01-28 17:28:08','com.vitaflo.innova.Client','UPDATE',111),(661,'address','2011-01-28 17:28:08',NULL,'Flor',NULL,'Av. Belgrano 2530, CABA',NULL,'2011-01-28 17:28:08','com.vitaflo.innova.Client','UPDATE',111),(662,'email','2011-01-28 17:28:08',NULL,'Flor',NULL,'farmacia@ospg.org.ar',NULL,'2011-01-28 17:28:08','com.vitaflo.innova.Client','UPDATE',111),(663,'name','2011-01-28 17:28:08','Obra Social de la Sanidad (OSPSABAMED)','Flor',NULL,'Obra Social del Personal Gráfico',NULL,'2011-01-28 17:28:08','com.vitaflo.innova.Client','UPDATE',111),(664,'ivaResponsibleType','2011-01-28 17:28:08',NULL,'Flor',NULL,'exento',NULL,'2011-01-28 17:28:08','com.vitaflo.innova.Client','UPDATE',111),(665,'phone','2011-01-28 17:40:40',NULL,'Flor',NULL,'Neuquen 0294215543955',NULL,'2011-01-28 17:40:40','com.vitaflo.innova.Client','UPDATE',107),(666,'cuit','2011-01-28 17:40:40',NULL,'Flor',NULL,'Inst de Seg. Social Neuquen',NULL,'2011-01-28 17:40:40','com.vitaflo.innova.Client','UPDATE',107),(667,'contact','2011-01-28 17:40:40',NULL,'Flor',NULL,'Reintegro',NULL,'2011-01-28 17:40:40','com.vitaflo.innova.Client','UPDATE',107),(668,'country','2011-01-28 17:40:40','Argentina','Flor',NULL,'Argentina',NULL,'2011-01-28 17:40:40','com.vitaflo.innova.Client','UPDATE',107),(669,'address','2011-01-28 17:40:40',NULL,'Flor',NULL,'Pte Perón 363 B. 90 Casa 63 (8340) Zapala',NULL,'2011-01-28 17:40:40','com.vitaflo.innova.Client','UPDATE',107),(670,'email','2011-01-28 17:40:40',NULL,'Flor',NULL,'anarodry_81@hotmail.com',NULL,'2011-01-28 17:40:40','com.vitaflo.innova.Client','UPDATE',107),(671,'name','2011-01-28 17:40:40','Instituto de Seguridad Social de Neuquen','Flor',NULL,'Ana Laura Parada',NULL,'2011-01-28 17:40:40','com.vitaflo.innova.Client','UPDATE',107),(672,'ivaResponsibleType','2011-01-28 17:40:40',NULL,'Flor',NULL,'noinscripto',NULL,'2011-01-28 17:40:40','com.vitaflo.innova.Client','UPDATE',107),(673,'phone','2011-01-31 11:27:47',NULL,'Flor',NULL,'Karin 0341 154687444',NULL,'2011-01-31 11:27:47','com.vitaflo.innova.Client','UPDATE',109),(674,'cuit','2011-01-31 11:27:48',NULL,'Flor',NULL,'000',NULL,'2011-01-31 11:27:48','com.vitaflo.innova.Client','UPDATE',109),(675,'contact','2011-01-31 11:27:48',NULL,'Flor',NULL,'Madre: Karin Herfarth',NULL,'2011-01-31 11:27:48','com.vitaflo.innova.Client','UPDATE',109),(676,'country','2011-01-31 11:27:48','Argentina','Flor',NULL,'Argentina',NULL,'2011-01-31 11:27:48','com.vitaflo.innova.Client','UPDATE',109),(677,'address','2011-01-31 11:27:48',NULL,'Flor',NULL,'Av. Real 9191 Country Golf (2000) Rosario',NULL,'2011-01-31 11:27:48','com.vitaflo.innova.Client','UPDATE',109),(678,'email','2011-01-31 11:27:48',NULL,'Flor',NULL,'kherfarth@mps-arg.com.ar',NULL,'2011-01-31 11:27:48','com.vitaflo.innova.Client','UPDATE',109),(679,'name','2011-01-31 11:27:48','PAMI','Flor',NULL,'Domingo Cullen',NULL,'2011-01-31 11:27:48','com.vitaflo.innova.Client','UPDATE',109),(680,'ivaResponsibleType','2011-01-31 11:27:48',NULL,'Flor',NULL,'noinscripto',NULL,'2011-01-31 11:27:48','com.vitaflo.innova.Client','UPDATE',109),(681,'phone','2011-01-31 11:31:59',NULL,'Flor',NULL,'Madre 0351 155210114',NULL,'2011-01-31 11:31:59','com.vitaflo.innova.Client','UPDATE',110),(682,'cuit','2011-01-31 11:31:59',NULL,'Flor',NULL,'000',NULL,'2011-01-31 11:31:59','com.vitaflo.innova.Client','UPDATE',110),(683,'contact','2011-01-31 11:31:59',NULL,'Flor',NULL,'Madre: Emiliana Panichelli',NULL,'2011-01-31 11:31:59','com.vitaflo.innova.Client','UPDATE',110),(684,'country','2011-01-31 11:31:59','Argentina','Flor',NULL,'Argentina',NULL,'2011-01-31 11:31:59','com.vitaflo.innova.Client','UPDATE',110),(685,'address','2011-01-31 11:31:59',NULL,'Flor',NULL,'Tafi 729, B. Parque Atlántica (5000) Cba',NULL,'2011-01-31 11:31:59','com.vitaflo.innova.Client','UPDATE',110),(686,'name','2011-01-31 11:31:59','OMINT','Flor',NULL,'Emiliana Panichelli',NULL,'2011-01-31 11:31:59','com.vitaflo.innova.Client','UPDATE',110),(687,'ivaResponsibleType','2011-01-31 11:31:59',NULL,'Flor',NULL,'noinscripto',NULL,'2011-01-31 11:31:59','com.vitaflo.innova.Client','UPDATE',110),(688,NULL,'2011-01-31 11:43:35',NULL,'Flor',NULL,NULL,NULL,'2011-01-31 11:43:35','com.vitaflo.innova.Client','INSERT',129),(689,NULL,'2011-01-31 11:49:25',NULL,'Flor',NULL,NULL,NULL,'2011-01-31 11:49:25','com.vitaflo.innova.Client','INSERT',130),(690,NULL,'2011-01-31 11:53:18',NULL,'Flor',NULL,NULL,NULL,'2011-01-31 11:53:18','com.vitaflo.innova.Client','INSERT',131),(691,'phone','2011-01-31 11:57:28',NULL,'Flor',NULL,'03814311814',NULL,'2011-01-31 11:57:28','com.vitaflo.innova.Client','UPDATE',115),(692,'cuit','2011-01-31 11:57:28',NULL,'Flor',NULL,'000',NULL,'2011-01-31 11:57:28','com.vitaflo.innova.Client','UPDATE',115),(693,'contact','2011-01-31 11:57:28',NULL,'Flor',NULL,'Abogado: José Dantur',NULL,'2011-01-31 11:57:28','com.vitaflo.innova.Client','UPDATE',115),(694,'country','2011-01-31 11:57:28','Argentina','Flor',NULL,'Argentina',NULL,'2011-01-31 11:57:28','com.vitaflo.innova.Client','UPDATE',115),(695,'address','2011-01-31 11:57:28',NULL,'Flor',NULL,'Las Piedras 530 P.4, S. M de Tucuman',NULL,'2011-01-31 11:57:28','com.vitaflo.innova.Client','UPDATE',115),(696,'name','2011-01-31 11:57:28','IPS Tucumán','Flor',NULL,'Inst de Previsión Social de Tucumán',NULL,'2011-01-31 11:57:28','com.vitaflo.innova.Client','UPDATE',115),(697,'ivaResponsibleType','2011-01-31 11:57:28',NULL,'Flor',NULL,'exento',NULL,'2011-01-31 11:57:28','com.vitaflo.innova.Client','UPDATE',115),(698,NULL,'2011-02-08 12:50:43',NULL,'Flor',NULL,NULL,NULL,'2011-02-08 12:50:43','com.vitaflo.innova.Proforma','INSERT',530),(699,NULL,'2011-02-08 13:08:43',NULL,'Flor',NULL,NULL,0,'2011-02-08 13:08:43','com.vitaflo.innova.Proforma','DELETE',527),(700,NULL,'2011-02-08 13:08:51',NULL,'Flor',NULL,NULL,0,'2011-02-08 13:08:51','com.vitaflo.innova.Proforma','DELETE',526),(701,NULL,'2011-02-08 13:08:55',NULL,'Flor',NULL,NULL,0,'2011-02-08 13:08:55','com.vitaflo.innova.Proforma','DELETE',525),(702,NULL,'2011-02-08 13:09:02',NULL,'Flor',NULL,NULL,0,'2011-02-08 13:09:02','com.vitaflo.innova.Proforma','DELETE',523),(703,'selPrice','2011-02-08 13:15:14',NULL,'horacio',NULL,'39.9',NULL,'2011-02-08 13:15:14','com.vitaflo.innova.Product','UPDATE',75),(704,'buyPrice','2011-02-08 13:15:14',NULL,'horacio',NULL,'20.0',NULL,'2011-02-08 13:15:14','com.vitaflo.innova.Product','UPDATE',75),(705,'supplier','2011-02-08 13:15:14','Vitaflo U.K','horacio',NULL,'Vitaflo U.K',NULL,'2011-02-08 13:15:14','com.vitaflo.innova.Product','UPDATE',75),(706,'drug','2011-02-08 13:15:14','Mezcla de Aminoacidos','horacio',NULL,'Mezcla de Aminoacidos',NULL,'2011-02-08 13:15:14','com.vitaflo.innova.Product','UPDATE',75),(707,'buyPrice','2011-02-08 13:16:00','20.0','horacio',NULL,'7.94',NULL,'2011-02-08 13:16:00','com.vitaflo.innova.Product','UPDATE',75),(708,'supplier','2011-02-08 13:16:00','Vitaflo U.K','horacio',NULL,'Vitaflo U.K',NULL,'2011-02-08 13:16:00','com.vitaflo.innova.Product','UPDATE',75),(709,'drug','2011-02-08 13:16:00','Mezcla de Aminoacidos','horacio',NULL,'Mezcla de Aminoacidos',NULL,'2011-02-08 13:16:00','com.vitaflo.innova.Product','UPDATE',75),(710,NULL,'2011-02-09 11:47:48',NULL,'Flor',NULL,NULL,NULL,'2011-02-09 11:47:48','com.vitaflo.innova.Proforma','INSERT',531),(711,NULL,'2011-02-25 10:58:12',NULL,'Flor',NULL,NULL,NULL,'2011-02-25 10:58:12','com.vitaflo.innova.Proforma','INSERT',532),(712,NULL,'2011-02-28 12:52:31',NULL,'Flor',NULL,NULL,NULL,'2011-02-28 12:52:31','com.vitaflo.innova.Patient','INSERT',123),(713,NULL,'2011-02-28 12:56:23',NULL,'Flor',NULL,NULL,NULL,'2011-02-28 12:56:23','com.vitaflo.innova.Proforma','INSERT',533),(714,'birth','2011-02-28 14:09:06','2010-05-18 00:00:00.0','Flor',NULL,'Fri May 18 00:00:00 ART 2007',NULL,'2011-02-28 14:09:06','com.vitaflo.innova.Patient','UPDATE',88),(715,'phone','2011-02-28 14:09:06','Carnicería: 4502-2078','Flor',NULL,'3526 9207',NULL,'2011-02-28 14:09:06','com.vitaflo.innova.Patient','UPDATE',88),(716,'client','2011-02-28 14:09:06','Union Personal','Flor',NULL,'Union Personal',NULL,'2011-02-28 14:09:06','com.vitaflo.innova.Patient','UPDATE',88),(717,'country','2011-02-28 14:09:06','Argentina','Flor',NULL,'Argentina',NULL,'2011-02-28 14:09:06','com.vitaflo.innova.Patient','UPDATE',88),(718,'deliveryAddress','2011-02-28 14:09:06','Mercedes 4425\r\nC1419BGQ CABA\r\nCarnicería Abuelos \r\nHorario 7 a 14,30 y 16,30 a 20 hs','Flor',NULL,'Av. de los Incas 5048\r\nCABA\r\nCasa Abuelos',NULL,'2011-02-28 14:09:06','com.vitaflo.innova.Patient','UPDATE',88),(719,'birth','2011-02-28 14:12:45','2010-05-26 00:00:00.0','Flor',NULL,'Sat May 26 00:00:00 ART 1990',NULL,'2011-02-28 14:12:45','com.vitaflo.innova.Patient','UPDATE',89),(720,'client','2011-02-28 14:12:45','OSDE','Flor',NULL,'OSDE',NULL,'2011-02-28 14:12:45','com.vitaflo.innova.Patient','UPDATE',89),(721,'dose','2011-02-28 14:12:45',NULL,'Flor',NULL,'2.0',NULL,'2011-02-28 14:12:45','com.vitaflo.innova.Patient','UPDATE',89),(722,'lastName','2011-02-28 14:12:45','Paszklewicz','Flor',NULL,'Paszkewicz',NULL,'2011-02-28 14:12:45','com.vitaflo.innova.Patient','UPDATE',89),(723,'country','2011-02-28 14:12:45','Argentina','Flor',NULL,'Argentina',NULL,'2011-02-28 14:12:45','com.vitaflo.innova.Patient','UPDATE',89),(724,'clinicalStatus','2011-02-28 14:12:45',NULL,'Flor',NULL,'PKU cooler 20 nja / sin sabor',NULL,'2011-02-28 14:12:45','com.vitaflo.innova.Patient','UPDATE',89),(725,'deliveryAddress','2011-02-28 14:12:45','Centro de Discapacitados Trabaja la Madre: Pje Alemania 2782 Capital (hasta las 16hs)','Flor',NULL,'Centro de Discapacitados Trabaja la Madre: Pje Alemania 2782 Capital (hasta las 16hs)\r\n\r\nDomicilio Particular:\r\nAv. Forest 1318 Piso 3 B CABA',NULL,'2011-02-28 14:12:45','com.vitaflo.innova.Patient','UPDATE',89),(726,'client','2011-02-28 14:14:08','Union Personal','Flor',NULL,'Union Personal',NULL,'2011-02-28 14:14:08','com.vitaflo.innova.Patient','UPDATE',88),(727,'country','2011-02-28 14:14:08','Argentina','Flor',NULL,'Argentina',NULL,'2011-02-28 14:14:08','com.vitaflo.innova.Patient','UPDATE',88),(728,'clinicalStatus','2011-02-28 14:14:08',NULL,'Flor',NULL,'MMAPA Gel',NULL,'2011-02-28 14:14:08','com.vitaflo.innova.Patient','UPDATE',88),(729,'birth','2011-02-28 14:28:35','2010-05-26 00:00:00.0','Flor',NULL,'Fri May 26 00:00:00 ART 2000',NULL,'2011-02-28 14:28:35','com.vitaflo.innova.Patient','UPDATE',90),(730,'client','2011-02-28 14:28:35','OSDE','Flor',NULL,'OSDE',NULL,'2011-02-28 14:28:35','com.vitaflo.innova.Patient','UPDATE',90),(731,'dose','2011-02-28 14:28:35',NULL,'Flor',NULL,'3.0',NULL,'2011-02-28 14:28:35','com.vitaflo.innova.Patient','UPDATE',90),(732,'country','2011-02-28 14:28:35','Argentina','Flor',NULL,'Argentina',NULL,'2011-02-28 14:28:35','com.vitaflo.innova.Patient','UPDATE',90),(733,'contactName','2011-02-28 14:28:35','alicia@delcarrilyasociados.com','Flor',NULL,'adelcarril@gmail.com',NULL,'2011-02-28 14:28:35','com.vitaflo.innova.Patient','UPDATE',90),(734,'clinicalStatus','2011-02-28 14:28:35',NULL,'Flor',NULL,'PKU cooler 15 naranja',NULL,'2011-02-28 14:28:35','com.vitaflo.innova.Patient','UPDATE',90),(735,'birth','2011-02-28 14:32:14','2010-05-26 00:00:00.0','Flor',NULL,'Sun May 26 00:00:00 ART 2002',NULL,'2011-02-28 14:32:14','com.vitaflo.innova.Patient','UPDATE',91),(736,'phone','2011-02-28 14:32:14','(Cel Norma)0297-156238390','Flor',NULL,'Norma: 02966 15409704',NULL,'2011-02-28 14:32:14','com.vitaflo.innova.Patient','UPDATE',91),(737,'client','2011-02-28 14:32:14','Luis Hernán Martinez Crespo','Flor',NULL,'Luis Hernán Martinez Crespo',NULL,'2011-02-28 14:32:14','com.vitaflo.innova.Patient','UPDATE',91),(738,'dose','2011-02-28 14:32:14',NULL,'Flor',NULL,'1.0',NULL,'2011-02-28 14:32:14','com.vitaflo.innova.Patient','UPDATE',91),(739,'country','2011-02-28 14:32:14','Argentina','Flor',NULL,'Argentina',NULL,'2011-02-28 14:32:14','com.vitaflo.innova.Patient','UPDATE',91),(740,'clinicalStatus','2011-02-28 14:32:14',NULL,'Flor',NULL,'PKU cooler 10 naranja',NULL,'2011-02-28 14:32:14','com.vitaflo.innova.Patient','UPDATE',91),(741,'deliveryAddress','2011-02-28 14:32:14','Casa del paciente, se envía encomienda x Andesmar a Terminal a nombre de Norma Chehda\r\nChacabuco 285 (9400) Rio Gallegos, Santa Cruz','Flor',NULL,'Norma Chehda\r\nChacabuco 285\r\n(9400) Rio Gallegos, Santa Cruz',NULL,'2011-02-28 14:32:14','com.vitaflo.innova.Patient','UPDATE',91),(742,'birth','2011-02-28 15:14:53','2010-05-27 00:00:00.0','Flor',NULL,'Sun May 27 00:00:00 ART 2007',NULL,'2011-02-28 15:14:53','com.vitaflo.innova.Patient','UPDATE',93),(743,'phone','2011-02-28 15:14:53','4871-1192','Flor',NULL,'4871-1192 / 1553296387',NULL,'2011-02-28 15:14:53','com.vitaflo.innova.Patient','UPDATE',93),(744,'client','2011-02-28 15:14:53','OSDE','Flor',NULL,'OSDE',NULL,'2011-02-28 15:14:53','com.vitaflo.innova.Patient','UPDATE',93),(745,'physician','2011-02-28 15:14:53','Mariana Nu&amp;ntilde;ez','Flor',NULL,'Mariana Nuñez',NULL,'2011-02-28 15:14:53','com.vitaflo.innova.Patient','UPDATE',93),(746,'dose','2011-02-28 15:14:53',NULL,'Flor',NULL,'3.0',NULL,'2011-02-28 15:14:53','com.vitaflo.innova.Patient','UPDATE',93),(747,'country','2011-02-28 15:14:53','Argentina','Flor',NULL,'Argentina',NULL,'2011-02-28 15:14:53','com.vitaflo.innova.Patient','UPDATE',93),(748,'contactName','2011-02-28 15:14:53','Eugenia cel 15-53296387','Flor',NULL,'Madre: Eugenia Zucchi',NULL,'2011-02-28 15:14:53','com.vitaflo.innova.Patient','UPDATE',93),(749,'clinicalStatus','2011-02-28 15:14:53',NULL,'Flor',NULL,'PKU cooler 10 naranja',NULL,'2011-02-28 15:14:53','com.vitaflo.innova.Patient','UPDATE',93),(750,'birth','2011-02-28 15:24:21','2010-05-27 00:00:00.0','Flor',NULL,'Sat May 27 00:00:00 ART 2006',NULL,'2011-02-28 15:24:21','com.vitaflo.innova.Patient','UPDATE',94),(751,'phone','2011-02-28 15:24:21','4298-9457','Flor',NULL,'4298-9457 / 15 66754697',NULL,'2011-02-28 15:24:21','com.vitaflo.innova.Patient','UPDATE',94),(752,'client','2011-02-28 15:24:21','Fundacion Co ME. I','Flor',NULL,'Fundacion Co ME. I',NULL,'2011-02-28 15:24:21','com.vitaflo.innova.Patient','UPDATE',94),(753,'physician','2011-02-28 15:24:21','Mariana Nu&ntilde;ez','Flor',NULL,'Mariana Nuñez',NULL,'2011-02-28 15:24:21','com.vitaflo.innova.Patient','UPDATE',94),(754,'dose','2011-02-28 15:24:21',NULL,'Flor',NULL,'4.0',NULL,'2011-02-28 15:24:21','com.vitaflo.innova.Patient','UPDATE',94),(755,'country','2011-02-28 15:24:21','Argentina','Flor',NULL,'Argentina',NULL,'2011-02-28 15:24:21','com.vitaflo.innova.Patient','UPDATE',94),(756,'contactName','2011-02-28 15:24:21','(cel Milena) 1566754697','Flor',NULL,'Madre: Milena Elmo',NULL,'2011-02-28 15:24:21','com.vitaflo.innova.Patient','UPDATE',94),(757,'clinicalStatus','2011-02-28 15:24:21',NULL,'Flor',NULL,'PKU gel sin sabor',NULL,'2011-02-28 15:24:21','com.vitaflo.innova.Patient','UPDATE',94),(758,'birth','2011-02-28 15:43:57','2010-05-27 00:00:00.0','Flor',NULL,'Sat May 27 00:00:00 ART 1995',NULL,'2011-02-28 15:43:57','com.vitaflo.innova.Patient','UPDATE',96),(759,'phone','2011-02-28 15:43:57','0341-156196734 /(p) 0341-4374322','Flor',NULL,'0341 156196734 /(P) 0341 4374322',NULL,'2011-02-28 15:43:57','com.vitaflo.innova.Patient','UPDATE',96),(760,'client','2011-02-28 15:43:57','OSDAAP','Flor',NULL,'OSDAAP',NULL,'2011-02-28 15:43:57','com.vitaflo.innova.Patient','UPDATE',96),(761,'dose','2011-02-28 15:43:57',NULL,'Flor',NULL,'3.0',NULL,'2011-02-28 15:43:57','com.vitaflo.innova.Patient','UPDATE',96),(762,'country','2011-02-28 15:43:57','Argentina','Flor',NULL,'Argentina',NULL,'2011-02-28 15:43:57','com.vitaflo.innova.Patient','UPDATE',96),(763,'contactName','2011-02-28 15:43:57','danbruzzone@hotmail.com','Flor',NULL,'Daniel y Karina: danbruzzone@hotmail.com',NULL,'2011-02-28 15:43:57','com.vitaflo.innova.Patient','UPDATE',96),(764,'clinicalStatus','2011-02-28 15:43:57',NULL,'Flor',NULL,'PKU cooler 15 uva',NULL,'2011-02-28 15:43:57','com.vitaflo.innova.Patient','UPDATE',96),(765,'deliveryAddress','2011-02-28 15:43:57','OS Filial Rosario: San Lorenzo 1072 Local 1, Rosario, Santa Fe.','Flor',NULL,'Filial Rosario:\r\nSan Lorenzo 1072 Local 1, (2000) Rosario, Santa Fe.',NULL,'2011-02-28 15:43:57','com.vitaflo.innova.Patient','UPDATE',96),(766,NULL,'2011-02-28 15:50:09',NULL,'Flor',NULL,NULL,NULL,'2011-02-28 15:50:09','com.vitaflo.innova.Patient','INSERT',124),(767,NULL,'2011-02-28 15:53:35',NULL,'Flor',NULL,NULL,NULL,'2011-02-28 15:53:35','com.vitaflo.innova.Patient','INSERT',125),(768,'birth','2011-02-28 15:57:03','2010-07-15 00:00:00.0','Flor',NULL,'Tue Nov 26 00:00:00 ART 2002',NULL,'2011-02-28 15:57:03','com.vitaflo.innova.Patient','UPDATE',121),(769,'phone','2011-02-28 15:57:03',NULL,'Flor',NULL,'03863 15418718',NULL,'2011-02-28 15:57:03','com.vitaflo.innova.Patient','UPDATE',121),(770,'client','2011-02-28 15:57:03','Inst de Previsión Social de Tucumán','Flor',NULL,'Inst de Previsión Social de Tucumán',NULL,'2011-02-28 15:57:03','com.vitaflo.innova.Patient','UPDATE',121),(771,'dose','2011-02-28 15:57:03',NULL,'Flor',NULL,'3.0',NULL,'2011-02-28 15:57:03','com.vitaflo.innova.Patient','UPDATE',121),(772,'country','2011-02-28 15:57:03','Argentina','Flor',NULL,'Argentina',NULL,'2011-02-28 15:57:03','com.vitaflo.innova.Patient','UPDATE',121),(773,'contactName','2011-02-28 15:57:03',NULL,'Flor',NULL,'Queca / Julio',NULL,'2011-02-28 15:57:03','com.vitaflo.innova.Patient','UPDATE',121),(774,'clinicalStatus','2011-02-28 15:57:03',NULL,'Flor',NULL,'TYR gel',NULL,'2011-02-28 15:57:03','com.vitaflo.innova.Patient','UPDATE',121),(775,'deliveryAddress','2011-02-28 15:57:03',NULL,'Flor',NULL,'Dr. José Dantur\r\nCalle Gral Paz 4017 P. 1 Dto. A\r\nSan Miguel de Tucumán',NULL,'2011-02-28 15:57:03','com.vitaflo.innova.Patient','UPDATE',121),(776,'birth','2011-02-28 16:01:35','2010-07-15 00:00:00.0','Flor',NULL,'Tue Jul 15 00:00:00 ART 1997',NULL,'2011-02-28 16:01:35','com.vitaflo.innova.Patient','UPDATE',120),(777,'phone','2011-02-28 16:01:35',NULL,'Flor',NULL,'Mabel: 15 3226 6690 / Rubén: 15 58421880',NULL,'2011-02-28 16:01:35','com.vitaflo.innova.Patient','UPDATE',120),(778,'client','2011-02-28 16:01:35','OSPIA','Flor',NULL,'OSPIA',NULL,'2011-02-28 16:01:35','com.vitaflo.innova.Patient','UPDATE',120),(779,'pathology','2011-02-28 16:01:35','PKU','Flor',NULL,'Fenilcetonuria',NULL,'2011-02-28 16:01:35','com.vitaflo.innova.Patient','UPDATE',120),(780,'physician','2011-02-28 16:01:35','Lavorgna','Flor',NULL,'Dra. Marina Szlago / Lic. Silvana Lavorgna',NULL,'2011-02-28 16:01:35','com.vitaflo.innova.Patient','UPDATE',120),(781,'dose','2011-02-28 16:01:35',NULL,'Flor',NULL,'2.0',NULL,'2011-02-28 16:01:35','com.vitaflo.innova.Patient','UPDATE',120),(782,'country','2011-02-28 16:01:35','Argentina','Flor',NULL,'Argentina',NULL,'2011-02-28 16:01:35','com.vitaflo.innova.Patient','UPDATE',120),(783,'contactName','2011-02-28 16:01:35',NULL,'Flor',NULL,'Mabel y Rubén',NULL,'2011-02-28 16:01:35','com.vitaflo.innova.Patient','UPDATE',120),(784,'clinicalStatus','2011-02-28 16:01:35',NULL,'Flor',NULL,'PKU cooler 20 uva',NULL,'2011-02-28 16:01:35','com.vitaflo.innova.Patient','UPDATE',120),(785,'deliveryAddress','2011-02-28 16:01:35',NULL,'Flor',NULL,'Compañia de los Andes\r\nRuta 8 km 17.800\r\nProv. de Bs. As.',NULL,'2011-02-28 16:01:35','com.vitaflo.innova.Patient','UPDATE',120),(786,'client','2011-02-28 16:04:06','MEDICUS S.A','Flor',NULL,'MEDICUS S.A',NULL,'2011-02-28 16:04:06','com.vitaflo.innova.Patient','UPDATE',118),(787,'pathology','2011-02-28 16:04:06','PKU','Flor',NULL,'Fenilcetonuria',NULL,'2011-02-28 16:04:06','com.vitaflo.innova.Patient','UPDATE',118),(788,'dose','2011-02-28 16:04:06',NULL,'Flor',NULL,'1.0',NULL,'2011-02-28 16:04:06','com.vitaflo.innova.Patient','UPDATE',118),(789,'country','2011-02-28 16:04:06','Argentina','Flor',NULL,'Argentina',NULL,'2011-02-28 16:04:06','com.vitaflo.innova.Patient','UPDATE',118),(790,'clinicalStatus','2011-02-28 16:04:06',NULL,'Flor',NULL,'PKU cooler 20 naranja',NULL,'2011-02-28 16:04:06','com.vitaflo.innova.Patient','UPDATE',118),(791,'deliveryAddress','2011-02-28 16:04:06',NULL,'Flor',NULL,'Medicus S.A\r\nSector Farmacia\r\nAzcuenaga 910 Subsuelo\r\nCABA',NULL,'2011-02-28 16:04:06','com.vitaflo.innova.Patient','UPDATE',118),(792,'birth','2011-02-28 16:07:06','2010-07-15 00:00:00.0','Flor',NULL,'Wed Jul 15 00:00:00 ART 1998',NULL,'2011-02-28 16:07:06','com.vitaflo.innova.Patient','UPDATE',117),(793,'phone','2011-02-28 16:07:06',NULL,'Flor',NULL,'Paola 153570 7051 /T 4305 0330',NULL,'2011-02-28 16:07:06','com.vitaflo.innova.Patient','UPDATE',117),(794,'client','2011-02-28 16:07:06','OSECAC','Flor',NULL,'OSECAC',NULL,'2011-02-28 16:07:06','com.vitaflo.innova.Patient','UPDATE',117),(795,'pathology','2011-02-28 16:07:06','PKU','Flor',NULL,'Fenilcetonuria',NULL,'2011-02-28 16:07:06','com.vitaflo.innova.Patient','UPDATE',117),(796,'physician','2011-02-28 16:07:06','Norma Specola - Mariana Nuñez','Flor',NULL,'Norma Specola - Mariana Nu&ntilde;ez',NULL,'2011-02-28 16:07:06','com.vitaflo.innova.Patient','UPDATE',117),(797,'dose','2011-02-28 16:07:06',NULL,'Flor',NULL,'4.0',NULL,'2011-02-28 16:07:06','com.vitaflo.innova.Patient','UPDATE',117),(798,'country','2011-02-28 16:07:06','Argentina','Flor',NULL,'Argentina',NULL,'2011-02-28 16:07:06','com.vitaflo.innova.Patient','UPDATE',117),(799,'contactName','2011-02-28 16:07:06',NULL,'Flor',NULL,'Paola Murua',NULL,'2011-02-28 16:07:06','com.vitaflo.innova.Patient','UPDATE',117),(800,'clinicalStatus','2011-02-28 16:07:06',NULL,'Flor',NULL,'PKU express nja / PKU cooler 15 nja y uva',NULL,'2011-02-28 16:07:06','com.vitaflo.innova.Patient','UPDATE',117),(801,'deliveryAddress','2011-02-28 16:07:06',NULL,'Flor',NULL,'OSECAC\r\nSector Farmacia\r\nMoreno 648\r\nCABA',NULL,'2011-02-28 16:07:06','com.vitaflo.innova.Patient','UPDATE',117),(802,'birth','2011-02-28 16:11:39','2010-07-15 00:00:00.0','Flor',NULL,'Sat Jul 15 00:00:00 ART 2000',NULL,'2011-02-28 16:11:39','com.vitaflo.innova.Patient','UPDATE',113),(803,'phone','2011-02-28 16:11:39','45865338','Flor',NULL,'Ma. Elena 15 61062821 / P 4586 5338',NULL,'2011-02-28 16:11:39','com.vitaflo.innova.Patient','UPDATE',113),(804,'client','2011-02-28 16:11:39','Obra Social del Personal Gráfico','Flor',NULL,'Obra Social del Personal Gráfico',NULL,'2011-02-28 16:11:39','com.vitaflo.innova.Patient','UPDATE',113),(805,'pathology','2011-02-28 16:11:39','PKU','Flor',NULL,'Fenilcetonuria',NULL,'2011-02-28 16:11:39','com.vitaflo.innova.Patient','UPDATE',113),(806,'dose','2011-02-28 16:11:39',NULL,'Flor',NULL,'2.0',NULL,'2011-02-28 16:11:39','com.vitaflo.innova.Patient','UPDATE',113),(807,'country','2011-02-28 16:11:39','Argentina','Flor',NULL,'Argentina',NULL,'2011-02-28 16:11:39','com.vitaflo.innova.Patient','UPDATE',113),(808,'contactName','2011-02-28 16:11:39','María Elena Merela (madre)','Flor',NULL,'Ma Elena Merela',NULL,'2011-02-28 16:11:39','com.vitaflo.innova.Patient','UPDATE',113),(809,'clinicalStatus','2011-02-28 16:11:39',NULL,'Flor',NULL,'PKU Express naranja / Neophe',NULL,'2011-02-28 16:11:39','com.vitaflo.innova.Patient','UPDATE',113),(810,'deliveryAddress','2011-02-28 16:11:39',NULL,'Flor',NULL,'Nazca 1854 Piso 7 Dto. C\r\nCABA',NULL,'2011-02-28 16:11:39','com.vitaflo.innova.Patient','UPDATE',113),(811,'client','2011-02-28 16:13:10','Prestadores Sanatoriales S.A','Flor',NULL,'Prestadores Sanatoriales S.A',NULL,'2011-02-28 16:13:10','com.vitaflo.innova.Patient','UPDATE',123),(812,'pathology','2011-02-28 16:13:10','PKU','Flor',NULL,'Fenilcetonuria',NULL,'2011-02-28 16:13:10','com.vitaflo.innova.Patient','UPDATE',123),(813,'country','2011-02-28 16:13:10','Argentina','Flor',NULL,'Argentina',NULL,'2011-02-28 16:13:10','com.vitaflo.innova.Patient','UPDATE',123),(814,'contactName','2011-02-28 16:13:10','Patricia Mendez (Mamá)','Flor',NULL,'Patricia Mendez (Mam&aacute;)',NULL,'2011-02-28 16:13:10','com.vitaflo.innova.Patient','UPDATE',123),(815,'clinicalStatus','2011-02-28 16:13:10','OK','Flor',NULL,'PKU gel sin sabor',NULL,'2011-02-28 16:13:10','com.vitaflo.innova.Patient','UPDATE',123),(816,NULL,'2011-02-28 16:19:05',NULL,'Flor',NULL,NULL,NULL,'2011-02-28 16:19:05','com.vitaflo.innova.Patient','INSERT',126),(817,'birth','2011-02-28 16:24:06','2010-07-14 00:00:00.0','Flor',NULL,'Tue Sep 23 00:00:00 ART 1986',NULL,'2011-02-28 16:24:06','com.vitaflo.innova.Patient','UPDATE',111),(818,'phone','2011-02-28 16:24:06',NULL,'Flor',NULL,'Mercedes: 03863 15515228',NULL,'2011-02-28 16:24:06','com.vitaflo.innova.Patient','UPDATE',111),(819,'client','2011-02-28 16:24:06','Inst de Previsión Social de Tucumán','Flor',NULL,'Inst de Previsión Social de Tucumán',NULL,'2011-02-28 16:24:06','com.vitaflo.innova.Patient','UPDATE',111),(820,'dose','2011-02-28 16:24:06',NULL,'Flor',NULL,'2.0',NULL,'2011-02-28 16:24:06','com.vitaflo.innova.Patient','UPDATE',111),(821,'country','2011-02-28 16:24:06','Argentina','Flor',NULL,'Argentina',NULL,'2011-02-28 16:24:06','com.vitaflo.innova.Patient','UPDATE',111),(822,'contactName','2011-02-28 16:24:06',NULL,'Flor',NULL,'Mercedes del Valle Prat (Madre)',NULL,'2011-02-28 16:24:06','com.vitaflo.innova.Patient','UPDATE',111),(823,'clinicalStatus','2011-02-28 16:24:06',NULL,'Flor',NULL,'MSUD Express 40',NULL,'2011-02-28 16:24:06','com.vitaflo.innova.Patient','UPDATE',111),(824,'deliveryAddress','2011-02-28 16:24:06',NULL,'Flor',NULL,'25 de Mayo 130\r\nSimoca, Tucumán',NULL,'2011-02-28 16:24:06','com.vitaflo.innova.Patient','UPDATE',111),(825,'birth','2011-02-28 16:30:07','2010-07-14 00:00:00.0','Flor',NULL,'Thu Jul 14 00:00:00 ART 2005',NULL,'2011-02-28 16:30:07','com.vitaflo.innova.Patient','UPDATE',112),(826,'phone','2011-02-28 16:30:07',NULL,'Flor',NULL,'0221 155410500 / 0221 4712355',NULL,'2011-02-28 16:30:07','com.vitaflo.innova.Patient','UPDATE',112),(827,'client','2011-02-28 16:30:07','OSDE','Flor',NULL,'OSDE',NULL,'2011-02-28 16:30:07','com.vitaflo.innova.Patient','UPDATE',112),(828,'country','2011-02-28 16:30:07','Argentina','Flor',NULL,'Argentina',NULL,'2011-02-28 16:30:07','com.vitaflo.innova.Patient','UPDATE',112),(829,'contactName','2011-02-28 16:30:07',NULL,'Flor',NULL,'Cecilia Piaggio',NULL,'2011-02-28 16:30:07','com.vitaflo.innova.Patient','UPDATE',112),(830,'clinicalStatus','2011-02-28 16:30:07',NULL,'Flor',NULL,'PKU cooler 10 uva (para vacaciones)',NULL,'2011-02-28 16:30:07','com.vitaflo.innova.Patient','UPDATE',112),(831,'deliveryAddress','2011-02-28 16:30:07',NULL,'Flor',NULL,'Calle 20 N4231\r\n(entre 489 Y 490)\r\n1900 - La Plata',NULL,'2011-02-28 16:30:07','com.vitaflo.innova.Patient','UPDATE',112),(832,'birth','2011-02-28 16:33:41','2010-06-14 00:00:00.0','Flor',NULL,'Thu Jun 14 00:00:00 ART 2001',NULL,'2011-02-28 16:33:41','com.vitaflo.innova.Patient','UPDATE',98),(833,'phone','2011-02-28 16:33:41','(p) 4210-2987/','Flor',NULL,'4210-2987/15 514339121',NULL,'2011-02-28 16:33:41','com.vitaflo.innova.Patient','UPDATE',98),(834,'client','2011-02-28 16:33:41','OSDE','Flor',NULL,'OSDE',NULL,'2011-02-28 16:33:41','com.vitaflo.innova.Patient','UPDATE',98),(835,'country','2011-02-28 16:33:41','Argentina','Flor',NULL,'Argentina',NULL,'2011-02-28 16:33:41','com.vitaflo.innova.Patient','UPDATE',98),(836,'contactName','2011-02-28 16:33:41','(Madre Yesica) 1551439121','Flor',NULL,'Madre Yesica',NULL,'2011-02-28 16:33:41','com.vitaflo.innova.Patient','UPDATE',98),(837,'clinicalStatus','2011-02-28 16:33:41',NULL,'Flor',NULL,'VitaBite',NULL,'2011-02-28 16:33:41','com.vitaflo.innova.Patient','UPDATE',98),(838,'deliveryAddress','2011-02-28 16:33:41','Calle 346 Nº3160 entre 381 y 382 . CP 1878 Quilmes Buenos Aires','Flor',NULL,'Calle 346 Nº3160 \r\nentre 381 y 382\r\n(1878) Quilmes Buenos Aires',NULL,'2011-02-28 16:33:41','com.vitaflo.innova.Patient','UPDATE',98),(839,NULL,'2011-02-28 16:39:56',NULL,'Flor',NULL,NULL,NULL,'2011-02-28 16:39:56','com.vitaflo.innova.Patient','INSERT',127),(840,NULL,'2011-02-28 16:44:28',NULL,'Flor',NULL,NULL,NULL,'2011-02-28 16:44:28','com.vitaflo.innova.Patient','INSERT',128),(841,'birth','2011-02-28 16:49:15','2010-07-15 00:00:00.0','Flor',NULL,'Fri Oct 24 00:00:00 ARST 2008',NULL,'2011-02-28 16:49:15','com.vitaflo.innova.Patient','UPDATE',114),(842,'phone','2011-02-28 16:49:15',NULL,'Flor',NULL,'03488 516965 / 15 54256084',NULL,'2011-02-28 16:49:15','com.vitaflo.innova.Patient','UPDATE',114),(843,'client','2011-02-28 16:49:15','IOMA','Flor',NULL,'IOMA',NULL,'2011-02-28 16:49:15','com.vitaflo.innova.Patient','UPDATE',114),(844,'physician','2011-02-28 16:49:15','Norma Specola - Ana La Rosa','Flor',NULL,'Norma Specola',NULL,'2011-02-28 16:49:15','com.vitaflo.innova.Patient','UPDATE',114),(845,'dose','2011-02-28 16:49:15',NULL,'Flor',NULL,'17.0',NULL,'2011-02-28 16:49:15','com.vitaflo.innova.Patient','UPDATE',114),(846,'country','2011-02-28 16:49:15','Argentina','Flor',NULL,'Argentina',NULL,'2011-02-28 16:49:15','com.vitaflo.innova.Patient','UPDATE',114),(847,'contactName','2011-02-28 16:49:15',NULL,'Flor',NULL,'Mauricio (padre) mauriwata@yahoo.com.ar',NULL,'2011-02-28 16:49:15','com.vitaflo.innova.Patient','UPDATE',114),(848,'clinicalStatus','2011-02-28 16:49:15',NULL,'Flor',NULL,'2 MMAPA gel',NULL,'2011-02-28 16:49:15','com.vitaflo.innova.Patient','UPDATE',114),(849,'deliveryAddress','2011-02-28 16:49:15',NULL,'Flor',NULL,'Gabriela (Hermana)\r\nAv. Dorrego 2765 Piso 17 Dto.A \r\n2do cuerpo, CABA',NULL,'2011-02-28 16:49:15','com.vitaflo.innova.Patient','UPDATE',114),(850,'birth','2011-02-28 16:54:24','2010-07-12 00:00:00.0','Flor',NULL,'Sun Jul 12 00:00:00 ART 2009',NULL,'2011-02-28 16:54:24','com.vitaflo.innova.Patient','UPDATE',105),(851,'phone','2011-02-28 16:54:24',NULL,'Flor',NULL,'P: 4006 8260',NULL,'2011-02-28 16:54:24','com.vitaflo.innova.Patient','UPDATE',105),(852,'client','2011-02-28 16:54:24','AMUR','Flor',NULL,'Leonardo Chialva',NULL,'2011-02-28 16:54:24','com.vitaflo.innova.Patient','UPDATE',105),(853,'pathology','2011-02-28 16:54:24','PKU','Flor',NULL,'Fenilcetonuria',NULL,'2011-02-28 16:54:24','com.vitaflo.innova.Patient','UPDATE',105),(854,'physician','2011-02-28 16:54:24','Mariana Nuñez / Ana La Rosa','Flor',NULL,'Mariana Nuñez',NULL,'2011-02-28 16:54:24','com.vitaflo.innova.Patient','UPDATE',105),(855,'country','2011-02-28 16:54:24','Argentina','Flor',NULL,'Argentina',NULL,'2011-02-28 16:54:24','com.vitaflo.innova.Patient','UPDATE',105),(856,'contactName','2011-02-28 16:54:24',NULL,'Flor',NULL,'Paola Cavacliacco: paolacav@hotmail.com',NULL,'2011-02-28 16:54:24','com.vitaflo.innova.Patient','UPDATE',105),(857,'clinicalStatus','2011-02-28 16:54:24',NULL,'Flor',NULL,'VitaBite',NULL,'2011-02-28 16:54:24','com.vitaflo.innova.Patient','UPDATE',105),(858,'deliveryAddress','2011-02-28 16:54:24',NULL,'Flor',NULL,'Leonardo Chialva (Padre)\r\nLeandro N. Alem 651 Piso 3\r\nCABA \r\nHorario: 10 a 17hs',NULL,'2011-02-28 16:54:24','com.vitaflo.innova.Patient','UPDATE',105),(859,NULL,'2011-02-28 16:58:07',NULL,'Flor',NULL,NULL,NULL,'2011-02-28 16:58:07','com.vitaflo.innova.Patient','INSERT',129),(860,NULL,'2011-02-28 17:09:00',NULL,'Flor',NULL,NULL,NULL,'2011-02-28 17:09:00','com.vitaflo.innova.Patient','INSERT',130),(861,'client','2011-02-28 17:24:23','Obra Social del Personal Gráfico','Flor',NULL,'Obra Social del Personal Gráfico',NULL,'2011-02-28 17:24:23','com.vitaflo.innova.Patient','UPDATE',107),(862,'country','2011-02-28 17:24:23','Argentina','Flor',NULL,'Argentina',NULL,'2011-02-28 17:24:23','com.vitaflo.innova.Patient','UPDATE',107),(863,'clinicalStatus','2011-02-28 17:24:23',NULL,'Flor',NULL,'VitaBite',NULL,'2011-02-28 17:24:23','com.vitaflo.innova.Patient','UPDATE',107),(864,NULL,'2011-02-28 17:28:13',NULL,'Flor',NULL,NULL,NULL,'2011-02-28 17:28:13','com.vitaflo.innova.Patient','INSERT',131),(865,NULL,'2011-02-28 17:30:18',NULL,'Flor',NULL,NULL,NULL,'2011-02-28 17:30:18','com.vitaflo.innova.Patient','INSERT',132),(866,NULL,'2011-02-28 17:33:51',NULL,'Flor',NULL,NULL,NULL,'2011-02-28 17:33:51','com.vitaflo.innova.Patient','INSERT',133),(867,'client','2011-02-28 17:35:20','AMUR','Flor',NULL,'Ana Laura Parada',NULL,'2011-02-28 17:35:20','com.vitaflo.innova.Patient','UPDATE',103),(868,'pathology','2011-02-28 17:35:20','PKU','Flor',NULL,'Fenilcetonuria',NULL,'2011-02-28 17:35:20','com.vitaflo.innova.Patient','UPDATE',103),(869,'physician','2011-02-28 17:35:20','Ana Chiesa / Claudia Fraga FEI','Flor',NULL,'Ana Chiesa',NULL,'2011-02-28 17:35:20','com.vitaflo.innova.Patient','UPDATE',103),(870,'country','2011-02-28 17:35:20','Argentina','Flor',NULL,'Argentina',NULL,'2011-02-28 17:35:20','com.vitaflo.innova.Patient','UPDATE',103),(871,NULL,'2011-02-28 17:40:00',NULL,'Flor',NULL,NULL,NULL,'2011-02-28 17:40:00','com.vitaflo.innova.Patient','INSERT',134),(872,NULL,'2011-02-28 17:42:00',NULL,'Flor',NULL,NULL,NULL,'2011-02-28 17:42:00','com.vitaflo.innova.Client','INSERT',132),(873,'client','2011-02-28 17:43:03','Ana Laura Parada','Flor',NULL,'Hospital de Niños Dr. Orlando Alassia',NULL,'2011-02-28 17:43:03','com.vitaflo.innova.Patient','UPDATE',134),(874,'country','2011-02-28 17:43:03','Argentina','Flor',NULL,'Argentina',NULL,'2011-02-28 17:43:03','com.vitaflo.innova.Patient','UPDATE',134),(875,NULL,'2011-02-28 17:46:26',NULL,'Flor',NULL,NULL,NULL,'2011-02-28 17:46:26','com.vitaflo.innova.Patient','INSERT',135),(876,NULL,'2011-02-28 17:47:43',NULL,'Flor',NULL,NULL,NULL,'2011-02-28 17:47:43','com.vitaflo.innova.Client','INSERT',133),(877,'client','2011-02-28 17:48:35','Ana Laura Parada','Flor',NULL,'PAMI',NULL,'2011-02-28 17:48:35','com.vitaflo.innova.Patient','UPDATE',135),(878,'country','2011-02-28 17:48:35','Argentina','Flor',NULL,'Argentina',NULL,'2011-02-28 17:48:35','com.vitaflo.innova.Patient','UPDATE',135),(879,'birth','2011-02-28 17:59:21','2010-07-15 00:00:00.0','Flor',NULL,'Fri Jul 15 00:00:00 ART 1988',NULL,'2011-02-28 17:59:21','com.vitaflo.innova.Patient','UPDATE',116),(880,'phone','2011-02-28 17:59:21',NULL,'Flor',NULL,'1559373301',NULL,'2011-02-28 17:59:21','com.vitaflo.innova.Patient','UPDATE',116),(881,'client','2011-02-28 17:59:21','Domingo Cullen','Flor',NULL,'PAMI',NULL,'2011-02-28 17:59:21','com.vitaflo.innova.Patient','UPDATE',116),(882,'dose','2011-02-28 17:59:21',NULL,'Flor',NULL,'40.0',NULL,'2011-02-28 17:59:21','com.vitaflo.innova.Patient','UPDATE',116),(883,'country','2011-02-28 17:59:21','Argentina','Flor',NULL,'Argentina',NULL,'2011-02-28 17:59:21','com.vitaflo.innova.Patient','UPDATE',116),(884,'contactName','2011-02-28 17:59:21',NULL,'Flor',NULL,'Stella Maris',NULL,'2011-02-28 17:59:21','com.vitaflo.innova.Patient','UPDATE',116),(885,'clinicalStatus','2011-02-28 17:59:21',NULL,'Flor',NULL,'PKU express nja / PKU cooler 20 uva',NULL,'2011-02-28 17:59:21','com.vitaflo.innova.Patient','UPDATE',116),(886,'deliveryAddress','2011-02-28 17:59:21',NULL,'Flor',NULL,'Thorne 1326 Piso 3 Dto. C\r\nParque Chacabuco\r\nCABA',NULL,'2011-02-28 17:59:21','com.vitaflo.innova.Patient','UPDATE',116),(887,'status','2011-02-28 18:00:15','Enabled','Flor',NULL,'Deleted',NULL,'2011-02-28 18:00:15','com.vitaflo.innova.Patient','UPDATE',103),(888,NULL,'2011-03-01 12:31:16',NULL,'Flor',NULL,NULL,NULL,'2011-03-01 12:31:16','com.vitaflo.innova.Patient','INSERT',136),(889,NULL,'2011-03-01 12:32:29',NULL,'Flor',NULL,NULL,NULL,'2011-03-01 12:32:29','com.vitaflo.innova.Client','INSERT',134),(890,'client','2011-03-01 12:33:05','Ana Laura Parada','Flor',NULL,'Familia Amoedo',NULL,'2011-03-01 12:33:05','com.vitaflo.innova.Patient','UPDATE',136),(891,'country','2011-03-01 12:33:05','Argentina','Flor',NULL,'Argentina',NULL,'2011-03-01 12:33:05','com.vitaflo.innova.Patient','UPDATE',136),(892,NULL,'2011-03-01 12:48:18',NULL,'Flor',NULL,NULL,NULL,'2011-03-01 12:48:18','com.vitaflo.innova.Patient','INSERT',137),(893,NULL,'2011-03-01 12:48:49',NULL,'Flor',NULL,NULL,NULL,'2011-03-01 12:48:49','com.vitaflo.innova.Client','INSERT',135),(894,'client','2011-03-01 12:49:49','Ana Laura Parada','Flor',NULL,'Familia Ramos',NULL,'2011-03-01 12:49:49','com.vitaflo.innova.Patient','UPDATE',137),(895,'country','2011-03-01 12:49:49','Argentina','Flor',NULL,'Argentina',NULL,'2011-03-01 12:49:49','com.vitaflo.innova.Patient','UPDATE',137),(896,NULL,'2011-03-01 13:21:46',NULL,'Flor',NULL,NULL,NULL,'2011-03-01 13:21:46','com.vitaflo.innova.Client','INSERT',136),(897,NULL,'2011-03-01 13:26:04',NULL,'Flor',NULL,NULL,NULL,'2011-03-01 13:26:04','com.vitaflo.innova.Patient','INSERT',138),(898,'birth','2011-03-01 13:31:06','2010-06-14 00:00:00.0','Flor',NULL,'Thu Jun 14 00:00:00 ART 2007',NULL,'2011-03-01 13:31:06','com.vitaflo.innova.Patient','UPDATE',99),(899,'phone','2011-03-01 13:31:06',NULL,'Flor',NULL,'0341 154687444',NULL,'2011-03-01 13:31:06','com.vitaflo.innova.Patient','UPDATE',99),(900,'client','2011-03-01 13:31:06','MEDICUS S.A','Flor',NULL,'MEDICUS S.A',NULL,'2011-03-01 13:31:06','com.vitaflo.innova.Patient','UPDATE',99),(901,'country','2011-03-01 13:31:06','Argentina','Flor',NULL,'Argentina',NULL,'2011-03-01 13:31:06','com.vitaflo.innova.Patient','UPDATE',99),(902,'contactName','2011-03-01 13:31:06',NULL,'Flor',NULL,'Madre: Karin',NULL,'2011-03-01 13:31:06','com.vitaflo.innova.Patient','UPDATE',99),(903,'clinicalStatus','2011-03-01 13:31:06',NULL,'Flor',NULL,'VitaBite',NULL,'2011-03-01 13:31:06','com.vitaflo.innova.Patient','UPDATE',99),(904,'deliveryAddress','2011-03-01 13:31:06',NULL,'Flor',NULL,'Av. Real 9191 Country Golf\r\n2000 Rosario, Santa Fe',NULL,'2011-03-01 13:31:06','com.vitaflo.innova.Patient','UPDATE',99),(905,NULL,'2011-03-01 13:32:10',NULL,'Flor',NULL,NULL,NULL,'2011-03-01 13:32:10','com.vitaflo.innova.Client','INSERT',137),(906,'birth','2011-03-01 13:36:34','2010-07-14 00:00:00.0','Flor',NULL,'Fri Jul 14 00:00:00 ART 2006',NULL,'2011-03-01 13:36:34','com.vitaflo.innova.Patient','UPDATE',108),(907,'phone','2011-03-01 13:36:34',NULL,'Flor',NULL,'0351 155210114',NULL,'2011-03-01 13:36:34','com.vitaflo.innova.Patient','UPDATE',108),(908,'client','2011-03-01 13:36:34','Hospital Privado de Córdoba','Flor',NULL,'Familia Francia',NULL,'2011-03-01 13:36:34','com.vitaflo.innova.Patient','UPDATE',108),(909,'country','2011-03-01 13:36:34','Argentina','Flor',NULL,'Argentina',NULL,'2011-03-01 13:36:34','com.vitaflo.innova.Patient','UPDATE',108),(910,'contactName','2011-03-01 13:36:34',NULL,'Flor',NULL,'Madre. Emiliana Panichelli',NULL,'2011-03-01 13:36:34','com.vitaflo.innova.Patient','UPDATE',108),(911,'clinicalStatus','2011-03-01 13:36:34',NULL,'Flor',NULL,'VitaBite',NULL,'2011-03-01 13:36:34','com.vitaflo.innova.Patient','UPDATE',108),(912,'client','2011-03-01 13:37:42','Familia Francia','Flor',NULL,'Familia Francia',NULL,'2011-03-01 13:37:42','com.vitaflo.innova.Patient','UPDATE',108),(913,'country','2011-03-01 13:37:42','Argentina','Flor',NULL,'Argentina',NULL,'2011-03-01 13:37:42','com.vitaflo.innova.Patient','UPDATE',108),(914,'deliveryAddress','2011-03-01 13:37:42',NULL,'Flor',NULL,'Tafi 729, Barrio Parque Atlántica\r\n5000 Provincia de Cordoba',NULL,'2011-03-01 13:37:42','com.vitaflo.innova.Patient','UPDATE',108),(915,'birth','2011-03-01 13:40:38','2010-06-14 00:00:00.0','Flor',NULL,'Wed Jun 14 00:00:00 ART 2000',NULL,'2011-03-01 13:40:38','com.vitaflo.innova.Patient','UPDATE',102),(916,'phone','2011-03-01 13:40:38',NULL,'Flor',NULL,'4481 1920',NULL,'2011-03-01 13:40:38','com.vitaflo.innova.Patient','UPDATE',102),(917,'client','2011-03-01 13:40:38','Emiliana Panichelli','Flor',NULL,'Emiliana Panichelli',NULL,'2011-03-01 13:40:38','com.vitaflo.innova.Patient','UPDATE',102),(918,'country','2011-03-01 13:40:38','Argentina','Flor',NULL,'Argentina',NULL,'2011-03-01 13:40:38','com.vitaflo.innova.Patient','UPDATE',102),(919,'contactName','2011-03-01 13:40:39',NULL,'Flor',NULL,'Gastón Altoe',NULL,'2011-03-01 13:40:39','com.vitaflo.innova.Patient','UPDATE',102),(920,'clinicalStatus','2011-03-01 13:40:39',NULL,'Flor',NULL,'VitaBite',NULL,'2011-03-01 13:40:39','com.vitaflo.innova.Patient','UPDATE',102),(921,'deliveryAddress','2011-03-01 13:40:39',NULL,'Flor',NULL,'Felipe Boero 4075 Unidad 18\r\nBarrio Cerrado el Jauel\r\nItuzaingó, Buenos Aires',NULL,'2011-03-01 13:40:39','com.vitaflo.innova.Patient','UPDATE',102),(922,NULL,'2011-03-01 13:41:47',NULL,'Flor',NULL,NULL,NULL,'2011-03-01 13:41:47','com.vitaflo.innova.Client','INSERT',138),(923,'client','2011-03-01 13:42:42','Emiliana Panichelli','Flor',NULL,'Familia Calvo',NULL,'2011-03-01 13:42:42','com.vitaflo.innova.Patient','UPDATE',102),(924,'country','2011-03-01 13:42:42','Argentina','Flor',NULL,'Argentina',NULL,'2011-03-01 13:42:42','com.vitaflo.innova.Patient','UPDATE',102),(925,'contactName','2011-03-01 13:42:42','Gastón Altoe','Flor',NULL,'Padre: Gastón Altoe',NULL,'2011-03-01 13:42:42','com.vitaflo.innova.Patient','UPDATE',102),(926,NULL,'2011-03-01 13:44:25',NULL,'Flor',NULL,NULL,NULL,'2011-03-01 13:44:25','com.vitaflo.innova.Client','INSERT',139),(927,'birth','2011-03-01 13:47:19','2010-07-14 00:00:00.0','Flor',NULL,'Thu Apr 29 00:00:00 ART 2004',NULL,'2011-03-01 13:47:19','com.vitaflo.innova.Patient','UPDATE',110),(928,'phone','2011-03-01 13:47:19',NULL,'Flor',NULL,'02302 434171 / 02302 15415810',NULL,'2011-03-01 13:47:19','com.vitaflo.innova.Patient','UPDATE',110),(929,'client','2011-03-01 13:47:19','OSECAC','Flor',NULL,'Familia Contreras',NULL,'2011-03-01 13:47:19','com.vitaflo.innova.Patient','UPDATE',110),(930,'country','2011-03-01 13:47:19','Argentina','Flor',NULL,'Argentina',NULL,'2011-03-01 13:47:19','com.vitaflo.innova.Patient','UPDATE',110),(931,'contactName','2011-03-01 13:47:19',NULL,'Flor',NULL,'Madre: Marcela',NULL,'2011-03-01 13:47:19','com.vitaflo.innova.Patient','UPDATE',110),(932,'clinicalStatus','2011-03-01 13:47:19',NULL,'Flor',NULL,'VitaBite',NULL,'2011-03-01 13:47:19','com.vitaflo.innova.Patient','UPDATE',110),(933,'deliveryAddress','2011-03-01 13:47:19',NULL,'Flor',NULL,'Calle 302 N 991 \r\n(6360) General Pico\r\nProv.',NULL,'2011-03-01 13:47:19','com.vitaflo.innova.Patient','UPDATE',110),(934,'contact','2011-03-01 13:50:09','Verónica 1532108609','Flor',NULL,'Veronica 1532108609 / Gustavo',NULL,'2011-03-01 13:50:09','com.vitaflo.innova.Client','UPDATE',130),(935,'country','2011-03-01 13:50:09','Argentina','Flor',NULL,'Argentina',NULL,'2011-03-01 13:50:09','com.vitaflo.innova.Client','UPDATE',130),(936,'address','2011-03-01 13:50:09','José Serrano 365, Adrogué','Flor',NULL,'Serrano 365, Adrogue',NULL,'2011-03-01 13:50:09','com.vitaflo.innova.Client','UPDATE',130),(937,'name','2011-03-01 13:50:09','Gustavo Benitez','Flor',NULL,'Familia Benitez',NULL,'2011-03-01 13:50:09','com.vitaflo.innova.Client','UPDATE',130),(938,NULL,'2011-03-01 13:53:04',NULL,'Flor',NULL,NULL,NULL,'2011-03-01 13:53:04','com.vitaflo.innova.Patient','INSERT',139),(939,'birth','2011-03-01 13:57:33','2010-07-15 00:00:00.0','Flor',NULL,'Sat Jul 15 00:00:00 ART 2006',NULL,'2011-03-01 13:57:33','com.vitaflo.innova.Patient','UPDATE',119),(940,'phone','2011-03-01 13:57:33',NULL,'Flor',NULL,'03492 15596999',NULL,'2011-03-01 13:57:33','com.vitaflo.innova.Patient','UPDATE',119),(941,'client','2011-03-01 13:57:33','AMUR','Flor',NULL,'OSECAC',NULL,'2011-03-01 13:57:33','com.vitaflo.innova.Patient','UPDATE',119),(942,'pathology','2011-03-01 13:57:33','MSUD','Flor',NULL,'Orina con Olor a Jarabe de Arce',NULL,'2011-03-01 13:57:33','com.vitaflo.innova.Patient','UPDATE',119),(943,'country','2011-03-01 13:57:33','Argentina','Flor',NULL,'Argentina',NULL,'2011-03-01 13:57:33','com.vitaflo.innova.Patient','UPDATE',119),(944,'clinicalStatus','2011-03-01 13:57:33',NULL,'Flor',NULL,'Valina',NULL,'2011-03-01 13:57:33','com.vitaflo.innova.Patient','UPDATE',119),(945,'deliveryAddress','2011-03-01 13:57:33',NULL,'Flor',NULL,'Dimas Mateos 1607\r\nRafaela, Santa Fe',NULL,'2011-03-01 13:57:33','com.vitaflo.innova.Patient','UPDATE',119),(946,NULL,'2011-03-03 12:57:34',NULL,'Flor',NULL,NULL,NULL,'2011-03-03 12:57:34','com.vitaflo.innova.Proforma','INSERT',535),(947,NULL,'2011-03-03 14:34:17',NULL,'Flor',NULL,NULL,NULL,'2011-03-03 14:34:17','com.vitaflo.innova.Patient','INSERT',140),(948,NULL,'2011-03-03 14:43:20',NULL,'Flor',NULL,NULL,NULL,'2011-03-03 14:43:20','com.vitaflo.innova.Client','INSERT',140),(949,'client','2011-03-03 14:44:35','Ana Laura Parada','Flor',NULL,'Admifarm Group S.A',NULL,'2011-03-03 14:44:35','com.vitaflo.innova.Patient','UPDATE',140),(950,'country','2011-03-03 14:44:36','Argentina','Flor',NULL,'Argentina',NULL,'2011-03-03 14:44:36','com.vitaflo.innova.Patient','UPDATE',140),(951,NULL,'2011-03-03 14:47:08',NULL,'Flor',NULL,NULL,NULL,'2011-03-03 14:47:08','com.vitaflo.innova.Proforma','INSERT',536),(952,'phone','2011-03-09 13:16:11','0221-4295988','Flor',NULL,'1567279331',NULL,'2011-03-09 13:16:11','com.vitaflo.innova.Patient','UPDATE',95),(953,'client','2011-03-09 13:16:11','IOMA','Flor',NULL,'IOMA',NULL,'2011-03-09 13:16:11','com.vitaflo.innova.Patient','UPDATE',95),(954,'country','2011-03-09 13:16:11','Argentina','Flor',NULL,'Argentina',NULL,'2011-03-09 13:16:11','com.vitaflo.innova.Patient','UPDATE',95),(955,'contactName','2011-03-09 13:16:11',NULL,'Flor',NULL,'Cecilia (Madre)',NULL,'2011-03-09 13:16:11','com.vitaflo.innova.Patient','UPDATE',95),(956,'clinicalStatus','2011-03-09 13:16:11',NULL,'Flor',NULL,'VitaBite',NULL,'2011-03-09 13:16:11','com.vitaflo.innova.Patient','UPDATE',95),(957,'deliveryAddress','2011-03-09 13:16:11','Calle 46 Nº 886 Piso 3º (Subdirección Técnico Científico Andrea Mendivel)','Flor',NULL,'Calle 46 Nº 886 Piso 3º \r\n(1900) La Plata, Bs. As.',NULL,'2011-03-09 13:16:11','com.vitaflo.innova.Patient','UPDATE',95),(958,'birth','2011-03-09 13:21:20','2010-07-15 00:00:00.0','Flor',NULL,'Thu Jul 15 00:00:00 ART 1993',NULL,'2011-03-09 13:21:20','com.vitaflo.innova.Patient','UPDATE',115),(959,'phone','2011-03-09 13:21:20',NULL,'Flor',NULL,'48247761',NULL,'2011-03-09 13:21:20','com.vitaflo.innova.Patient','UPDATE',115),(960,'client','2011-03-09 13:21:20','OSDE','Flor',NULL,'OSDE',NULL,'2011-03-09 13:21:20','com.vitaflo.innova.Patient','UPDATE',115),(961,'pathology','2011-03-09 13:21:20','PKU','Flor',NULL,'Fenilcetonuria',NULL,'2011-03-09 13:21:20','com.vitaflo.innova.Patient','UPDATE',115),(962,'physician','2011-03-09 13:21:20','Chiesa','Flor',NULL,'Ana Chiesa',NULL,'2011-03-09 13:21:20','com.vitaflo.innova.Patient','UPDATE',115),(963,'country','2011-03-09 13:21:20','Argentina','Flor',NULL,'Argentina',NULL,'2011-03-09 13:21:20','com.vitaflo.innova.Patient','UPDATE',115),(964,'clinicalStatus','2011-03-09 13:21:20',NULL,'Flor',NULL,'VitaBite',NULL,'2011-03-09 13:21:20','com.vitaflo.innova.Patient','UPDATE',115),(965,'deliveryAddress','2011-03-09 13:21:20',NULL,'Flor',NULL,'Charcas 3678 Piso 4 Dto. 9\r\nCABA',NULL,'2011-03-09 13:21:20','com.vitaflo.innova.Patient','UPDATE',115),(966,'birth','2011-03-09 13:25:43','2010-06-14 00:00:00.0','Flor',NULL,'Thu Jul 03 00:00:00 ART 2003',NULL,'2011-03-09 13:25:43','com.vitaflo.innova.Patient','UPDATE',101),(967,'phone','2011-03-09 13:25:43','(cel Paula)  02944-15343832','Flor',NULL,'02944-15343832',NULL,'2011-03-09 13:25:43','com.vitaflo.innova.Patient','UPDATE',101),(968,'client','2011-03-09 13:25:43','IOSE','Flor',NULL,'IOSE',NULL,'2011-03-09 13:25:43','com.vitaflo.innova.Patient','UPDATE',101),(969,'dose','2011-03-09 13:25:43',NULL,'Flor',NULL,'2.0',NULL,'2011-03-09 13:25:43','com.vitaflo.innova.Patient','UPDATE',101),(970,'country','2011-03-09 13:25:43','Argentina','Flor',NULL,'Argentina',NULL,'2011-03-09 13:25:43','com.vitaflo.innova.Patient','UPDATE',101),(971,'contactName','2011-03-09 13:25:43','hermana paula 02944-15689023','Flor',NULL,'Paula (mamá)',NULL,'2011-03-09 13:25:43','com.vitaflo.innova.Patient','UPDATE',101),(972,'clinicalStatus','2011-03-09 13:25:43',NULL,'Flor',NULL,'HCU Express',NULL,'2011-03-09 13:25:43','com.vitaflo.innova.Patient','UPDATE',101),(973,'deliveryAddress','2011-03-09 13:25:43','Centro médico del sur: sarmiento 489 (8370) San Martín de los Andes, Neuquén','Flor',NULL,'Barrio Parque 3 de Caballería\r\nCasa N. 2\r\n(8370) San Martín de los Andes, Neuquén',NULL,'2011-03-09 13:25:43','com.vitaflo.innova.Patient','UPDATE',101),(974,'client','2011-03-09 13:26:33','MEDICUS S.A','Flor',NULL,'MEDICUS S.A',NULL,'2011-03-09 13:26:33','com.vitaflo.innova.Patient','UPDATE',118),(975,'firstName','2011-03-09 13:26:33','De Stefano','Flor',NULL,NULL,NULL,'2011-03-09 13:26:33','com.vitaflo.innova.Patient','UPDATE',118),(976,'lastName','2011-03-09 13:26:33',NULL,'Flor',NULL,'De Stefano',NULL,'2011-03-09 13:26:33','com.vitaflo.innova.Patient','UPDATE',118),(977,'country','2011-03-09 13:26:33','Argentina','Flor',NULL,'Argentina',NULL,'2011-03-09 13:26:33','com.vitaflo.innova.Patient','UPDATE',118),(978,'birth','2011-03-09 13:31:59','2011-02-09 00:00:00.0','Flor',NULL,'Thu Nov 25 00:00:00 ARST 2010',NULL,'2011-03-09 13:31:59','com.vitaflo.innova.Patient','UPDATE',122),(979,'phone','2011-03-09 13:32:00',NULL,'Flor',NULL,'1530642422',NULL,'2011-03-09 13:32:00','com.vitaflo.innova.Patient','UPDATE',122),(980,'client','2011-03-09 13:32:00','Union Personal','Flor',NULL,'Went S.A',NULL,'2011-03-09 13:32:00','com.vitaflo.innova.Patient','UPDATE',122),(981,'pathology','2011-03-09 13:32:00',NULL,'Flor',NULL,'Fenilcetonuria',NULL,'2011-03-09 13:32:00','com.vitaflo.innova.Patient','UPDATE',122),(982,'physician','2011-03-09 13:32:00',NULL,'Flor',NULL,'Ana Chiesa',NULL,'2011-03-09 13:32:00','com.vitaflo.innova.Patient','UPDATE',122),(983,'dose','2011-03-09 13:32:00',NULL,'Flor',NULL,'4.0',NULL,'2011-03-09 13:32:00','com.vitaflo.innova.Patient','UPDATE',122),(984,'lastName','2011-03-09 13:32:00','Antonella','Flor',NULL,'Antonella Luz',NULL,'2011-03-09 13:32:00','com.vitaflo.innova.Patient','UPDATE',122),(985,'country','2011-03-09 13:32:00','Argentina','Flor',NULL,'Argentina',NULL,'2011-03-09 13:32:00','com.vitaflo.innova.Patient','UPDATE',122),(986,'contactName','2011-03-09 13:32:00',NULL,'Flor',NULL,'Yanina Lopez (Mamá)',NULL,'2011-03-09 13:32:00','com.vitaflo.innova.Patient','UPDATE',122),(987,'clinicalStatus','2011-03-09 13:32:00',NULL,'Flor',NULL,'PKU gel sin sabor, VitaBite',NULL,'2011-03-09 13:32:00','com.vitaflo.innova.Patient','UPDATE',122),(988,'deliveryAddress','2011-03-09 13:32:00',NULL,'Flor',NULL,'Crisologo Larralde 5086\r\nVilla Dominico\r\nPcia de Bs. As.',NULL,'2011-03-09 13:32:00','com.vitaflo.innova.Patient','UPDATE',122),(989,'status','2011-03-09 13:32:26','Enabled','Flor',NULL,'Deleted',NULL,'2011-03-09 13:32:26','com.vitaflo.innova.Patient','UPDATE',97),(990,'status','2011-03-09 13:32:53','Enabled','Flor',NULL,'Deleted',NULL,'2011-03-09 13:32:53','com.vitaflo.innova.Patient','UPDATE',109),(991,'status','2011-03-09 13:33:10','Enabled','Flor',NULL,'Deleted',NULL,'2011-03-09 13:33:10','com.vitaflo.innova.Patient','UPDATE',92),(992,'client','2011-03-09 13:35:05','Obra Social del Personal Gráfico','Flor',NULL,'OSPLAD',NULL,'2011-03-09 13:35:05','com.vitaflo.innova.Patient','UPDATE',113),(993,'country','2011-03-09 13:35:05','Argentina','Flor',NULL,'Argentina',NULL,'2011-03-09 13:35:05','com.vitaflo.innova.Patient','UPDATE',113),(994,'status','2011-03-09 13:37:49','Enabled','Flor',NULL,'Deleted',NULL,'2011-03-09 13:37:49','com.vitaflo.innova.Patient','UPDATE',122),(995,NULL,'2011-03-16 15:59:51',NULL,'Flor',NULL,NULL,NULL,'2011-03-16 15:59:51','com.vitaflo.innova.Proforma','INSERT',538),(996,'status','2011-03-16 16:02:21','Creada','Flor',NULL,'Anulada',NULL,'2011-03-16 16:02:21','com.vitaflo.innova.Proforma','UPDATE',538),(997,NULL,'2011-03-16 16:03:52',NULL,'Flor',NULL,NULL,NULL,'2011-03-16 16:03:52','com.vitaflo.innova.Proforma','INSERT',539),(998,NULL,'2011-03-16 16:04:20',NULL,'Flor',NULL,NULL,0,'2011-03-16 16:04:20','com.vitaflo.innova.Proforma','DELETE',539),(999,NULL,'2011-03-16 16:08:27',NULL,'Flor',NULL,NULL,NULL,'2011-03-16 16:08:27','com.vitaflo.innova.Proforma','INSERT',540),(1000,NULL,'2011-03-17 15:47:51',NULL,'Flor',NULL,NULL,0,'2011-03-17 15:47:51','com.vitaflo.innova.Proforma','DELETE',541),(1001,NULL,'2011-03-17 15:57:27',NULL,'Flor',NULL,NULL,NULL,'2011-03-17 15:57:27','com.vitaflo.innova.Proforma','INSERT',542),(1002,NULL,'2011-03-17 15:57:55',NULL,'Flor',NULL,NULL,0,'2011-03-17 15:57:55','com.vitaflo.innova.Proforma','DELETE',542),(1003,NULL,'2011-03-17 16:03:26',NULL,'Flor',NULL,NULL,NULL,'2011-03-17 16:03:26','com.vitaflo.innova.Proforma','INSERT',543),(1004,NULL,'2011-03-17 16:05:55',NULL,'Flor',NULL,NULL,0,'2011-03-17 16:05:55','com.vitaflo.innova.Proforma','DELETE',543),(1005,NULL,'2011-03-17 16:07:20',NULL,'Flor',NULL,NULL,NULL,'2011-03-17 16:07:20','com.vitaflo.innova.Proforma','INSERT',544),(1006,'client','2011-03-17 16:07:20','Familia Sanchez','Flor',NULL,'Ana Laura Parada',NULL,'2011-03-17 16:07:20','com.vitaflo.innova.Patient','UPDATE',138),(1007,NULL,'2011-03-18 12:42:38',NULL,'Flor',NULL,NULL,NULL,'2011-03-18 12:42:38','com.vitaflo.innova.Patient','INSERT',141),(1008,NULL,'2011-03-18 12:45:59',NULL,'Flor',NULL,NULL,NULL,'2011-03-18 12:45:59','com.vitaflo.innova.Client','INSERT',141),(1009,'client','2011-03-18 13:15:07','Admifarm Group S.A','Flor',NULL,'Swiss Medical Group S.A',NULL,'2011-03-18 13:15:07','com.vitaflo.innova.Patient','UPDATE',141),(1010,'country','2011-03-18 13:15:12','Argentina','Flor',NULL,'Argentina',NULL,'2011-03-18 13:15:12','com.vitaflo.innova.Patient','UPDATE',141),(1011,'contactName','2011-03-18 13:15:12','Celina (Mamá)','Flor',NULL,'Celina (Madre)',NULL,'2011-03-18 13:15:12','com.vitaflo.innova.Patient','UPDATE',141),(1012,'clinicalStatus','2011-03-18 13:15:12','PKU gel sin sabor','Flor',NULL,'3 cajas PKU gel sin sabor',NULL,'2011-03-18 13:15:12','com.vitaflo.innova.Patient','UPDATE',141),(1013,NULL,'2011-03-18 13:18:54',NULL,'Flor',NULL,NULL,NULL,'2011-03-18 13:18:54','com.vitaflo.innova.Proforma','INSERT',545),(1014,NULL,'2011-03-18 13:54:48',NULL,'Flor',NULL,NULL,NULL,'2011-03-18 13:54:48','com.vitaflo.innova.Proforma','INSERT',546),(1015,NULL,'2011-03-23 12:52:44',NULL,'Flor',NULL,NULL,NULL,'2011-03-23 12:52:44','com.vitaflo.innova.Proforma','INSERT',549),(1016,NULL,'2011-03-23 13:17:02',NULL,'Flor',NULL,NULL,NULL,'2011-03-23 13:17:02','com.vitaflo.innova.Proforma','INSERT',550),(1017,'client','2011-03-23 13:17:03','Obra Social del Personal Gráfico','Flor',NULL,'Pharmathia S.A',NULL,'2011-03-23 13:17:03','com.vitaflo.innova.Patient','UPDATE',107),(1018,NULL,'2011-04-01 15:10:52',NULL,'flor',NULL,NULL,NULL,'2011-04-01 15:10:52','com.vitaflo.innova.Proforma','INSERT',552),(1019,NULL,'2011-04-01 15:22:36',NULL,'flor',NULL,NULL,NULL,'2011-04-01 15:22:36','com.vitaflo.innova.Proforma','INSERT',553),(1020,NULL,'2011-04-04 16:18:56',NULL,'Flor',NULL,NULL,NULL,'2011-04-04 16:18:56','com.vitaflo.innova.Client','INSERT',142),(1021,NULL,'2011-04-04 16:20:51',NULL,'Flor',NULL,NULL,NULL,'2011-04-04 16:20:51','com.vitaflo.innova.Proforma','INSERT',554),(1022,NULL,'2011-04-07 16:13:11',NULL,'Flor',NULL,NULL,NULL,'2011-04-07 16:13:11','com.vitaflo.innova.Proforma','INSERT',557),(1023,NULL,'2011-04-07 16:16:01',NULL,'Flor',NULL,NULL,NULL,'2011-04-07 16:16:01','com.vitaflo.innova.Proforma','INSERT',558),(1024,NULL,'2011-04-07 16:16:43',NULL,'Flor',NULL,NULL,0,'2011-04-07 16:16:43','com.vitaflo.innova.Proforma','DELETE',558),(1025,NULL,'2011-04-07 16:17:56',NULL,'Flor',NULL,NULL,NULL,'2011-04-07 16:17:56','com.vitaflo.innova.Proforma','INSERT',559),(1026,'client','2011-04-11 16:01:35','Familia Amoedo','Flor',NULL,'O.S.V.V.R.A',NULL,'2011-04-11 16:01:35','com.vitaflo.innova.Patient','UPDATE',136),(1027,'dose','2011-04-11 16:01:35',NULL,'Flor',NULL,'4.0',NULL,'2011-04-11 16:01:35','com.vitaflo.innova.Patient','UPDATE',136),(1028,'country','2011-04-11 16:01:35','Argentina','Flor',NULL,'Argentina',NULL,'2011-04-11 16:01:35','com.vitaflo.innova.Patient','UPDATE',136),(1029,'clinicalStatus','2011-04-11 16:01:35','VitaBite','Flor',NULL,'VitaBite, PKU gel Naranja',NULL,'2011-04-11 16:01:35','com.vitaflo.innova.Patient','UPDATE',136),(1030,NULL,'2011-04-11 16:02:48',NULL,'Flor',NULL,NULL,NULL,'2011-04-11 16:02:48','com.vitaflo.innova.Proforma','INSERT',560),(1031,NULL,'2011-04-12 11:09:57',NULL,'Flor',NULL,NULL,NULL,'2011-04-12 11:09:57','com.vitaflo.innova.Client','INSERT',144),(1032,'client','2011-04-12 11:11:40','Admifarm Group S.A','Flor',NULL,'Obra Social Bancaria Argentina',NULL,'2011-04-12 11:11:40','com.vitaflo.innova.Patient','UPDATE',142),(1033,'country','2011-04-12 11:11:40','Argentina','Flor',NULL,'Argentina',NULL,'2011-04-12 11:11:40','com.vitaflo.innova.Patient','UPDATE',142),(1034,'contactName','2011-04-12 11:11:40','María (mamá)','Flor',NULL,'Maria (mama)',NULL,'2011-04-12 11:11:40','com.vitaflo.innova.Patient','UPDATE',142),(1035,NULL,'2011-04-12 11:13:29',NULL,'Flor',NULL,NULL,NULL,'2011-04-12 11:13:29','com.vitaflo.innova.Proforma','INSERT',561),(1036,NULL,'2011-04-12 11:21:57',NULL,'Flor',NULL,NULL,NULL,'2011-04-12 11:21:57','com.vitaflo.innova.Patient','INSERT',143),(1037,NULL,'2011-04-12 13:07:29',NULL,'Flor',NULL,NULL,NULL,'2011-04-12 13:07:29','com.vitaflo.innova.Proforma','INSERT',562),(1038,NULL,'2011-04-13 10:21:02',NULL,'Flor',NULL,NULL,NULL,'2011-04-13 10:21:02','com.vitaflo.innova.Proforma','INSERT',563),(1039,'status','2011-04-13 10:57:44','Creada','horacio',NULL,'Aprobada',NULL,'2011-04-13 10:57:44','com.vitaflo.innova.Proforma','UPDATE',530),(1040,'status','2011-04-13 11:55:15','Creada','horacio',NULL,'Aprobada',NULL,'2011-04-13 11:55:15','com.vitaflo.innova.Proforma','UPDATE',550),(1041,'status','2011-04-13 11:56:21','Creada','horacio',NULL,'Aprobada',NULL,'2011-04-13 11:56:21','com.vitaflo.innova.Proforma','UPDATE',534),(1042,'status','2011-04-13 11:56:54','Creada','horacio',NULL,'Aprobada',NULL,'2011-04-13 11:56:54','com.vitaflo.innova.Proforma','UPDATE',531),(1043,'status','2011-04-13 11:57:43','Creada','horacio',NULL,'Aprobada',NULL,'2011-04-13 11:57:43','com.vitaflo.innova.Proforma','UPDATE',554),(1044,'client','2011-04-13 12:01:19','MEDICUS S.A','Flor',NULL,'Domingo Cullen',NULL,'2011-04-13 12:01:19','com.vitaflo.innova.Patient','UPDATE',99),(1045,'country','2011-04-13 12:01:19','Argentina','Flor',NULL,'Argentina',NULL,'2011-04-13 12:01:19','com.vitaflo.innova.Patient','UPDATE',99),(1046,NULL,'2011-04-13 12:04:54',NULL,'Flor',NULL,NULL,NULL,'2011-04-13 12:04:54','com.vitaflo.innova.Proforma','INSERT',564),(1047,NULL,'2011-04-13 12:06:28',NULL,'Flor',NULL,NULL,0,'2011-04-13 12:06:28','com.vitaflo.innova.Proforma','DELETE',564),(1048,NULL,'2011-04-13 12:10:44',NULL,'Flor',NULL,NULL,NULL,'2011-04-13 12:10:44','com.vitaflo.innova.Proforma','INSERT',565),(1049,NULL,'2011-04-13 12:13:36',NULL,'Flor',NULL,NULL,0,'2011-04-13 12:13:36','com.vitaflo.innova.Proforma','DELETE',565),(1050,NULL,'2011-04-13 12:14:19',NULL,'Flor',NULL,NULL,NULL,'2011-04-13 12:14:19','com.vitaflo.innova.Proforma','INSERT',566),(1051,NULL,'2011-04-13 15:20:23',NULL,'Flor',NULL,NULL,NULL,'2011-04-13 15:20:23','com.vitaflo.innova.Client','INSERT',145),(1052,NULL,'2011-04-13 15:20:44',NULL,'Flor',NULL,NULL,NULL,'2011-04-13 15:20:44','com.vitaflo.innova.Client','INSERT',146),(1053,NULL,'2011-04-13 15:28:28',NULL,'Flor',NULL,NULL,NULL,'2011-04-13 15:28:28','com.vitaflo.innova.Proforma','INSERT',567),(1054,NULL,'2011-04-13 15:34:48',NULL,'Flor',NULL,NULL,0,'2011-04-13 15:34:48','com.vitaflo.innova.Proforma','DELETE',567),(1055,NULL,'2011-04-13 15:41:07',NULL,'Flor',NULL,NULL,NULL,'2011-04-13 15:41:07','com.vitaflo.innova.Proforma','INSERT',568),(1056,NULL,'2011-04-13 15:41:41',NULL,'Flor',NULL,NULL,NULL,'2011-04-13 15:41:41','com.vitaflo.innova.Proforma','INSERT',569),(1057,NULL,'2011-04-13 15:42:00',NULL,'Flor',NULL,NULL,NULL,'2011-04-13 15:42:00','com.vitaflo.innova.Proforma','INSERT',570),(1058,NULL,'2011-04-13 15:42:21',NULL,'Flor',NULL,NULL,NULL,'2011-04-13 15:42:21','com.vitaflo.innova.Proforma','INSERT',571),(1059,NULL,'2011-04-13 15:44:21',NULL,'Flor',NULL,NULL,NULL,'2011-04-13 15:44:21','com.vitaflo.innova.Proforma','INSERT',572),(1060,NULL,'2011-04-13 15:58:10',NULL,'Flor',NULL,NULL,NULL,'2011-04-13 15:58:10','com.vitaflo.innova.Proforma','INSERT',573),(1061,NULL,'2011-04-13 16:10:06',NULL,'Flor',NULL,NULL,NULL,'2011-04-13 16:10:06','com.vitaflo.innova.Proforma','INSERT',574),(1062,'status','2011-04-13 16:18:58','Enabled','Flor',NULL,'Deleted',NULL,'2011-04-13 16:18:58','com.vitaflo.innova.Client','UPDATE',145),(1063,'country','2011-04-13 16:25:53','Argentina','Flor',NULL,'Argentina',NULL,'2011-04-13 16:25:53','com.vitaflo.innova.Client','UPDATE',146),(1064,'address','2011-04-13 16:25:53','Huanguelen','Flor',NULL,'Calle 28 N 933 (7545) Huanguelen',NULL,'2011-04-13 16:25:53','com.vitaflo.innova.Client','UPDATE',146),(1065,'email','2011-04-13 16:25:53',NULL,'Flor',NULL,'jorgesanseau@hotmail.com',NULL,'2011-04-13 16:25:53','com.vitaflo.innova.Client','UPDATE',146),(1066,'status','2011-04-13 16:27:18','Creada','Flor',NULL,'Anulada',NULL,'2011-04-13 16:27:18','com.vitaflo.innova.Proforma','UPDATE',573),(1067,'status','2011-04-13 16:27:19','Creada','Flor',NULL,'Anulada',NULL,'2011-04-13 16:27:19','com.vitaflo.innova.Proforma','UPDATE',572),(1068,NULL,'2011-04-15 12:22:01',NULL,'Flor',NULL,NULL,NULL,'2011-04-15 12:22:01','com.vitaflo.innova.Proforma','INSERT',576),(1069,'cuit','2011-04-15 12:45:23',NULL,'Flor',NULL,'30610582423',NULL,'2011-04-15 12:45:23','com.vitaflo.innova.Client','UPDATE',144),(1070,'country','2011-04-15 12:45:30','Argentina','Flor',NULL,'Argentina',NULL,'2011-04-15 12:45:30','com.vitaflo.innova.Client','UPDATE',144),(1071,'ivaResponsibleType','2011-04-15 12:45:30',NULL,'Flor',NULL,'exento',NULL,'2011-04-15 12:45:30','com.vitaflo.innova.Client','UPDATE',144),(1072,'cuit','2011-04-15 13:15:13','30610582423','Flor',NULL,'30691561468',NULL,'2011-04-15 13:15:13','com.vitaflo.innova.Client','UPDATE',144),(1073,'country','2011-04-15 13:15:13','Argentina','Flor',NULL,'Argentina',NULL,'2011-04-15 13:15:13','com.vitaflo.innova.Client','UPDATE',144),(1074,NULL,'2011-04-19 10:08:59',NULL,'Flor',NULL,NULL,NULL,'2011-04-19 10:08:59','com.vitaflo.innova.Client','INSERT',147),(1075,NULL,'2011-04-19 10:11:54',NULL,'Flor',NULL,NULL,NULL,'2011-04-19 10:11:54','com.vitaflo.innova.Proforma','INSERT',577),(1076,'client','2011-04-19 10:11:55','Admifarm Group S.A','Flor',NULL,'Anabella Laura',NULL,'2011-04-19 10:11:55','com.vitaflo.innova.Patient','UPDATE',144),(1077,NULL,'2011-04-19 13:39:13',NULL,'Flor',NULL,NULL,NULL,'2011-04-19 13:39:13','com.vitaflo.innova.Proforma','INSERT',578),(1078,NULL,'2011-04-19 17:11:04',NULL,'Flor',NULL,NULL,NULL,'2011-04-19 17:11:04','com.vitaflo.innova.Proforma','INSERT',579),(1079,'client','2011-04-25 15:27:33','Admifarm Group S.A','Flor',NULL,'Admifarm Group S.A',NULL,'2011-04-25 15:27:33','com.vitaflo.innova.Patient','UPDATE',143),(1080,'physician','2011-04-25 15:27:33','Mariana Nuñez','Flor',NULL,'Mariana Nu&ntilde;ez',NULL,'2011-04-25 15:27:33','com.vitaflo.innova.Patient','UPDATE',143),(1081,'country','2011-04-25 15:27:33','Argentina','Flor',NULL,'Argentina',NULL,'2011-04-25 15:27:33','com.vitaflo.innova.Patient','UPDATE',143),(1082,'client','2011-04-25 15:29:13','Admifarm Group S.A','Flor',NULL,'Obra Social APM',NULL,'2011-04-25 15:29:13','com.vitaflo.innova.Patient','UPDATE',143),(1083,'physician','2011-04-25 15:29:13','Mariana Nu&ntilde;ez','Flor',NULL,'Mariana Nu&amp;ntilde;ez',NULL,'2011-04-25 15:29:13','com.vitaflo.innova.Patient','UPDATE',143),(1084,'country','2011-04-25 15:29:13','Argentina','Flor',NULL,'Argentina',NULL,'2011-04-25 15:29:13','com.vitaflo.innova.Patient','UPDATE',143),(1085,'client','2011-04-25 15:29:32','Obra Social APM','Flor',NULL,'Obra Social APM',NULL,'2011-04-25 15:29:32','com.vitaflo.innova.Patient','UPDATE',143),(1086,'physician','2011-04-25 15:29:32','Mariana Nu&amp;ntilde;ez','Flor',NULL,'Mariana Nuñez',NULL,'2011-04-25 15:29:32','com.vitaflo.innova.Patient','UPDATE',143),(1087,'country','2011-04-25 15:29:32','Argentina','Flor',NULL,'Argentina',NULL,'2011-04-25 15:29:32','com.vitaflo.innova.Patient','UPDATE',143),(1088,'phone','2011-04-25 15:32:48',NULL,'Flor',NULL,'4633-7878',NULL,'2011-04-25 15:32:48','com.vitaflo.innova.Client','UPDATE',148),(1089,'country','2011-04-25 15:32:48','Argentina','Flor',NULL,'Argentina',NULL,'2011-04-25 15:32:48','com.vitaflo.innova.Client','UPDATE',148),(1090,'address','2011-04-25 15:32:48',NULL,'Flor',NULL,'Avellaneda 2144 (C1406FYT) CABA',NULL,'2011-04-25 15:32:48','com.vitaflo.innova.Client','UPDATE',148),(1091,'name','2011-04-25 15:32:48','Obra Social APM','Flor',NULL,'Obra Social Agentes de Propaganda Medica',NULL,'2011-04-25 15:32:48','com.vitaflo.innova.Client','UPDATE',148),(1092,NULL,'2011-04-25 15:35:24',NULL,'Flor',NULL,NULL,NULL,'2011-04-25 15:35:24','com.vitaflo.innova.Proforma','INSERT',581),(1093,'selPrice','2011-04-26 16:21:29',NULL,'horacio',NULL,'66.0',NULL,'2011-04-26 16:21:29','com.vitaflo.innova.Product','UPDATE',91),(1094,'doseUnit','2011-04-26 16:21:29','mg','horacio',NULL,NULL,NULL,'2011-04-26 16:21:29','com.vitaflo.innova.Product','UPDATE',91),(1095,'buyPrice','2011-04-26 16:21:29',NULL,'horacio',NULL,'52.5',NULL,'2011-04-26 16:21:29','com.vitaflo.innova.Product','UPDATE',91),(1096,'supplier','2011-04-26 16:21:29','Vitaflo U.K','horacio',NULL,'Vitaflo U.K',NULL,'2011-04-26 16:21:29','com.vitaflo.innova.Product','UPDATE',91),(1097,'drug','2011-04-26 16:21:29','Proteinas y Carbihidratos','horacio',NULL,'Proteinas y Carbihidratos',NULL,'2011-04-26 16:21:29','com.vitaflo.innova.Product','UPDATE',91),(1098,'status','2011-04-27 14:20:18','Creada','Flor',NULL,'Aprobada',NULL,'2011-04-27 14:20:18','com.vitaflo.innova.Proforma','UPDATE',579),(1099,'status','2011-04-27 14:20:32','Creada','Flor',NULL,'Aprobada',NULL,'2011-04-27 14:20:32','com.vitaflo.innova.Proforma','UPDATE',577),(1100,'status','2011-04-27 14:20:34','Creada','Flor',NULL,'Aprobada',NULL,'2011-04-27 14:20:34','com.vitaflo.innova.Proforma','UPDATE',576),(1101,'status','2011-04-27 14:20:54','Creada','Flor',NULL,'Aprobada',NULL,'2011-04-27 14:20:54','com.vitaflo.innova.Proforma','UPDATE',563),(1102,'status','2011-04-27 14:20:59','Creada','Flor',NULL,'Aprobada',NULL,'2011-04-27 14:20:59','com.vitaflo.innova.Proforma','UPDATE',562),(1103,'status','2011-04-27 14:21:04','Aprobada','Flor',NULL,'Creada',NULL,'2011-04-27 14:21:04','com.vitaflo.innova.Proforma','UPDATE',562),(1104,'status','2011-04-27 14:21:07','Creada','Flor',NULL,'Aprobada',NULL,'2011-04-27 14:21:07','com.vitaflo.innova.Proforma','UPDATE',561),(1105,'status','2011-04-27 14:21:20','Creada','Flor',NULL,'Aprobada',NULL,'2011-04-27 14:21:20','com.vitaflo.innova.Proforma','UPDATE',556),(1106,'status','2011-04-27 14:21:38','Creada','Flor',NULL,'Aprobada',NULL,'2011-04-27 14:21:38','com.vitaflo.innova.Proforma','UPDATE',549),(1107,'status','2011-04-27 14:21:44','Creada','Flor',NULL,'Aprobada',NULL,'2011-04-27 14:21:44','com.vitaflo.innova.Proforma','UPDATE',548),(1108,'status','2011-04-27 14:22:44','Creada','Flor',NULL,'Anulada',NULL,'2011-04-27 14:22:44','com.vitaflo.innova.Proforma','UPDATE',552),(1109,'status','2011-04-27 14:22:56','Creada','Flor',NULL,'Aprobada',NULL,'2011-04-27 14:22:56','com.vitaflo.innova.Proforma','UPDATE',547),(1110,'status','2011-04-27 14:23:00','Creada','Flor',NULL,'Aprobada',NULL,'2011-04-27 14:23:00','com.vitaflo.innova.Proforma','UPDATE',546),(1111,'status','2011-04-27 14:23:06','Creada','Flor',NULL,'Aprobada',NULL,'2011-04-27 14:23:06','com.vitaflo.innova.Proforma','UPDATE',544),(1112,'status','2011-04-27 14:23:13','Creada','Flor',NULL,'Anulada',NULL,'2011-04-27 14:23:13','com.vitaflo.innova.Proforma','UPDATE',540),(1113,'status','2011-04-27 14:23:16','Anulada','Flor',NULL,'Aprobada',NULL,'2011-04-27 14:23:16','com.vitaflo.innova.Proforma','UPDATE',540),(1114,'status','2011-04-27 14:23:22','Aprobada','Flor',NULL,'Creada',NULL,'2011-04-27 14:23:22','com.vitaflo.innova.Proforma','UPDATE',540),(1115,'status','2011-04-27 14:23:25','Creada','Flor',NULL,'Aprobada',NULL,'2011-04-27 14:23:25','com.vitaflo.innova.Proforma','UPDATE',537),(1116,'status','2011-04-27 14:23:39','Creada','Flor',NULL,'Aprobada',NULL,'2011-04-27 14:23:39','com.vitaflo.innova.Proforma','UPDATE',532),(1117,'status','2011-04-27 14:23:41','Creada','Flor',NULL,'Aprobada',NULL,'2011-04-27 14:23:41','com.vitaflo.innova.Proforma','UPDATE',533),(1118,'status','2011-04-27 14:24:17','Creada','Flor',NULL,'Aprobada',NULL,'2011-04-27 14:24:17','com.vitaflo.innova.Proforma','UPDATE',574),(1119,'status','2011-04-27 14:24:41','Creada','Flor',NULL,'Aprobada',NULL,'2011-04-27 14:24:41','com.vitaflo.innova.Proforma','UPDATE',566),(1120,NULL,'2011-04-27 14:29:48',NULL,'Flor',NULL,NULL,NULL,'2011-04-27 14:29:48','com.vitaflo.innova.Proforma','INSERT',582),(1121,'status','2011-04-27 14:32:55','Creada','Flor',NULL,'Aprobada',NULL,'2011-04-27 14:32:55','com.vitaflo.innova.Proforma','UPDATE',582),(1122,'client','2011-04-28 16:09:40','OSECAC','Flor',NULL,'OSECAC',NULL,'2011-04-28 16:09:40','com.vitaflo.innova.Proforma','UPDATE',583),(1123,'patient','2011-04-28 16:09:40','Tutic, Agustina','Flor',NULL,'Tutic, Agustina',NULL,'2011-04-28 16:09:40','com.vitaflo.innova.Proforma','UPDATE',583),(1124,NULL,'2011-04-28 16:27:46',NULL,'Flor',NULL,NULL,NULL,'2011-04-28 16:27:46','com.vitaflo.innova.Proforma','INSERT',584),(1125,'passwd','2011-04-28 23:37:15','22b698df67591c55e545afce3c77fb9a309072d3','horacio',NULL,'87b43435284539b2f7f4e4dcab5e78251c243226',NULL,'2011-04-28 23:37:15','com.vitaflo.innova.User','UPDATE',2),(1126,'username','2011-04-28 23:37:15','CPI','horacio',NULL,'cpi',NULL,'2011-04-28 23:37:15','com.vitaflo.innova.User','UPDATE',2),(1127,'passwd','2011-04-28 23:37:58','87b43435284539b2f7f4e4dcab5e78251c243226','horacio',NULL,'2314b2e3a4a1f7db165be2aafbf1efd78f28cc97',NULL,'2011-04-28 23:37:58','com.vitaflo.innova.User','UPDATE',2),(1128,NULL,'2011-05-09 15:31:34',NULL,'Flor',NULL,NULL,NULL,'2011-05-09 15:31:34','com.vitaflo.innova.Proforma','INSERT',587),(1129,NULL,'2011-05-09 15:31:45',NULL,'Flor',NULL,NULL,0,'2011-05-09 15:31:45','com.vitaflo.innova.Proforma','DELETE',587),(1130,NULL,'2011-05-09 15:34:02',NULL,'Flor',NULL,NULL,NULL,'2011-05-09 15:34:02','com.vitaflo.innova.Proforma','INSERT',588),(1131,NULL,'2011-05-09 15:48:16',NULL,'Flor',NULL,NULL,NULL,'2011-05-09 15:48:16','com.vitaflo.innova.Proforma','INSERT',589),(1132,'status','2011-05-10 11:52:35','Creada','Flor',NULL,'Aprobada',NULL,'2011-05-10 11:52:35','com.vitaflo.innova.Proforma','UPDATE',588),(1133,'status','2011-05-10 11:52:36','Creada','Flor',NULL,'Aprobada',NULL,'2011-05-10 11:52:36','com.vitaflo.innova.Proforma','UPDATE',589),(1134,'status','2011-05-10 11:52:39','Creada','Flor',NULL,'Aprobada',NULL,'2011-05-10 11:52:39','com.vitaflo.innova.Proforma','UPDATE',590),(1135,'status','2011-05-10 11:52:50','Creada','Flor',NULL,'Aprobada',NULL,'2011-05-10 11:52:50','com.vitaflo.innova.Proforma','UPDATE',585),(1136,'status','2011-05-10 11:52:56','Creada','Flor',NULL,'Aprobada',NULL,'2011-05-10 11:52:56','com.vitaflo.innova.Proforma','UPDATE',584),(1137,'status','2011-05-10 11:52:58','Creada','Flor',NULL,'Aprobada',NULL,'2011-05-10 11:52:58','com.vitaflo.innova.Proforma','UPDATE',583),(1138,'status','2011-05-10 11:53:20','Creada','Flor',NULL,'Aprobada',NULL,'2011-05-10 11:53:20','com.vitaflo.innova.Proforma','UPDATE',575),(1139,NULL,'2011-05-10 13:03:12',NULL,'Flor',NULL,NULL,NULL,'2011-05-10 13:03:12','com.vitaflo.innova.Patient','INSERT',145),(1140,NULL,'2011-05-10 13:03:51',NULL,'Flor',NULL,NULL,NULL,'2011-05-10 13:03:51','com.vitaflo.innova.Client','INSERT',149),(1141,'client','2011-05-10 13:04:36','Admifarm Group S.A','Flor',NULL,'Cyntia Quiroga',NULL,'2011-05-10 13:04:36','com.vitaflo.innova.Patient','UPDATE',145),(1142,'country','2011-05-10 13:04:36','Argentina','Flor',NULL,'Argentina',NULL,'2011-05-10 13:04:36','com.vitaflo.innova.Patient','UPDATE',145),(1143,NULL,'2011-05-10 13:06:14',NULL,'Flor',NULL,NULL,NULL,'2011-05-10 13:06:14','com.vitaflo.innova.Proforma','INSERT',591),(1144,'adverseEvent','2011-05-10 16:55:41',NULL,'Flor',NULL,'No le gusto el Gel. Toma Maxamaid 5 medidas en 4 tomas',NULL,'2011-05-10 16:55:41','com.vitaflo.innova.Patient','UPDATE',145),(1145,'birth','2011-05-10 16:55:41','2011-05-10 00:00:00.0','Flor',NULL,'Fri May 06 00:00:00 ART 2005',NULL,'2011-05-10 16:55:41','com.vitaflo.innova.Patient','UPDATE',145),(1146,'client','2011-05-10 16:55:41','Cyntia Quiroga','Flor',NULL,'Cyntia Quiroga',NULL,'2011-05-10 16:55:41','com.vitaflo.innova.Patient','UPDATE',145),(1147,'contactName','2011-05-10 16:55:41','Cyntia','Flor',NULL,'Cintia Gallardo',NULL,'2011-05-10 16:55:41','com.vitaflo.innova.Patient','UPDATE',145),(1148,'country','2011-05-10 16:55:41','Argentina','Flor',NULL,'Argentina',NULL,'2011-05-10 16:55:41','com.vitaflo.innova.Patient','UPDATE',145),(1149,'deliveryAddress','2011-05-10 16:55:41',NULL,'Flor',NULL,'300 Viviendas Tira 17 B Dto. 1 (9410) Ushuaia, Tierra del Fuego',NULL,'2011-05-10 16:55:41','com.vitaflo.innova.Patient','UPDATE',145),(1150,'phone','2011-05-10 16:55:42',NULL,'Flor',NULL,'2901 15535073',NULL,'2011-05-10 16:55:42','com.vitaflo.innova.Patient','UPDATE',145),(1151,NULL,'2011-05-12 12:18:39',NULL,'Flor',NULL,NULL,NULL,'2011-05-12 12:18:39','com.vitaflo.innova.Patient','INSERT',146),(1152,NULL,'2011-05-12 12:23:52',NULL,'Flor',NULL,NULL,NULL,'2011-05-12 12:23:52','com.vitaflo.innova.Proforma','INSERT',592),(1153,'client','2011-05-12 12:25:47','OSDE','Flor',NULL,'OSDE',NULL,'2011-05-12 12:25:47','com.vitaflo.innova.Proforma','UPDATE',592),(1154,'patient','2011-05-12 12:25:47','Perini Sauzet, Juan Ignacio','Flor',NULL,'Perini Sauzet, Juan Ignacio',NULL,'2011-05-12 12:25:47','com.vitaflo.innova.Proforma','UPDATE',592),(1155,'client','2011-05-12 12:26:25','OSDE','Flor',NULL,'OSDE',NULL,'2011-05-12 12:26:25','com.vitaflo.innova.Proforma','UPDATE',592),(1156,'patient','2011-05-12 12:26:25','Perini Sauzet, Juan Ignacio','Flor',NULL,'Perini Sauzet, Juan Ignacio',NULL,'2011-05-12 12:26:25','com.vitaflo.innova.Proforma','UPDATE',592),(1157,NULL,'2011-05-12 12:59:34',NULL,'Flor',NULL,NULL,NULL,'2011-05-12 12:59:34','com.vitaflo.innova.Proforma','INSERT',593),(1158,NULL,'2011-05-16 13:29:05',NULL,'Flor',NULL,NULL,NULL,'2011-05-16 13:29:05','com.vitaflo.innova.Proforma','INSERT',594),(1159,NULL,'2011-05-16 13:39:16',NULL,'Flor',NULL,NULL,NULL,'2011-05-16 13:39:16','com.vitaflo.innova.Proforma','INSERT',595),(1160,NULL,'2011-05-16 17:23:26',NULL,'Flor',NULL,NULL,NULL,'2011-05-16 17:23:26','com.vitaflo.innova.Patient','INSERT',147),(1161,NULL,'2011-05-16 17:24:58',NULL,'Flor',NULL,NULL,NULL,'2011-05-16 17:24:58','com.vitaflo.innova.Client','INSERT',150),(1162,'country','2011-05-16 17:25:11','Argentina','Flor',NULL,'Argentina',NULL,'2011-05-16 17:25:11','com.vitaflo.innova.Client','UPDATE',150),(1163,'ivaResponsibleType','2011-05-16 17:25:11',NULL,'Flor',NULL,'exento',NULL,'2011-05-16 17:25:11','com.vitaflo.innova.Client','UPDATE',150),(1164,'client','2011-05-16 17:25:39','Admifarm Group S.A','Flor',NULL,'Farmacia Uatre',NULL,'2011-05-16 17:25:39','com.vitaflo.innova.Patient','UPDATE',147),(1165,'country','2011-05-16 17:25:39','Argentina','Flor',NULL,'Argentina',NULL,'2011-05-16 17:25:39','com.vitaflo.innova.Patient','UPDATE',147),(1166,'status','2011-05-16 17:25:57','Creada','Flor',NULL,'Aprobada',NULL,'2011-05-16 17:25:57','com.vitaflo.innova.Proforma','UPDATE',595),(1167,'status','2011-05-16 17:26:01','Creada','Flor',NULL,'Aprobada',NULL,'2011-05-16 17:26:01','com.vitaflo.innova.Proforma','UPDATE',594),(1168,'status','2011-05-16 17:26:05','Creada','Flor',NULL,'Aprobada',NULL,'2011-05-16 17:26:05','com.vitaflo.innova.Proforma','UPDATE',593),(1169,'status','2011-05-16 17:26:09','Creada','Flor',NULL,'Aprobada',NULL,'2011-05-16 17:26:09','com.vitaflo.innova.Proforma','UPDATE',592),(1170,'status','2011-05-16 17:26:17','Creada','Flor',NULL,'Aprobada',NULL,'2011-05-16 17:26:17','com.vitaflo.innova.Proforma','UPDATE',591),(1171,NULL,'2011-05-16 17:27:49',NULL,'Flor',NULL,NULL,NULL,'2011-05-16 17:27:49','com.vitaflo.innova.Proforma','INSERT',596),(1172,NULL,'2011-05-16 17:47:58',NULL,'Flor',NULL,NULL,NULL,'2011-05-16 17:47:58','com.vitaflo.innova.Proforma','INSERT',597),(1173,NULL,'2011-05-19 15:47:45',NULL,'Flor',NULL,NULL,NULL,'2011-05-19 15:47:45','com.vitaflo.innova.Client','INSERT',151),(1174,'birth','2011-05-19 15:52:22','2011-05-19 00:00:00.0','Flor',NULL,'Thu May 19 00:00:00 ART 2005',NULL,'2011-05-19 15:52:22','com.vitaflo.innova.Patient','UPDATE',148),(1175,'client','2011-05-19 15:52:22','Admifarm Group S.A','Flor',NULL,'Subsecretaria de Desarrollo Social',NULL,'2011-05-19 15:52:22','com.vitaflo.innova.Patient','UPDATE',148),(1176,'contactName','2011-05-19 15:52:22','Lic. Gustavo Navarro','Flor',NULL,'Madre',NULL,'2011-05-19 15:52:22','com.vitaflo.innova.Patient','UPDATE',148),(1177,'country','2011-05-19 15:52:22','Argentina','Flor',NULL,'Argentina',NULL,'2011-05-19 15:52:22','com.vitaflo.innova.Patient','UPDATE',148),(1178,'dose','2011-05-19 15:52:22',NULL,'Flor',NULL,'3.0',NULL,'2011-05-19 15:52:22','com.vitaflo.innova.Patient','UPDATE',148),(1179,'doseUnit','2011-05-19 15:52:22',NULL,'Flor',NULL,'sachets',NULL,'2011-05-19 15:52:22','com.vitaflo.innova.Patient','UPDATE',148),(1180,'phone','2011-05-19 15:52:22',NULL,'Flor',NULL,'0385 815458648',NULL,'2011-05-19 15:52:22','com.vitaflo.innova.Patient','UPDATE',148),(1181,'contact','2011-05-19 15:53:18','Lic. Gustavo Navarro','Flor',NULL,'Lic. Gustavo Navarro / Soledad Alvaroz',NULL,'2011-05-19 15:53:18','com.vitaflo.innova.Client','UPDATE',151),(1182,'country','2011-05-19 15:53:18','Argentina','Flor',NULL,'Argentina',NULL,'2011-05-19 15:53:18','com.vitaflo.innova.Client','UPDATE',151),(1183,NULL,'2011-05-19 15:54:47',NULL,'Flor',NULL,NULL,NULL,'2011-05-19 15:54:47','com.vitaflo.innova.Proforma','INSERT',598),(1184,'address','2011-05-20 15:37:58',NULL,'Flor',NULL,'Reconquista 630 Piso 6 - CABA',NULL,'2011-05-20 15:37:58','com.vitaflo.innova.Client','UPDATE',150),(1185,'contact','2011-05-20 15:37:58','LIc. Marta Arviza','Flor',NULL,'Lic. Marta Arviza',NULL,'2011-05-20 15:37:58','com.vitaflo.innova.Client','UPDATE',150),(1186,'country','2011-05-20 15:37:58','Argentina','Flor',NULL,'Argentina',NULL,'2011-05-20 15:37:58','com.vitaflo.innova.Client','UPDATE',150),(1187,'cuit','2011-05-20 15:37:58',NULL,'Flor',NULL,'30533062233',NULL,'2011-05-20 15:37:58','com.vitaflo.innova.Client','UPDATE',150),(1188,'name','2011-05-20 15:37:58','Farmacia Uatre','Flor',NULL,'Unión Argentina de Trabajadores Rurales y Estibadores',NULL,'2011-05-20 15:37:58','com.vitaflo.innova.Client','UPDATE',150),(1189,'phone','2011-05-20 15:37:58',NULL,'Flor',NULL,'43133442/4313-3449',NULL,'2011-05-20 15:37:58','com.vitaflo.innova.Client','UPDATE',150),(1190,NULL,'2011-05-24 12:51:48',NULL,'Flor',NULL,NULL,NULL,'2011-05-24 12:51:48','com.vitaflo.innova.Proforma','INSERT',599),(1191,NULL,'2011-05-24 13:18:11',NULL,'Flor',NULL,NULL,NULL,'2011-05-24 13:18:11','com.vitaflo.innova.Proforma','INSERT',600),(1192,'status','2011-05-24 13:23:07','Creada','Flor',NULL,'Aprobada',NULL,'2011-05-24 13:23:07','com.vitaflo.innova.Proforma','UPDATE',600),(1193,'status','2011-05-24 13:23:09','Creada','Flor',NULL,'Aprobada',NULL,'2011-05-24 13:23:09','com.vitaflo.innova.Proforma','UPDATE',599),(1194,'status','2011-05-24 13:23:17','Creada','Flor',NULL,'Aprobada',NULL,'2011-05-24 13:23:17','com.vitaflo.innova.Proforma','UPDATE',597),(1195,'status','2011-05-24 13:23:24','Creada','Flor',NULL,'Aprobada',NULL,'2011-05-24 13:23:24','com.vitaflo.innova.Proforma','UPDATE',596),(1196,'status','2011-05-24 13:23:52','Creada','Flor',NULL,'Aprobada',NULL,'2011-05-24 13:23:52','com.vitaflo.innova.Proforma','UPDATE',578),(1197,'status','2011-05-24 13:24:16','Creada','Flor',NULL,'Aprobada',NULL,'2011-05-24 13:24:16','com.vitaflo.innova.Proforma','UPDATE',562),(1198,'status','2011-05-24 13:24:27','Creada','Flor',NULL,'Aprobada',NULL,'2011-05-24 13:24:27','com.vitaflo.innova.Proforma','UPDATE',560),(1199,'status','2011-05-24 13:25:16','Creada','Flor',NULL,'Anulada',NULL,'2011-05-24 13:25:16','com.vitaflo.innova.Proforma','UPDATE',540),(1200,'status','2011-05-24 13:25:19','Anulada','Flor',NULL,'Aprobada',NULL,'2011-05-24 13:25:19','com.vitaflo.innova.Proforma','UPDATE',540),(1201,'status','2011-05-24 13:25:36','Creada','Flor',NULL,'Aprobada',NULL,'2011-05-24 13:25:36','com.vitaflo.innova.Proforma','UPDATE',536),(1202,NULL,'2011-05-24 13:42:12',NULL,'Flor',NULL,NULL,NULL,'2011-05-24 13:42:12','com.vitaflo.innova.Proforma','INSERT',601),(1203,NULL,'2011-05-24 16:56:41',NULL,'Flor',NULL,NULL,NULL,'2011-05-24 16:56:41','com.vitaflo.innova.Proforma','INSERT',602),(1204,'client','2011-05-24 16:57:26','OSDE','Flor',NULL,'OSDE',NULL,'2011-05-24 16:57:26','com.vitaflo.innova.Proforma','UPDATE',602),(1205,'patient','2011-05-24 16:57:26','Araya, Beltran','Flor',NULL,'Araya, Beltran',NULL,'2011-05-24 16:57:26','com.vitaflo.innova.Proforma','UPDATE',602),(1206,'status','2011-05-24 17:08:50','Creada','Flor',NULL,'Aprobada',NULL,'2011-05-24 17:08:50','com.vitaflo.innova.Proforma','UPDATE',602),(1207,NULL,'2011-05-27 15:20:41',NULL,'Flor',NULL,NULL,NULL,'2011-05-27 15:20:41','com.vitaflo.innova.Proforma','INSERT',603),(1208,'client','2011-05-27 15:25:48','OSECAC','Flor',NULL,'OSECAC',NULL,'2011-05-27 15:25:48','com.vitaflo.innova.Proforma','UPDATE',603),(1209,'dollarValue','2011-05-27 15:25:49','411.0','Flor',NULL,'4.11',NULL,'2011-05-27 15:25:49','com.vitaflo.innova.Proforma','UPDATE',603),(1210,'patient','2011-05-27 15:25:50','Tutic, Agustina','Flor',NULL,'Tutic, Agustina',NULL,'2011-05-27 15:25:50','com.vitaflo.innova.Proforma','UPDATE',603),(1211,NULL,'2011-05-27 15:29:01',NULL,'Flor',NULL,NULL,1,'2011-05-27 15:29:01','com.vitaflo.innova.Proforma','DELETE',603),(1212,NULL,'2011-05-27 15:30:39',NULL,'Flor',NULL,NULL,NULL,'2011-05-27 15:30:39','com.vitaflo.innova.Proforma','INSERT',604),(1213,'drug','2011-05-30 12:41:54','Mezcla de Aminoacidos','horacio',NULL,'Mezcla de Aminoacidos',NULL,'2011-05-30 12:41:54','com.vitaflo.innova.Product','UPDATE',92),(1214,'selPrice','2011-05-30 12:41:54','300.0','horacio',NULL,'495.0',NULL,'2011-05-30 12:41:54','com.vitaflo.innova.Product','UPDATE',92),(1215,'supplier','2011-05-30 12:41:54','Vitaflo U.K','horacio',NULL,'Vitaflo U.K',NULL,'2011-05-30 12:41:54','com.vitaflo.innova.Product','UPDATE',92),(1216,NULL,'2011-05-30 13:41:44',NULL,'Flor',NULL,NULL,NULL,'2011-05-30 13:41:44','com.vitaflo.innova.Proforma','INSERT',605),(1217,NULL,'2011-06-01 11:26:46',NULL,'Flor',NULL,NULL,NULL,'2011-06-01 11:26:46','com.vitaflo.innova.Proforma','INSERT',607),(1218,NULL,'2011-06-02 12:07:03',NULL,'Flor',NULL,NULL,NULL,'2011-06-02 12:07:03','com.vitaflo.innova.Proforma','INSERT',608),(1219,NULL,'2011-06-02 17:03:22',NULL,'Flor',NULL,NULL,NULL,'2011-06-02 17:03:22','com.vitaflo.innova.Proforma','INSERT',609),(1220,'status','2011-06-08 15:28:46','Creada','Flor',NULL,'Aprobada',NULL,'2011-06-08 15:28:46','com.vitaflo.innova.Proforma','UPDATE',606),(1221,'status','2011-06-08 15:28:46','Creada','Flor',NULL,'Aprobada',NULL,'2011-06-08 15:28:46','com.vitaflo.innova.Proforma','UPDATE',605),(1222,'status','2011-06-08 15:28:46','Creada','Flor',NULL,'Aprobada',NULL,'2011-06-08 15:28:46','com.vitaflo.innova.Proforma','UPDATE',604),(1223,'status','2011-06-08 16:07:24','Creada','Flor',NULL,'Aprobada',NULL,'2011-06-08 16:07:24','com.vitaflo.innova.Proforma','UPDATE',609),(1224,'status','2011-06-08 16:07:32','Creada','Flor',NULL,'Aprobada',NULL,'2011-06-08 16:07:32','com.vitaflo.innova.Proforma','UPDATE',607),(1225,'status','2011-06-08 16:07:36','Creada','Flor',NULL,'Aprobada',NULL,'2011-06-08 16:07:36','com.vitaflo.innova.Proforma','UPDATE',601),(1226,'status','2011-06-08 16:07:40','Creada','Flor',NULL,'Aprobada',NULL,'2011-06-08 16:07:40','com.vitaflo.innova.Proforma','UPDATE',598),(1227,NULL,'2011-06-08 16:11:54',NULL,'Flor',NULL,NULL,NULL,'2011-06-08 16:11:54','com.vitaflo.innova.Proforma','INSERT',610),(1228,'adverseEvent','2011-06-08 17:15:31',NULL,'Flor',NULL,'Gel; sin sabor y nja / Cooler Todos',NULL,'2011-06-08 17:15:31','com.vitaflo.innova.Patient','UPDATE',143),(1229,'client','2011-06-08 17:15:31','Obra Social Agentes de Propaganda Medica','Flor',NULL,'Obra Social Agentes de Propaganda Medica',NULL,'2011-06-08 17:15:31','com.vitaflo.innova.Patient','UPDATE',143),(1230,'clinicalStatus','2011-06-08 17:15:31','PKU gel','Flor',NULL,'PKU gel / PKU cooler 10',NULL,'2011-06-08 17:15:31','com.vitaflo.innova.Patient','UPDATE',143),(1231,'country','2011-06-08 17:15:31','Argentina','Flor',NULL,'Argentina',NULL,'2011-06-08 17:15:31','com.vitaflo.innova.Patient','UPDATE',143),(1232,'doseUnit','2011-06-08 17:15:31',NULL,'Flor',NULL,'sobres',NULL,'2011-06-08 17:15:31','com.vitaflo.innova.Patient','UPDATE',143),(1233,'physician','2011-06-08 17:15:31','Mariana Nuñez','Flor',NULL,'Mariana Nu&ntilde;ez',NULL,'2011-06-08 17:15:31','com.vitaflo.innova.Patient','UPDATE',143),(1234,'client','2011-06-08 17:15:51','Obra Social Agentes de Propaganda Medica','Flor',NULL,'Obra Social Agentes de Propaganda Medica',NULL,'2011-06-08 17:15:51','com.vitaflo.innova.Patient','UPDATE',143),(1235,'country','2011-06-08 17:15:51','Argentina','Flor',NULL,'Argentina',NULL,'2011-06-08 17:15:51','com.vitaflo.innova.Patient','UPDATE',143),(1236,'physician','2011-06-08 17:15:51','Mariana Nu&ntilde;ez','Flor',NULL,'Mariana Nuñez',NULL,'2011-06-08 17:15:51','com.vitaflo.innova.Patient','UPDATE',143),(1237,'country','2011-06-08 17:17:24','Argentina','Flor',NULL,'Argentina',NULL,'2011-06-08 17:17:24','com.vitaflo.innova.Client','UPDATE',148),(1238,'cuit','2011-06-08 17:17:24',NULL,'Flor',NULL,'30623134659',NULL,'2011-06-08 17:17:24','com.vitaflo.innova.Client','UPDATE',148),(1239,'ivaResponsibleType','2011-06-08 17:17:24',NULL,'Flor',NULL,'inscripto',NULL,'2011-06-08 17:17:24','com.vitaflo.innova.Client','UPDATE',148),(1240,NULL,'2011-06-10 15:09:09',NULL,'Flor',NULL,NULL,NULL,'2011-06-10 15:09:09','com.vitaflo.innova.Proforma','INSERT',612),(1241,NULL,'2011-06-13 10:51:54',NULL,'Flor',NULL,NULL,NULL,'2011-06-13 10:51:54','com.vitaflo.innova.Patient','INSERT',149),(1242,NULL,'2011-06-13 10:52:41',NULL,'Flor',NULL,NULL,NULL,'2011-06-13 10:52:41','com.vitaflo.innova.Patient','INSERT',150),(1243,'status','2011-06-13 16:02:36','Creada','Flor',NULL,'Aprobada',NULL,'2011-06-13 16:02:36','com.vitaflo.innova.Proforma','UPDATE',612),(1244,'status','2011-06-13 16:02:41','Creada','Flor',NULL,'Aprobada',NULL,'2011-06-13 16:02:41','com.vitaflo.innova.Proforma','UPDATE',611),(1245,'status','2011-06-13 16:02:44','Creada','Flor',NULL,'Aprobada',NULL,'2011-06-13 16:02:44','com.vitaflo.innova.Proforma','UPDATE',610),(1246,'status','2011-06-13 16:02:47','Creada','Flor',NULL,'Aprobada',NULL,'2011-06-13 16:02:47','com.vitaflo.innova.Proforma','UPDATE',608),(1247,NULL,'2011-06-13 16:03:51',NULL,'Flor',NULL,NULL,NULL,'2011-06-13 16:03:51','com.vitaflo.innova.Proforma','INSERT',613),(1248,'status','2011-06-14 10:58:32','Creada','Flor',NULL,'Aprobada',NULL,'2011-06-14 10:58:32','com.vitaflo.innova.Proforma','UPDATE',581),(1249,'status','2011-06-14 10:59:05','Creada','Flor',NULL,'Aprobada',NULL,'2011-06-14 10:59:05','com.vitaflo.innova.Proforma','UPDATE',551),(1250,'status','2011-06-14 10:59:18','Creada','Flor',NULL,'Anulada',NULL,'2011-06-14 10:59:18','com.vitaflo.innova.Proforma','UPDATE',535),(1251,NULL,'2011-06-14 11:03:56',NULL,'Flor',NULL,NULL,NULL,'2011-06-14 11:03:56','com.vitaflo.innova.Proforma','INSERT',614),(1252,'status','2011-06-21 10:35:49','Creada','Flor',NULL,'Aprobada',NULL,'2011-06-21 10:35:49','com.vitaflo.innova.Proforma','UPDATE',614),(1253,'status','2011-06-21 10:35:50','Creada','Flor',NULL,'Aprobada',NULL,'2011-06-21 10:35:50','com.vitaflo.innova.Proforma','UPDATE',615),(1254,NULL,'2011-06-21 11:06:33',NULL,'Flor',NULL,NULL,NULL,'2011-06-21 11:06:33','com.vitaflo.innova.Proforma','INSERT',616),(1255,'comercialName','2011-06-21 11:14:36','PKUI Cooler 20','horacio',NULL,'PKU Cooler 20',NULL,'2011-06-21 11:14:36','com.vitaflo.innova.Product','UPDATE',70),(1256,'doseUnit','2011-06-21 11:14:36','ml','horacio',NULL,NULL,NULL,'2011-06-21 11:14:36','com.vitaflo.innova.Product','UPDATE',70),(1257,'drug','2011-06-21 11:14:36','Mezcla de Aminoacidos','horacio',NULL,'Mezcla de Aminoacidos',NULL,'2011-06-21 11:14:36','com.vitaflo.innova.Product','UPDATE',70),(1258,'name','2011-06-21 11:14:36','PKUI Cooler 20 naranja','horacio',NULL,'PKU Cooler 20 naranja',NULL,'2011-06-21 11:14:36','com.vitaflo.innova.Product','UPDATE',70),(1259,'supplier','2011-06-21 11:14:36','Vitaflo U.K','horacio',NULL,'Vitaflo U.K',NULL,'2011-06-21 11:14:36','com.vitaflo.innova.Product','UPDATE',70),(1260,'comercialName','2011-06-21 11:15:09','PKUI Cooler 20','horacio',NULL,'PKU Cooler 20',NULL,'2011-06-21 11:15:09','com.vitaflo.innova.Product','UPDATE',71),(1261,'doseUnit','2011-06-21 11:15:09','ml','horacio',NULL,NULL,NULL,'2011-06-21 11:15:09','com.vitaflo.innova.Product','UPDATE',71),(1262,'drug','2011-06-21 11:15:09','Mezcla de Aminoacidos','horacio',NULL,'Mezcla de Aminoacidos',NULL,'2011-06-21 11:15:09','com.vitaflo.innova.Product','UPDATE',71),(1263,'name','2011-06-21 11:15:10','PKUI Cooler 20 uva','horacio',NULL,'PKU Cooler 20 uva',NULL,'2011-06-21 11:15:10','com.vitaflo.innova.Product','UPDATE',71),(1264,'supplier','2011-06-21 11:15:10','Vitaflo U.K','horacio',NULL,'Vitaflo U.K',NULL,'2011-06-21 11:15:10','com.vitaflo.innova.Product','UPDATE',71),(1265,NULL,'2011-06-21 11:17:47',NULL,'horacio',NULL,NULL,NULL,'2011-06-21 11:17:47','com.vitaflo.innova.Product','INSERT',93),(1266,NULL,'2011-06-21 11:32:31',NULL,'Flor',NULL,NULL,NULL,'2011-06-21 11:32:31','com.vitaflo.innova.Proforma','INSERT',617),(1267,NULL,'2011-06-22 15:41:28',NULL,'Flor',NULL,NULL,NULL,'2011-06-22 15:41:28','com.vitaflo.innova.Patient','INSERT',151),(1268,'status','2011-06-22 15:42:28','Creada','Flor',NULL,'Anulada',NULL,'2011-06-22 15:42:28','com.vitaflo.innova.Proforma','UPDATE',618),(1269,'status','2011-06-22 15:46:35','Enabled','Flor',NULL,'Deleted',NULL,'2011-06-22 15:46:35','com.vitaflo.innova.Patient','UPDATE',151),(1270,NULL,'2011-06-22 15:50:26',NULL,'Flor',NULL,NULL,NULL,'2011-06-22 15:50:26','com.vitaflo.innova.Proforma','INSERT',619),(1271,'client','2011-06-23 10:50:03','OSDE','Flor',NULL,'OSDE',NULL,'2011-06-23 10:50:03','com.vitaflo.innova.Proforma','UPDATE',620),(1272,'dollarValue','2011-06-23 10:50:05','4.12','Flor',NULL,'4.13',NULL,'2011-06-23 10:50:05','com.vitaflo.innova.Proforma','UPDATE',620),(1273,'patient','2011-06-23 10:50:05','Araya, Beltran','Flor',NULL,'Araya, Beltran',NULL,'2011-06-23 10:50:05','com.vitaflo.innova.Proforma','UPDATE',620),(1274,NULL,'2011-06-23 16:37:02',NULL,'Flor',NULL,NULL,NULL,'2011-06-23 16:37:02','com.vitaflo.innova.Proforma','INSERT',621),(1275,'client','2011-06-24 15:58:17','OSDAAP','Flor',NULL,'OSDAAP',NULL,'2011-06-24 15:58:17','com.vitaflo.innova.Proforma','UPDATE',622),(1276,'patient','2011-06-24 15:58:18','Bruzzone, Gregorio','Flor',NULL,'Bruzzone, Gregorio',NULL,'2011-06-24 15:58:18','com.vitaflo.innova.Proforma','UPDATE',622),(1277,'status','2011-06-24 16:04:29','Creada','Flor',NULL,'Aprobada',NULL,'2011-06-24 16:04:29','com.vitaflo.innova.Proforma','UPDATE',621),(1278,'status','2011-06-24 16:04:30','Creada','Flor',NULL,'Aprobada',NULL,'2011-06-24 16:04:30','com.vitaflo.innova.Proforma','UPDATE',620),(1279,'status','2011-06-24 16:06:03','Creada','Flor',NULL,'Anulada',NULL,'2011-06-24 16:06:03','com.vitaflo.innova.Proforma','UPDATE',617),(1280,NULL,'2011-06-30 14:37:12',NULL,'Flor',NULL,NULL,NULL,'2011-06-30 14:37:12','com.vitaflo.innova.Proforma','INSERT',625),(1281,NULL,'2011-06-30 15:11:38',NULL,'Flor',NULL,NULL,0,'2011-06-30 15:11:38','com.vitaflo.innova.Proforma','DELETE',624),(1282,'status','2011-06-30 15:11:50','Creada','Flor',NULL,'Aprobada',NULL,'2011-06-30 15:11:50','com.vitaflo.innova.Proforma','UPDATE',623),(1283,NULL,'2011-06-30 15:12:46',NULL,'Flor',NULL,NULL,NULL,'2011-06-30 15:12:46','com.vitaflo.innova.Proforma','INSERT',626),(1284,'status','2011-07-04 10:46:03','Creada','Flor',NULL,'Aprobada',NULL,'2011-07-04 10:46:03','com.vitaflo.innova.Proforma','UPDATE',616),(1285,NULL,'2011-07-04 11:03:35',NULL,'Flor',NULL,NULL,NULL,'2011-07-04 11:03:35','com.vitaflo.innova.Proforma','INSERT',627),(1286,NULL,'2011-07-04 13:04:40',NULL,'Flor',NULL,NULL,NULL,'2011-07-04 13:04:40','com.vitaflo.innova.Proforma','INSERT',628),(1287,'client','2011-07-04 13:06:02','OSECAC','Flor',NULL,'OSECAC',NULL,'2011-07-04 13:06:02','com.vitaflo.innova.Proforma','UPDATE',628),(1288,'patient','2011-07-04 13:06:02','Tutic, Agustina','Flor',NULL,'Melchor, Aldana',NULL,'2011-07-04 13:06:02','com.vitaflo.innova.Proforma','UPDATE',628),(1289,'client','2011-07-04 13:06:46','OSECAC','Flor',NULL,'OSECAC',NULL,'2011-07-04 13:06:46','com.vitaflo.innova.Proforma','UPDATE',628),(1290,'patient','2011-07-04 13:06:46','Melchor, Aldana','Flor',NULL,'Melchor, Aldana',NULL,'2011-07-04 13:06:46','com.vitaflo.innova.Proforma','UPDATE',628),(1291,'client','2011-07-05 11:00:26','Farmacia Sanseau','Flor',NULL,'Farmacia Sanseau',NULL,'2011-07-05 11:00:26','com.vitaflo.innova.Proforma','UPDATE',629),(1292,'discount','2011-07-05 11:00:27','0','Flor',NULL,'30',NULL,'2011-07-05 11:00:27','com.vitaflo.innova.Proforma','UPDATE',629),(1293,'client','2011-07-05 11:00:55','Farmacia Sanseau','Flor',NULL,'Farmacia Sanseau',NULL,'2011-07-05 11:00:55','com.vitaflo.innova.Proforma','UPDATE',629),(1294,'discount','2011-07-05 11:00:55','30','Flor',NULL,'40',NULL,'2011-07-05 11:00:55','com.vitaflo.innova.Proforma','UPDATE',629),(1295,NULL,'2011-07-05 11:12:08',NULL,'Flor',NULL,NULL,NULL,'2011-07-05 11:12:08','com.vitaflo.innova.Client','INSERT',152),(1296,'client','2011-07-05 11:14:09','Admifarm Group S.A','Flor',NULL,'Admifarm Group S.A',NULL,'2011-07-05 11:14:09','com.vitaflo.innova.Patient','UPDATE',140),(1297,'country','2011-07-05 11:14:09','Argentina','Flor',NULL,'Argentina',NULL,'2011-07-05 11:14:09','com.vitaflo.innova.Patient','UPDATE',140),(1298,'deliveryAddress','2011-07-05 11:14:09',NULL,'Flor',NULL,'Admifarm Group le compra a Del Retiro Salud S.A',NULL,'2011-07-05 11:14:09','com.vitaflo.innova.Patient','UPDATE',140),(1299,NULL,'2011-07-05 11:15:37',NULL,'Flor',NULL,NULL,NULL,'2011-07-05 11:15:37','com.vitaflo.innova.Proforma','INSERT',630),(1300,'client','2011-07-05 11:15:37','Admifarm Group S.A','Flor',NULL,'Del Retiro Salud S.A',NULL,'2011-07-05 11:15:37','com.vitaflo.innova.Patient','UPDATE',140),(1301,NULL,'2011-07-05 11:23:05',NULL,'Flor',NULL,NULL,NULL,'2011-07-05 11:23:05','com.vitaflo.innova.Patient','INSERT',152),(1302,'adverseEvent','2011-07-05 11:23:26',NULL,'Flor',NULL,'PKU gel frambuesa',NULL,'2011-07-05 11:23:26','com.vitaflo.innova.Patient','UPDATE',152),(1303,'client','2011-07-05 11:23:26','Del Retiro Salud S.A','Flor',NULL,'Del Retiro Salud S.A',NULL,'2011-07-05 11:23:26','com.vitaflo.innova.Patient','UPDATE',152),(1304,'contactName','2011-07-05 11:23:26','Valeria (mamá)','Flor',NULL,'Valeria (mam&aacute;)',NULL,'2011-07-05 11:23:26','com.vitaflo.innova.Patient','UPDATE',152),(1305,'country','2011-07-05 11:23:26','Argentina','Flor',NULL,'Argentina',NULL,'2011-07-05 11:23:26','com.vitaflo.innova.Patient','UPDATE',152),(1306,'client','2011-07-05 11:23:58','Del Retiro Salud S.A','Flor',NULL,'Del Retiro Salud S.A',NULL,'2011-07-05 11:23:58','com.vitaflo.innova.Patient','UPDATE',152),(1307,'contactName','2011-07-05 11:23:58','Valeria (mam&aacute;)','Flor',NULL,'Valeria (madre)',NULL,'2011-07-05 11:23:58','com.vitaflo.innova.Patient','UPDATE',152),(1308,'country','2011-07-05 11:23:58','Argentina','Flor',NULL,'Argentina',NULL,'2011-07-05 11:23:58','com.vitaflo.innova.Patient','UPDATE',152),(1309,NULL,'2011-07-05 11:25:03',NULL,'Flor',NULL,NULL,NULL,'2011-07-05 11:25:03','com.vitaflo.innova.Proforma','INSERT',631),(1310,NULL,'2011-07-05 11:52:27',NULL,'Flor',NULL,NULL,NULL,'2011-07-05 11:52:27','com.vitaflo.innova.Proforma','INSERT',632);
/*!40000 ALTER TABLE `audit_log` ENABLE KEYS */;
UNLOCK TABLES;

--
-- Table structure for table `clients`
--

DROP TABLE IF EXISTS `clients`;
SET @saved_cs_client     = @@character_set_client;
SET character_set_client = utf8;
CREATE TABLE `clients` (
  `id` int(10) unsigned NOT NULL auto_increment,
  `name` varchar(100) NOT NULL,
  `address` varchar(45) default NULL,
  `telephone` varchar(45) default NULL,
  `email` varchar(45) default NULL,
  `status` enum('Enabled','Disabled','Deleted') default 'Enabled',
  `contact` varchar(45) default NULL,
  `version` bigint(20) default NULL,
  `country_id` bigint(20) default NULL,
  `cuit` varchar(255) default NULL,
  `iva` varchar(11) default NULL,
  PRIMARY KEY  (`id`),
  KEY `FK334B8608D5F7034F` (`country_id`)
) ENGINE=MyISAM AUTO_INCREMENT=153 DEFAULT CHARSET=utf8;
SET character_set_client = @saved_cs_client;

--
-- Dumping data for table `clients`
--

LOCK TABLES `clients` WRITE;
/*!40000 ALTER TABLE `clients` DISABLE KEYS */;
INSERT INTO `clients` VALUES (95,'OSECAC',NULL,NULL,'','Deleted','',1,1,NULL,NULL),(96,'MEDICUS S.A','Larrea 877 Piso 2, CABA','4129 5438','gjatar@medicus.com.ar','Enabled','Compras: Gustavo Jatar , Analía',1,1,'30546771314','inscripto'),(97,'Fundacion Co ME. I','Lavalle 1118 Piso 5 Dto. I CABA','43823971','','Enabled','Farmacia Sra. Daniela',3,1,'30665692465','inscripto'),(98,'MEDICUS S.A',NULL,NULL,'','Deleted','',1,1,NULL,NULL),(99,'OSDEPYM','Rodriguez Peña 538','4373-5740/4371-8957','','Enabled','Laura o Ana',1,1,NULL,NULL),(100,'OSDE','AV. Leandro N. Alem 1067 Piso 5','4510-6972','','Enabled','Compras: Veronica Castagnino',3,1,'30546741253','inscripto'),(101,'OSDAAP','Venezuela 900 (1095) CABA','4331-1411','mara.pellegrini@ospdep.com','Enabled','Compras: Mara Pellegrini',1,1,'30709054100','exento'),(102,'OSPIA','EEUU 1532','4305-1611/48','compras@ospiacapital.org.ar','Enabled','Compras: Santiago',2,1,'30643997734','exento'),(103,'Union Personal','Tucuman 949 (1049) CABA','52229556','vfernandez@unionpersonal.com.ar','Enabled','Veronica Fernandez, Banco de Drogas',2,1,'30683032227','inscripto'),(104,'OSDEPYM',NULL,NULL,'','Deleted','',1,1,NULL,NULL),(105,'IOMA',NULL,NULL,'','Deleted','',1,1,NULL,NULL),(106,'OSPLAD','Tacuarí 345, CABA','52465100','','Enabled','Patologias Especiales, Dra. Siotti',1,1,'30546666189','inscripto'),(107,'Ana Laura Parada','Pte Perón 363 B. 90 Casa 63 (8340) Zapala ','Neuquen 0294215543955','anarodry_81@hotmail.com','Enabled','Reintegro',1,1,'Inst de Seg. Social Neuquen','noinscripto'),(108,'IOSE',NULL,'4964-1800 int 1777','','Enabled','Dra Otegui',1,1,NULL,NULL),(109,'Domingo Cullen','Av. Real 9191 Country Golf (2000) Rosario ','Karin 0341 154687444','kherfarth@mps-arg.com.ar','Enabled','Madre: Karin Herfarth',1,1,'000','noinscripto'),(110,'Emiliana Panichelli','Tafi 729, B. Parque Atlántica (5000) Cba','Madre 0351 155210114','','Enabled','Madre: Emiliana Panichelli',1,1,'000','noinscripto'),(111,'Obra Social del Personal Gráfico','Av. Belgrano 2530, CABA','4308 2678 Int 122 / 4942 9825','farmacia@ospg.org.ar','Enabled','Esther',1,1,'3058736816','exento'),(112,'Hospital Privado de Córdoba','Avenida Naciones Unidas 346 Córdoba','0351-468-8200','','Enabled','',1,1,NULL,NULL),(113,'Instituto de Previsión Social de Misiones ','Bolivar 134 - Posadas- Misiones','03752-448675','','Enabled','',1,1,NULL,NULL),(114,'OSECAC','Moreno 648, CABA','4332-4239 / 4332-4217','compras@osecac.com.ar','Enabled','Compras. Zulema, Leandro',1,1,'30550273558','inscripto'),(115,'Inst de Previsión Social de Tucumán','Las Piedras 530 P.4, S. M de Tucuman','03814311814','','Enabled','Abogado: José Dantur',1,1,'000','exento'),(116,'IOMA','Calle 46 Nº 886 (1900) La Plata','02214211962','','Enabled','Farmacia: Susana, Valeria, Luana',1,1,'3062824527','exento'),(117,'GALENO',NULL,NULL,'','Deleted','',1,1,NULL,NULL),(118,'AMUR',NULL,NULL,'','Deleted','',1,1,NULL,NULL),(119,'Droguería Biológicas de Nora Witon','Gutenberg 3872 Piso: 2 º Villa Devoto CABA)','4503-8852/ 4587-6356','','Enabled','',1,1,NULL,NULL),(120,'Luis Hernán Martinez Crespo','Chacabuco 285 (9400) Rio Gallegos, Santa Cruz','02966-15409704','normachehda@live.com.ar','Enabled','Madre: Norma Chehda ',6,1,'Reintegro Swiss Medical Group N 8000060796839020015','noinscripto'),(121,'Prestadores Sanatoriales S.A','Tucuman 2129, Posadas, Prov. de Misiones','03752 434200','atencionalcliente@consaludonline.com.ar','Enabled','Farmacia: Ariel ',0,1,'30687910636','inscripto'),(122,'OSJOMN','Libertad 1668, CABA','4815 3102','','Enabled','Compras: Mariela Olguin',0,1,'',NULL),(123,'Farmaline S.A','Av. Carlos Forest 731, CABA','4556 2700 / 4556 2716','flanguasco@farmaline.net','Enabled','Fabian Languasco',0,1,'30702949455','inscripto'),(124,'Leonardo Chialva','Av. Leandro N. Alem 651 Piso 3 (10 a 17hs)','40068260','paolacav@hotmail.com','Enabled','Madre: Paola Cavacliacco',0,1,'Reintegro Swiss Medical Group N 8000060741554041028','noinscripto'),(125,'OSPACA','Pte Luis Saenz Peña 1144 (1110) CABA','4305 1910 Int 302','','Enabled','Miriam Tobar ',0,1,'30530955253','exento'),(126,'Went S.A','Av. Corrientes 901 (1043) CABA','4322 1001 Int 120','','Enabled','Nadina Pereyra',0,1,'30707579583','inscripto'),(127,'Hospital de Niños Victor Vilela ','Virasoro 1855 (2000) Rosario, Santa Fe','03414808125 Int 242) / 0341 4808131','','Enabled','Farmacia: Mauro',0,1,'30999003156','exento'),(128,'Pharmathia S.A','Av. Salvador María del Carril 2901, CABA','45720341','','Enabled','Daniel',0,1,'30710487002','inscripto'),(129,'Gastón Altoe','Felipe Boero 4075 Unidad 18, B. el Jauel ','(1714) Ituzaingo 4481 1920','gastonaltoe@gmail.com','Enabled','Padre: Gastón Altoe',0,1,'000','noinscripto'),(130,'Familia Benitez','Serrano 365, Adrogue ','4214 5113 / 15 66159244','billar3bandas@yahoo.es','Enabled','Veronica 1532108609 / Gustavo',1,1,'000','noinscripto'),(131,'Gustavo Toraño','San Martín 201 P.7 (1004) CABA','Madre 15 67279331','','Enabled','Madre: Cecilia Toraño',0,1,'000','noinscripto'),(132,'Hospital de Niños Dr. Orlando Alassia','Mendoza 4151 (3000) Santa Fe','0342 4505997 / 0342 4505975','licitacionesalassia@gmail.com','Enabled','Lic. Andres Luna',0,1,'',NULL),(133,'PAMI',NULL,NULL,'','Enabled','',0,1,'',NULL),(134,'Familia Amoedo',NULL,NULL,'','Enabled','',0,1,'',NULL),(135,'Familia Ramos',NULL,NULL,'','Enabled','',0,1,'',NULL),(136,'Familia Sanchez',NULL,NULL,'','Enabled','',0,1,'',NULL),(137,'Familia Francia',NULL,NULL,'','Enabled','',0,1,'',NULL),(138,'Familia Calvo',NULL,NULL,'','Enabled','',0,1,'',NULL),(139,'Familia Contreras',NULL,NULL,'','Enabled','',0,1,'',NULL),(140,'Admifarm Group S.A','Hipolito Yrigoyen 1628 Piso 1 (1089) CABA','4010 0200 / Fax 4010 0250','rsconza@admifarmgroup.com','Enabled','Rosalía Sconza',0,1,'30709814733','inscripto'),(141,'Swiss Medical Group S.A',NULL,'5239 6400 int 5128 (Auditoria) ','andres.escuredo@swissmedical.com.ar','Enabled','Compras: Andres Tel: 5239 7227',0,1,'','inscripto'),(142,'Axxa Pharma S.A','Solis 2125 CABA','4116 4890 / ','dominguez@axxapharma.com.ar','Enabled','Alejandro Dominguez / Cecilia Pedone',0,1,'30710261551','inscripto'),(143,'O.S.V.V.R.A','Moreno 2045 (1094) CABA','52371900','comprasprestacionales@redsocialfuva.org.ar','Enabled','Rodrigo',0,1,'','inscripto'),(144,'Obra Social Bancaria Argentina','Av. Gaona 2197, CABA','43407310 / 43407397','','Enabled','Guadalupe / Patricia (Compras)',2,1,'30691561468','exento'),(145,'Farmacia Sanseau','Huanguelen','(02933)432130','','Deleted','(02933)432130',1,1,'208350742','inscripto'),(146,'Farmacia Sanseau','Calle 28 N 933 (7545) Huanguelen','(02933)432130','jorgesanseau@hotmail.com','Enabled','(02933)432130',1,1,'208350742','inscripto'),(147,'Anabella Laura','Di Ciocco',NULL,'','Enabled','',0,1,'',NULL),(148,'Obra Social Agentes de Propaganda Medica','Avellaneda 2144 (C1406FYT) CABA','4633-7878','alebonis@apm.org.ar','Enabled','Alejandra ',2,1,'30623134659','inscripto'),(149,'Cyntia Quiroga',NULL,NULL,'','Enabled','',0,1,'',NULL),(150,'Unión Argentina de Trabajadores Rurales y Estibadores','Reconquista 630 Piso 6 - CABA','43133442/4313-3449','farmacia@uatre.org.ar','Enabled','Lic. Marta Arviza',2,1,'30533062233','exento'),(151,'Subsecretaria de Desarrollo Social ','Av. Belgrano Sur 2050 , Santiago del Estero','03854242098','','Enabled','Lic. Gustavo Navarro / Soledad Alvaroz',1,1,'30709205680','inscripto'),(152,'Del Retiro Salud S.A','Cochabamba 3641 (1252) CABA','4957 6764 ','danikorman@hotmail.com','Enabled','Lic. Daniela Korman',0,1,'30711460051','inscripto');
/*!40000 ALTER TABLE `clients` ENABLE KEYS */;
UNLOCK TABLES;

--
-- Table structure for table `clinical_history`
--

DROP TABLE IF EXISTS `clinical_history`;
SET @saved_cs_client     = @@character_set_client;
SET character_set_client = utf8;
CREATE TABLE `clinical_history` (
  `id` bigint(20) NOT NULL auto_increment,
  `version` bigint(20) NOT NULL,
  `title` varchar(255) NOT NULL,
  `patient_id` bigint(20) NOT NULL,
  `description` longtext NOT NULL,
  `date` datetime NOT NULL,
  PRIMARY KEY  (`id`),
  KEY `FKE10E4F682F7C98EF` (`patient_id`)
) ENGINE=MyISAM DEFAULT CHARSET=latin1;
SET character_set_client = @saved_cs_client;

--
-- Dumping data for table `clinical_history`
--

LOCK TABLES `clinical_history` WRITE;
/*!40000 ALTER TABLE `clinical_history` DISABLE KEYS */;
/*!40000 ALTER TABLE `clinical_history` ENABLE KEYS */;
UNLOCK TABLES;

--
-- Table structure for table `countries`
--

DROP TABLE IF EXISTS `countries`;
SET @saved_cs_client     = @@character_set_client;
SET character_set_client = utf8;
CREATE TABLE `countries` (
  `id` bigint(20) NOT NULL auto_increment,
  `version` bigint(20) NOT NULL,
  `code` varchar(255) NOT NULL,
  `name` varchar(255) NOT NULL,
  PRIMARY KEY  (`id`)
) ENGINE=MyISAM AUTO_INCREMENT=11 DEFAULT CHARSET=utf8;
SET character_set_client = @saved_cs_client;

--
-- Dumping data for table `countries`
--

LOCK TABLES `countries` WRITE;
/*!40000 ALTER TABLE `countries` DISABLE KEYS */;
INSERT INTO `countries` VALUES (1,0,'AR','Argentina'),(2,0,'BR','Brasil'),(3,0,'CO','Colombia'),(4,0,'CH','Chile'),(5,0,'CO','Ecuador'),(6,0,'VE','Venezuela'),(7,0,'UR','Uruguay'),(8,0,'BO','Bolivia'),(9,0,'PE','Peru'),(10,0,'MX','Mexico');
/*!40000 ALTER TABLE `countries` ENABLE KEYS */;
UNLOCK TABLES;

--
-- Table structure for table `drugs`
--

DROP TABLE IF EXISTS `drugs`;
SET @saved_cs_client     = @@character_set_client;
SET character_set_client = utf8;
CREATE TABLE `drugs` (
  `id` int(10) unsigned NOT NULL auto_increment,
  `name` varchar(45) NOT NULL default '',
  `status` enum('Enabled','Disabled') NOT NULL default 'Enabled',
  `version` bigint(20) default NULL,
  PRIMARY KEY  (`id`)
) ENGINE=MyISAM AUTO_INCREMENT=55 DEFAULT CHARSET=utf8;
SET character_set_client = @saved_cs_client;

--
-- Dumping data for table `drugs`
--

LOCK TABLES `drugs` WRITE;
/*!40000 ALTER TABLE `drugs` DISABLE KEYS */;
INSERT INTO `drugs` VALUES (41,'Mezcla de Aminoacidos','Enabled',0),(42,'Aminoacido','Enabled',0),(43,'Sustituto proteico libre de fenilalanina','Enabled',0),(44,'libre de leucina, isoleucina y valina','Enabled',0),(45,'Sustituto proteico libre de metionina ','Enabled',0),(46,'Sto proteico libre de tirosina y fenilalanina','Enabled',0),(47,'arginina a base de carbohidratos ','Enabled',0),(48,'cistina a base de carbohidratos ','Enabled',0),(49,'tirosina a base de carbohidratos ','Enabled',0),(50,'isoleucina a base de carbohidratos','Enabled',0),(51,'valina a base de carbohidratos','Enabled',0),(52,'de bajo contenido proteico','Enabled',0),(53,'Saborizantes libres de proteínas','Enabled',0),(54,'Proteinas y Carbihidratos','Enabled',0);
/*!40000 ALTER TABLE `drugs` ENABLE KEYS */;
UNLOCK TABLES;

--
-- Table structure for table `invoices`
--

DROP TABLE IF EXISTS `invoices`;
SET @saved_cs_client     = @@character_set_client;
SET character_set_client = utf8;
CREATE TABLE `invoices` (
  `id` int(10) unsigned NOT NULL auto_increment,
  `created_at` datetime default NULL,
  `proforma_id` int(10) unsigned default NULL,
  `code` varchar(45) default NULL,
  `client_id` int(10) default NULL,
  `amount` decimal(10,2) default NULL,
  `date` date default NULL,
  `status` enum('Pendiente','Pagada','Entregada') NOT NULL default 'Pendiente',
  `concile` int(10) unsigned default NULL,
  `version` bigint(20) default NULL,
  `delivery_date` datetime default NULL,
  `purchase_id` bigint(20) default NULL,
  PRIMARY KEY  (`id`),
  KEY `FK25F222E6E4BB2F65` (`purchase_id`),
  KEY `FK25F222E66E093105` (`proforma_id`)
) ENGINE=MyISAM AUTO_INCREMENT=131 DEFAULT CHARSET=utf8;
SET character_set_client = @saved_cs_client;

--
-- Dumping data for table `invoices`
--

LOCK TABLES `invoices` WRITE;
/*!40000 ALTER TABLE `invoices` DISABLE KEYS */;
/*!40000 ALTER TABLE `invoices` ENABLE KEYS */;
UNLOCK TABLES;

--
-- Table structure for table `notes`
--

DROP TABLE IF EXISTS `notes`;
SET @saved_cs_client     = @@character_set_client;
SET character_set_client = utf8;
CREATE TABLE `notes` (
  `id` int(10) unsigned NOT NULL auto_increment,
  `patient_id` int(10) unsigned NOT NULL,
  `created_at` datetime default NULL,
  `text` text,
  `user_id` int(10) unsigned NOT NULL,
  PRIMARY KEY  (`id`)
) ENGINE=InnoDB DEFAULT CHARSET=utf8;
SET character_set_client = @saved_cs_client;

--
-- Dumping data for table `notes`
--

LOCK TABLES `notes` WRITE;
/*!40000 ALTER TABLE `notes` DISABLE KEYS */;
/*!40000 ALTER TABLE `notes` ENABLE KEYS */;
UNLOCK TABLES;

--
-- Table structure for table `patient_product_stock`
--

DROP TABLE IF EXISTS `patient_product_stock`;
SET @saved_cs_client     = @@character_set_client;
SET character_set_client = utf8;
CREATE TABLE `patient_product_stock` (
  `id` bigint(20) NOT NULL auto_increment,
  `version` bigint(20) NOT NULL,
  `next_id` bigint(20) default NULL,
  `notified` bit(1) NOT NULL,
  `patient_id` bigint(20) NOT NULL,
  `product_id` bigint(20) NOT NULL,
  `proforma_id` bigint(20) NOT NULL,
  `running_out_of_stock_date` datetime NOT NULL,
  `start_date` datetime NOT NULL,
  PRIMARY KEY  (`id`),
  KEY `FKB351080C7C7A5EC8` (`next_id`),
  KEY `FKB351080C2F7C98EF` (`patient_id`),
  KEY `FKB351080C6E093105` (`proforma_id`),
  KEY `FKB351080C2F8F58AF` (`product_id`)
) ENGINE=MyISAM DEFAULT CHARSET=utf8;
SET character_set_client = @saved_cs_client;

--
-- Dumping data for table `patient_product_stock`
--

LOCK TABLES `patient_product_stock` WRITE;
/*!40000 ALTER TABLE `patient_product_stock` DISABLE KEYS */;
/*!40000 ALTER TABLE `patient_product_stock` ENABLE KEYS */;
UNLOCK TABLES;

--
-- Table structure for table `patients`
--

DROP TABLE IF EXISTS `patients`;
SET @saved_cs_client     = @@character_set_client;
SET character_set_client = utf8;
CREATE TABLE `patients` (
  `id` int(10) unsigned NOT NULL auto_increment,
  `first_name` varchar(45) default NULL,
  `last_name` varchar(45) default NULL,
  `client_id` int(10) unsigned default NULL,
  `status` enum('Enabled','Disabled','Deleted') default 'Enabled',
  `telephone` varchar(45) default NULL,
  `contact` varchar(45) default NULL,
  `version` bigint(20) default NULL,
  `adverse_event` varchar(255) default NULL,
  `birth` datetime default NULL,
  `clinical_history` varchar(255) default NULL,
  `clinical_status` varchar(255) default NULL,
  `country_id` bigint(20) default NULL,
  `delivery_address` varchar(255) default NULL,
  `dose` double default NULL,
  `height` double default NULL,
  `pathology` varchar(255) default NULL,
  `physician` varchar(255) default NULL,
  `weight` double default NULL,
  `dose_unit` varchar(10) default NULL,
  `initials` varchar(255) default NULL,
  PRIMARY KEY  (`id`),
  KEY `FK49A9760ED5F7034F` (`country_id`),
  KEY `FK49A9760EC07819E5` (`client_id`)
) ENGINE=MyISAM AUTO_INCREMENT=153 DEFAULT CHARSET=utf8;
SET character_set_client = @saved_cs_client;

--
-- Dumping data for table `patients`
--

LOCK TABLES `patients` WRITE;
/*!40000 ALTER TABLE `patients` DISABLE KEYS */;
INSERT INTO `patients` VALUES (88,'Franco ','Casimiro',103,'Enabled','3526 9207','drale55@hotmail.com',4,NULL,'2007-05-18 00:00:00',NULL,'MMAPA Gel ',1,'Av. de los Incas 5048\r\nCABA\r\nCasa Abuelos \r\n',3,NULL,'Acidemia Propionica','Delfina Marchione',NULL,NULL,'FC'),(89,'Mirtha Lydia ','Paszkewicz',100,'Enabled','4552-4276- T: 4571-7416(9a 13 hs)','cabralrosa@arnet.com.ar',3,NULL,'1990-05-26 00:00:00',NULL,'PKU cooler 20 nja / sin sabor',1,'Centro de Discapacitados Trabaja la Madre: Pje Alemania 2782 Capital (hasta las 16hs)\r\n\r\nDomicilio Particular:\r\nAv. Forest 1318 Piso 3 B CABA',2,NULL,'Fenilcetonuria','Norma Specola',NULL,'ml','MLP'),(90,'Marco ','Antonacci',100,'Enabled','4784-8446 /15-62938555','adelcarril@gmail.com',4,NULL,'2000-05-26 00:00:00',NULL,'PKU cooler 15 naranja',1,'Casa del paciente\r\nEcheverria 2210 Piso 5 Dto. B.  C1428DRL CABA',3,NULL,'Fenilcetonuria','Norma Specola',NULL,NULL,'MA'),(91,'Agostina','Martinez Chehda',120,'Enabled','Norma: 02966 15409704','normachehda@live.com.ar',3,NULL,'2002-05-26 00:00:00',NULL,'PKU cooler 10 naranja',1,'Norma Chehda\r\nChacabuco 285\r\n(9400) Rio Gallegos, Santa Cruz',1,NULL,'Hiperfenilalaninemia','Ana Chiesa',NULL,'ml','AMCh'),(92,'Joaquin ','Marchi',99,'Deleted','4659-8755 T: 4372-5905/4372-6327','mamarchi@ciudad.com.ar',3,NULL,'2010-05-27 00:00:00',NULL,NULL,1,'Obra Social Rodriguez Peña 538, Tel 4373-5740/4371-8957 (Laura o Analía)\r\nó trabajo madre Callao 232 Piso 7 Dto. 14',NULL,NULL,'Fenilcetonuria','Ana Chiesa',NULL,NULL,'JM'),(93,'Beltran ','Araya',100,'Enabled','4871-1192 / 1553296387','Madre: Eugenia Zucchi ',3,NULL,'2007-05-27 00:00:00',NULL,'PKU cooler 10 naranja',1,'Casa del paciente\r\nDel Nogal Nº 5, Barrio La Alameda, 1670 Nordelta Bs As',3,NULL,'Fenilcetonuria','Mariana Nuñez',NULL,NULL,'BA'),(94,'Delfina ','Bernotazzi',97,'Enabled','4298-9457 / 15 66754697','Madre: Milena Elmo',4,NULL,'2006-05-27 00:00:00',NULL,'PKU gel sin sabor',1,'Pichincha 443, entre Dorrego y Vicente Lopez CP 1834 Temperley.\r\nConsultorio Hugo Bertonazzi(padre) día martes de 9 a 19 hs Viamonte 1716 Piso 1 Dto 6 CABA',4,NULL,'Fenilcetonuria','Mariana Nuñez',NULL,NULL,'DB'),(95,'Facundo ','Montenegro Toraño',116,'Enabled','1567279331','Cecilia (Madre)',1,NULL,'2006-05-27 00:00:00',NULL,'VitaBite',1,'Calle 46 Nº 886 Piso 3º \r\n(1900) La Plata, Bs. As.',NULL,NULL,'Fenilcetonuria ','Mariana Nuñez',NULL,NULL,'FMT'),(96,'Gregorio','Bruzzone',101,'Enabled','0341 156196734 /(P) 0341 4374322','Daniel y Karina: danbruzzone@hotmail.com',2,NULL,'1995-05-27 00:00:00',NULL,'PKU cooler 15 uva',1,'Filial Rosario:\r\nSan Lorenzo 1072 Local 1, (2000) Rosario, Santa Fe.',3,NULL,'Fenilcetonuria','Ana Chiesa',NULL,NULL,'GB'),(97,'Sofia Maia ','Nocera Obey',103,'Deleted','','',1,NULL,'2010-06-14 00:00:00',NULL,NULL,1,NULL,NULL,NULL,'Acidemia Propionica','Delfina Marchione',NULL,NULL,'SMNO'),(98,'Lautaro','Fernandez Vega',100,'Enabled','4210-2987/15 514339121  ','Madre Yesica ',2,NULL,'2001-06-14 00:00:00',NULL,'VitaBite',1,'Calle 346 Nº3160 \r\nentre 381 y 382\r\n(1878) Quilmes Buenos Aires',NULL,NULL,'Fenilcetonuria','Norma Specola',NULL,NULL,'LFV'),(99,'Juan ','Cullen',109,'Enabled','0341 154687444','Madre: Karin',2,NULL,'2007-06-14 00:00:00',NULL,'VitaBite',1,'Av. Real 9191 Country Golf\r\n2000 Rosario, Santa Fe',NULL,NULL,'Fenilcetonuria','Ana Chiesa',NULL,NULL,'JC'),(100,'Rodrigo ','Domingo Sanchez',107,'Enabled','','',0,NULL,'2010-06-14 00:00:00',NULL,NULL,1,NULL,NULL,NULL,'Fenilcetonuria','Ana Chiesa',NULL,NULL,'RDS'),(101,'Michael ','Hernandez',108,'Enabled',' 02944-15343832','Paula (mamá)',2,NULL,'2003-07-03 00:00:00',NULL,'HCU Express',1,'Barrio Parque 3 de Caballería\r\nCasa N. 2\r\n(8370) San Martín de los Andes, Neuquén',2,NULL,'Homocistinuria','Dra Graciela Otermin / Soledad Kleppe',NULL,NULL,'MH'),(102,'Juan Bautista ','Calvo',138,'Enabled','4481 1920','Padre: Gastón Altoe ',2,NULL,'2000-06-14 00:00:00',NULL,'VitaBite',1,'Felipe Boero 4075 Unidad 18\r\nBarrio Cerrado el Jauel\r\nItuzaingó, Buenos Aires',NULL,NULL,'Fenilcetonuria','Ana Chiesa',NULL,NULL,'JBC'),(103,'Valentina ','Amoedo',107,'Deleted','','',2,NULL,'2010-07-12 00:00:00',NULL,NULL,1,NULL,NULL,NULL,'Fenilcetonuria','Ana Chiesa ',NULL,NULL,'VA'),(104,'Maite',NULL,118,'Enabled','','',0,NULL,'2010-07-12 00:00:00',NULL,NULL,1,NULL,NULL,NULL,'PKU','Norma Specola',NULL,NULL,'M'),(105,'Santiago','Chialva',124,'Enabled','P: 4006 8260','Paola Cavacliacco: paolacav@hotmail.com',1,NULL,'2009-07-12 00:00:00',NULL,'VitaBite',1,'Leonardo Chialva (Padre)\r\nLeandro N. Alem 651 Piso 3\r\nCABA \r\nHorario: 10 a 17hs',NULL,NULL,'Fenilcetonuria','Mariana Nuñez',NULL,NULL,'SCH'),(106,'Nicolas','Villar',118,'Deleted','','',1,NULL,'2010-07-12 00:00:00',NULL,NULL,1,NULL,NULL,NULL,'PKU','Ana Chiesa',NULL,NULL,'NV'),(107,'Karen','Candia',128,'Enabled','','',2,NULL,'2010-07-14 00:00:00',NULL,'VitaBite',1,NULL,NULL,NULL,'Fenilcetonuria','Mariana Nuñez',NULL,NULL,'KC'),(108,'Angela','Francia',137,'Enabled','0351 155210114','Madre. Emiliana Panichelli',2,NULL,'2006-07-14 00:00:00',NULL,'VitaBite',1,'Tafi 729, Barrio Parque Atlántica\r\n5000 Provincia de Cordoba\r\n',NULL,NULL,'Fenilcetonuria','Norma Specola',NULL,NULL,'AF'),(109,'Juan Cruz','Rotta',97,'Deleted','','',2,NULL,'2010-07-14 00:00:00',NULL,NULL,1,NULL,NULL,NULL,'Tirosinemia','Luisa Bay',NULL,NULL,'JR'),(110,'Lucas ','Contreras',139,'Enabled','02302 434171 / 02302 15415810','Madre: Marcela ',1,NULL,'2004-04-29 00:00:00',NULL,'VitaBite',1,'Calle 302 N 991 \r\n(6360) General Pico\r\nProv. ',NULL,NULL,'Tirosinemia','DRA Patricia Caglio / Lic. Silvina Guisande',NULL,NULL,'LC'),(111,'Rocio','Valdez',115,'Enabled','Mercedes: 03863 15515228 ','Mercedes del Valle Prat (Madre)',2,NULL,'1986-09-23 00:00:00',NULL,'MSUD Express 40 ',1,'25 de Mayo 130\r\nSimoca, Tucumán',2,NULL,'Orina con olor a jarabe de Arce','Norma Specola',NULL,NULL,'RV'),(112,'Tomas','Pisicelli',100,'Enabled','0221 155410500 / 0221 4712355','Cecilia Piaggio',1,NULL,'2005-07-14 00:00:00',NULL,'PKU cooler 10 uva (para vacaciones)',1,'Calle 20 N4231\r\n(entre 489 Y 490)\r\n1900 - La Plata ',NULL,NULL,'Fenilcetonuria','Mariana Nuñez',NULL,NULL,'TP'),(113,'Nicolas','Villar',106,'Enabled','Ma. Elena 15 61062821 / P 4586 5338','Ma Elena Merela ',3,NULL,'2000-07-15 00:00:00',NULL,'PKU Express naranja / Neophe',1,'Nazca 1854 Piso 7 Dto. C\r\nCABA',2,NULL,'Fenilcetonuria','Ana Chiesa',NULL,NULL,'NV'),(114,'Paula','Watanave',116,'Enabled','03488 516965 / 15 54256084 ','Mauricio (padre) mauriwata@yahoo.com.ar',1,NULL,'2008-10-24 00:00:00',NULL,'2 MMAPA gel',1,'Gabriela (Hermana)\r\nAv. Dorrego 2765 Piso 17 Dto.A \r\n2do cuerpo, CABA',17,NULL,'Acidemia Metil Malonica','Norma Specola',NULL,NULL,'PW'),(115,'Nicolas Tadeo','Duda',100,'Enabled','48247761','',1,NULL,'1993-07-15 00:00:00',NULL,'VitaBite',1,'Charcas 3678 Piso 4 Dto. 9\r\nCABA',NULL,NULL,'Fenilcetonuria','Ana Chiesa',NULL,NULL,'ND'),(116,'Ignacio','Pizzolini',133,'Enabled','1559373301','Stella Maris',1,NULL,'1988-07-15 00:00:00',NULL,'PKU express nja / PKU cooler 20 uva',1,'Thorne 1326 Piso 3 Dto. C\r\nParque Chacabuco\r\nCABA',40,NULL,'Fenilcetonuria','Norma Specola',NULL,NULL,'IP'),(117,'Agustina','Tutic',114,'Enabled','Paola 153570 7051 /T 4305 0330 ','Paola Murua ',1,NULL,'1998-07-15 00:00:00',NULL,'PKU express nja / PKU cooler 15 nja y uva',1,'OSECAC\r\nSector Farmacia\r\nMoreno 648\r\nCABA',4,NULL,'Fenilcetonuria','Norma Specola - Mariana Nu&ntilde;ez',NULL,NULL,'AT'),(118,NULL,'De Stefano',96,'Enabled','','',2,NULL,'2010-07-15 00:00:00',NULL,'PKU cooler 20 naranja',1,'Medicus S.A\r\nSector Farmacia\r\nAzcuenaga 910 Subsuelo\r\nCABA',1,NULL,'Fenilcetonuria','Ana Chiesa',NULL,NULL,'DS'),(119,'Martina','Benitez',114,'Enabled','03492 15596999','',1,NULL,'2006-07-15 00:00:00',NULL,'Valina',1,'Dimas Mateos 1607\r\nRafaela, Santa Fe',NULL,NULL,'Orina con Olor a Jarabe de Arce','Soledad Kleppe',NULL,NULL,'MB'),(120,'Katherine','Gomez',102,'Enabled','Mabel: 15 3226 6690 / Rubén: 15 58421880 ','Mabel y Rubén',1,NULL,'1997-07-15 00:00:00',NULL,'PKU cooler 20 uva',1,'Compañia de los Andes\r\nRuta 8 km 17.800\r\nProv. de Bs. As.',2,NULL,'Fenilcetonuria','Dra. Marina Szlago / Lic. Silvana Lavorgna',NULL,NULL,'KG'),(121,'Rosario','Zelaya',115,'Enabled','03863 15418718','Queca / Julio',1,NULL,'2002-11-26 00:00:00',NULL,'TYR gel ',1,'Dr. José Dantur\r\nCalle Gral Paz 4017 P. 1 Dto. A\r\nSan Miguel de Tucumán\r\n ',3,NULL,'Tirosinemia','Luisa Bay - Hernan Eiroa',NULL,NULL,'RZ'),(122,'Ornatowski','Antonella Luz',126,'Deleted','1530642422','Yanina Lopez (Mamá)',2,NULL,'2010-11-25 00:00:00',NULL,'PKU gel sin sabor, VitaBite',1,'Crisologo Larralde 5086\r\nVilla Dominico\r\nPcia de Bs. As.',4,NULL,'Fenilcetonuria','Ana Chiesa',NULL,NULL,'OA'),(123,'Ambar','Velbach',121,'Enabled','03755 427210','Patricia Mendez (Mam&aacute;)',1,NULL,'2009-10-13 00:00:00',NULL,'PKU gel sin sabor',1,'Prestadores Sanatoriales S.A\r\nSector Farmacia\r\nTucumán 2129\r\n(3300) Posadas, Misiones',2,NULL,'Fenilcetonuria','Ana Chiesa',NULL,NULL,'AV'),(124,'Theo','Logiurato de Barrio',116,'Enabled','0221 155641291 / 0221 4234872','Madre: Cristina de Barrio',0,NULL,'2004-02-28 00:00:00',NULL,'PKU gel naranja',1,'IOMA\r\nSubdirección de Farmacia Piso 3\r\nCalle 46 Nº 886\r\n(1900) La Plata',4,NULL,'Fenilcetonuria','Norma Specola',NULL,NULL,'TL'),(125,'Aldana','Melchor',114,'Enabled','','',0,NULL,'2000-02-28 00:00:00',NULL,'PKU express sin sabor',1,'OSECAC\r\nMoreno 648\r\nCABA',3,NULL,'Fenilcetonuria','Norma Specola',NULL,NULL,'AM'),(126,'Nadia','Bonocore',122,'Enabled','Gerardo: 15 54100880 / 4205 4078','Gerardo (Padre) / Estela (Abuela) 4205 7159',0,NULL,'2006-09-02 00:00:00',NULL,'EAA Supplement',1,'Av. Debenedetti 2100 Torre 3 B Piso 12 Dto. A\r\nAvellaneda, Pcia. Bs. As',1,NULL,'Alteracion del Ciclo de la Urea','Mariana Nuñez',NULL,NULL,'NB'),(127,'Candelaria','Baigorria Bazterrica',100,'Enabled','4811 9921 Abuelos','Padre: Cristian Baigorria',0,NULL,'2000-02-28 00:00:00',NULL,'2 PKU cooler 15 nja / 2 PKU cooler 10 uva',1,'Abuelos\r\nAv. Alvear 1799 Piso 4 \r\nCABA',50,NULL,'Fenilcetonuria','Marcela Cruz',NULL,NULL,'CB'),(128,'Fabricio','Castriotta',123,'Enabled','4278 8912 / T 4554 3190','Alberto (Padre)',0,NULL,'1995-02-28 00:00:00',NULL,'2 PKU cooler 20 naranja',1,'Trabajo Padre\r\nSantos Dumont 3526 Of 1\r\nEntre Piso , CABA\r\nHorario 9 a 10 y 14 a 17hs',40,NULL,'Fenilcetonuria','Mariana Nuñez',NULL,NULL,'FC'),(129,'Ariana','Ayala',125,'Enabled','Padre: 150358499 / Madre: 15376448485','Antonio / Lidia',0,NULL,'2009-02-28 00:00:00',NULL,'1 PKU gel naranja',1,'OSPACA\r\nSra. Miriam Tobar\r\nPte Luis Saenz Peña 1144\r\n(11110) CABA',8.4,NULL,'Fenilcetonuria','Ana Chiesa',NULL,NULL,'AA'),(130,'Antonella Luz','Ornatowfki',126,'Enabled','4206 0732 / Yanina 15 30642422 ','Diego 1531609337 / Abuela 4205 1164',0,NULL,'2010-11-25 00:00:00',NULL,'4 PKU gel sin sabor',1,'C. Larralde 5086 \r\nentre Magdalena y Chascomus\r\nVilla Dominica, Pcia. Bs. As',30,NULL,'Fenilcetonuria','Ana Chiesa',NULL,NULL,'AO'),(131,'Florencia Araceli','Diaz',111,'Enabled','','',0,NULL,'2011-02-28 00:00:00',NULL,'VitaBite',1,'Obra Social del Personal Gráfico\r\nFarmacia Sra. Esther\r\nAv. Belgrano 2530 \r\nCABA',NULL,NULL,'Fenilcetonuria',NULL,NULL,NULL,'FD'),(132,'Camila','Garnica',116,'Enabled','15 54799312','Marcelo (Padre)',0,NULL,'2011-02-28 00:00:00',NULL,'2 MCT Procal',1,'Iberá 5734\r\nCABA\r\n',2,NULL,'Anorexia Nerviosa','Lic. Natalia Furst',NULL,NULL,'CG'),(133,'Lucia','Aloisio',100,'Enabled','(P) 0237 4687045 / 15 58064720','Claudia Salminis (Madre)',0,NULL,'2006-02-28 00:00:00',NULL,'1 PKU gel naranja',1,'Cortejarena y EEUU\r\nBarrio Aras María Elena\r\nUnidad FuncionaL 34\r\nMoreno, Pcia. Bs. As.',8.4,NULL,'Hiperfenilalaninemia','Ana Chiesa',NULL,NULL,'LA'),(134,'Matias','Aquino',132,'Enabled','','',1,NULL,'2007-10-27 00:00:00',NULL,'2 Tyr gel + 2 flavourpac',1,'Hospital de Niños Dr. Orlando Alassia\r\nMendoza 451\r\n(3000) santa Fe',15,NULL,'Tirosinemia','Dra. Laura Girardi',NULL,NULL,'MA'),(135,'Nadina','Gaudio',133,'Enabled','4659 4150','Raquel (Madre)',1,NULL,'1990-02-28 00:00:00',NULL,'4 PKU express sin sabor',1,'Casique Yaite 970 \r\nentre Fraternidad y Fresco\r\n1706 - Haedo\r\nPcia de Bs. As',60,NULL,'Fenilcetonuria','Norma Specola',NULL,NULL,'NG'),(136,'Valentina','Amoedo',143,'Enabled','02323 434889','Madre: Gabriela',2,NULL,'2006-03-01 00:00:00',NULL,'VitaBite, PKU gel Naranja',1,NULL,4,NULL,'Fenilcetonuria','Ana Chiesa',NULL,NULL,'VA'),(137,'Agustin y Micaela','Ramos',135,'Enabled','15 66622730','Carmen / Camilo',1,NULL,'2001-03-01 00:00:00',NULL,'PKU gel sin sabor',1,'Pasaje las Flores y Monte Egno\r\nKm 28, Villa Escaso\r\n1755 - Rafael Castillo\r\nPcia. de Bs. As',3,NULL,'Fenilcetonuria','Luisa Bay',NULL,NULL,'AR'),(138,'Rodrigo Domingo','Sanchez',107,'Enabled','02942 15543955','Madre: Ana Laura',1,NULL,'2007-03-01 00:00:00',NULL,'VitaBite',1,'Presidente Perón 363\r\nBarrio 90 Vivienda 63\r\n8340 - Zapala, Pcia. de Neuquén',NULL,NULL,'Fenilcetonuria','Ana Chiesa',NULL,NULL,'RS'),(139,'Juan Manuel','Benitez',130,'Enabled','42145113','Padre: Gustavo',0,NULL,'2007-03-01 00:00:00',NULL,'VitaBite',1,'José Serrano 365\r\nAdrogue\r\nProv. de Buenos Aires',NULL,NULL,'Fenilcetonuria','Norma Specola',NULL,NULL,'JB'),(140,'Malena','Loducca',152,'Enabled','42079431','Daniela / Ariel',3,NULL,'2009-03-03 00:00:00',NULL,'PKU gel 4 cajas',1,'Admifarm Group le compra a Del Retiro Salud S.A ',4,NULL,'Fenilcetonuria','Ana Chiesa',NULL,NULL,'ML'),(141,'Ines','Machado',141,'Enabled','02262 424089 / 02262 15532856','Celina (Madre) ',1,NULL,'2009-03-18 00:00:00',NULL,'3 cajas PKU gel sin sabor',1,'Calle 26 N. 3417\r\n(7630) Necochea, \r\nProv. de Buenos Aires',3,NULL,'Fenilcetonuria','Ana Chiesa',NULL,NULL,'IM'),(142,'Brandon Esteban','Gomez',144,'Enabled','42833029 / 1556090098','Maria (mama)',1,NULL,'2011-04-15 00:00:00',NULL,'3 cajas PKU gel sin sabor',1,'Policlínico Bancario \r\nSector Farmacia\r\nAvenida Gaona 2197, CABA',3,NULL,'Fenilcetonuria','Ana Chiesa',NULL,NULL,'BG'),(143,'Ulises ','Dracopulus',148,'Enabled','02944 15581257','Karina Casanova',5,'Gel; sin sabor y nja / Cooler Todos','2008-04-12 00:00:00',NULL,'PKU gel / PKU cooler 10',1,'José Ingenieros N 43\r\nDina Huapi\r\n(8400) San Carlos de Bariloche',3,NULL,'Fenilcetonuria','Mariana Nuñez',NULL,'sobres','UD'),(144,'Sofia Micaela ','Noya',147,'Enabled','45711920','',1,NULL,'2005-02-10 00:00:00',NULL,NULL,1,NULL,NULL,NULL,'Fenilcetonuria',NULL,NULL,NULL,'SN'),(145,'Celeste ','Quiroga',149,'Enabled','2901 15535073','Cintia Gallardo',2,'No le gusto el Gel. Toma Maxamaid 5 medidas en 4 tomas','2005-05-06 00:00:00',NULL,'VitaBite',1,'300 Viviendas Tira 17 B Dto. 1 (9410) Ushuaia, Tierra del Fuego',NULL,NULL,'Orina con Olor a Jarabe de Arce',NULL,NULL,NULL,'CQ'),(146,'Juan Ignacio ','Perini Sauzet',100,'Enabled','1555829043 / 49031399','Leandro Perini (papa)',0,NULL,'2010-04-29 00:00:00',NULL,'PKU gel (3 cajas)',1,'Senillosa 33 Piso 15 Dto. A, CABA',3,NULL,'Fenilcetonuria','Ana Chiesa',NULL,'sobres','JP'),(147,'Juan Manuel / Juan Pablo','Sattler',150,'Enabled','0373115500816','Karina Avila',1,'Mellizos ','2004-05-03 00:00:00',NULL,'PKU gel naranja',1,'Coronel Bogado 370 (3730) Charata, Provincia de Chaco',4,NULL,'Fenilcetonuria','Ana Chiesa',NULL,'sobres','JS'),(148,'Ariel','Albornoz',151,'Enabled','0385 815458648','Madre',1,'3 cajas ','2005-05-19 00:00:00',NULL,'PKU cooler 10 naranja',1,NULL,3,NULL,'Fenilcetonuria','Lic Lavorgna / Cresta (Garrahan)',NULL,'sachets','AA'),(149,'De Bernardi, Romina Caren',NULL,142,'Enabled','','',0,'VitaBite','2011-06-13 00:00:00',NULL,NULL,1,NULL,NULL,NULL,NULL,NULL,NULL,NULL,'D'),(150,'Barbero, Elena Noelia',NULL,142,'Enabled','','',0,'VitaBite','2011-06-13 00:00:00',NULL,NULL,1,NULL,NULL,NULL,NULL,NULL,NULL,NULL,'B'),(151,'Agustín','De Gregorio',100,'Deleted','','',1,NULL,'2011-06-22 00:00:00',NULL,NULL,1,NULL,NULL,NULL,'PKU','DRA Chiesa',NULL,NULL,'AD'),(152,'Emilio ','Cogliano',152,'Enabled','','Valeria (madre)',2,'PKU gel frambuesa','2011-07-05 00:00:00',NULL,NULL,1,NULL,1,NULL,'PKU','Ana Chiesa',NULL,'sobres','EC');
/*!40000 ALTER TABLE `patients` ENABLE KEYS */;
UNLOCK TABLES;

--
-- Table structure for table `product_stock`
--

DROP TABLE IF EXISTS `product_stock`;
SET @saved_cs_client     = @@character_set_client;
SET character_set_client = utf8;
CREATE TABLE `product_stock` (
  `id` bigint(20) NOT NULL auto_increment,
  `version` bigint(20) NOT NULL,
  `expired_date` datetime default NULL,
  `lot` varchar(255) default NULL,
  `price_each` double NOT NULL,
  `product_id` bigint(20) NOT NULL,
  `purchase_id` bigint(20) NOT NULL,
  `quantity` int(11) NOT NULL,
  `sold` int(11) default '0',
  PRIMARY KEY  (`id`),
  KEY `FK529D77C6E4BB2F65` (`purchase_id`),
  KEY `FK529D77C62F8F58AF` (`product_id`)
) ENGINE=MyISAM DEFAULT CHARSET=latin1;
SET character_set_client = @saved_cs_client;

--
-- Dumping data for table `product_stock`
--

LOCK TABLES `product_stock` WRITE;
/*!40000 ALTER TABLE `product_stock` DISABLE KEYS */;
/*!40000 ALTER TABLE `product_stock` ENABLE KEYS */;
UNLOCK TABLES;

--
-- Table structure for table `product_stock_invoices`
--

DROP TABLE IF EXISTS `product_stock_invoices`;
SET @saved_cs_client     = @@character_set_client;
SET character_set_client = utf8;
CREATE TABLE `product_stock_invoices` (
  `product_stock_invoices_id` bigint(20) default NULL,
  `invoice_id` bigint(20) default NULL,
  KEY `FK8DBD3B3FF53ABD4D` (`product_stock_invoices_id`),
  KEY `FK8DBD3B3FC04FC7EF` (`invoice_id`)
) ENGINE=MyISAM DEFAULT CHARSET=latin1;
SET character_set_client = @saved_cs_client;

--
-- Dumping data for table `product_stock_invoices`
--

LOCK TABLES `product_stock_invoices` WRITE;
/*!40000 ALTER TABLE `product_stock_invoices` DISABLE KEYS */;
/*!40000 ALTER TABLE `product_stock_invoices` ENABLE KEYS */;
UNLOCK TABLES;

--
-- Table structure for table `products`
--

DROP TABLE IF EXISTS `products`;
SET @saved_cs_client     = @@character_set_client;
SET character_set_client = utf8;
CREATE TABLE `products` (
  `id` int(10) unsigned NOT NULL auto_increment,
  `name` varchar(255) NOT NULL default '',
  `drug_id` int(10) unsigned NOT NULL default '0',
  `price` float default NULL,
  `description` text,
  `status` enum('Enabled','Disabled') NOT NULL default 'Enabled',
  `supplier_id` int(10) unsigned NOT NULL,
  `version` bigint(20) default NULL,
  `presentation` double default NULL,
  `comercial_name` varchar(255) default NULL,
  `dose_unit` varchar(10) default NULL,
  `sel_price` double default NULL,
  `buy_price` double default NULL,
  PRIMARY KEY  (`id`),
  KEY `FKC42BD1649D819485` (`drug_id`),
  KEY `FKC42BD164D6C2F785` (`supplier_id`)
) ENGINE=MyISAM AUTO_INCREMENT=94 DEFAULT CHARSET=utf8;
SET character_set_client = @saved_cs_client;

--
-- Dumping data for table `products`
--

LOCK TABLES `products` WRITE;
/*!40000 ALTER TABLE `products` DISABLE KEYS */;
INSERT INTO `products` VALUES (61,'PKU gel naranja',41,270,'Caja de 30 sobres de 20gr conteniendo 8.4 Gramos de Proteina\r\n\r\nSustituto proteico en polvo para preparar gel o bebida libre de fenilalanina para el manejo dietario de los niños con fenilcetonuria desde los 12 meses a los 10 años de edad. ','Enabled',7,4,20,'PKU gel',NULL,283.5,106.27),(62,'PKU gel Frambuesa',41,270,'Caja de 30 sobres de 20gr conteniendo 8.4 Gramos de Proteina\r\n\r\nSustituto proteico en polvo para preparar gel o bebida libre de fenilalanina para el manejo dietario de los niños con fenilcetonuria desde los 12 meses a los 10 años de edad. ','Enabled',7,4,20,'PKU gel',NULL,283.5,106.27),(63,'PKU gel s/sabor',41,270,'Caja de 30 sobres de 20gr conteniendo 8.4 Gramos de Proteina\r\n\r\nSustituto proteico en polvo para preparar gel o bebida libre de fenilalanina para el manejo dietario de los niños con fenilcetonuria desde los 12 meses a los 10 años de edad. \r\n','Enabled',7,4,20,'PKU gel',NULL,283.5,106.27),(64,'PKU express naranja',41,430,'Caja de 30 sobres de 25gr conteniendo 15 Gramos de Proteina\r\n','Enabled',7,3,25,'PKU express',NULL,451.5,184.33),(65,'PKU express limon',41,430,'Caja de 30 sobres de 25gr conteniendo 15 Gramos de Proteina\r\n\r\nSustituto proteico en polvo para preparar bebida libre de fenilalanina para el manejo dietario de los pacientes con fenilcetonuria a partir de los 8 años en adelante. ','Enabled',7,4,25,'PKU express',NULL,451.5,184.33),(66,'PKU Cooler 10 naranja',43,590,'Caja de 30 Pomos de 87 ml contentiendo 10 Gramos de Proteina\r\n\r\nSustituto proteico libre de fenilalanina, listo para beber, para el manejo dietario de los pacientes con fenilcetonuria desde los tres años en adelante. ','Enabled',7,5,87,'PKU Cooler 10','ml',619.5,126.13),(67,'PKU Cooler 10 uva',43,590,'Caja de 30 Pomos de 87 ml contentiendo 10 Gramos de Proteina\r\n\r\nSustituto proteico libre de fenilalanina, listo para beber, para el manejo dietario de los pacientes con fenilcetonuria desde los tres años en adelante. \r\n','Enabled',7,5,87,'PKU Cooler','ml',619.5,126.13),(68,'PKU Cooler 15 naranja',41,910,'Caja de 30 Pomos de 130 ml conteniendo 15 Gramos de Proteina\r\n\r\nSustituto proteico libre de fenilalanina, listo para beber, para el manejo dietario de los pacientes con fenilcetonuria desde los 3 años en adelante. ','Enabled',7,4,130,'PKU Cooler 15 ','ml',955.5,187.88),(69,'PKU Cooler 15 uva',41,910,'Caja de 30 Pomos de 130 ml conteniendo 15 Gramos de Proteina\r\n\r\nSustituto proteico libre de fenilalanina, listo para beber, para el manejo dietario de los pacientes con fenilcetonuria desde los 3 años en adelante. \r\n','Enabled',7,4,130,'PKU Cooler 15 ','ml',955.5,187.88),(70,'PKU Cooler 20 naranja',41,1180,'Caja de 30 Pomos de 174 ml conteniendo 20 Gramos de Proteina\r\n','Enabled',7,4,174,'PKU Cooler 20 ',NULL,1239,256.66),(71,'PKU Cooler 20 uva',41,1180,'Caja de 30 Pomos de 174 ml conteniendo 20 Gramos de Proteina\r\n','Enabled',7,4,174,'PKU Cooler 20 ',NULL,1239,256.66),(72,'Flavor Pac Grosella',41,75,'Caja de 30 sobres de 20gr c/u\r\n','Enabled',7,2,20,NULL,NULL,78.5,12.9),(73,'Flavour Pac limon',41,75,'Caja de 30 sobres de 20gr c/u\r\n','Enabled',7,2,20,NULL,NULL,78.5,12.9),(74,'Flavour Pac naranja',41,75,'Caja de 30 sobres de 20gr c/u\r\n','Enabled',7,2,20,NULL,NULL,78.5,12.9),(75,'Vita Bite',41,38,'Caja de 7 barras de 25gr c/u\r\n','Enabled',7,3,25,'Vita Bite',NULL,39.9,7.94),(76,'MSUD Gel',41,485,'Caja de 30 sobres de 20gr conteniendo 8.4 Gramos de Proteina\r\n\r\nSustituto proteico líquido listo para beber libre de leucina, isoleucina y valina para el manejo dietario de los pacientes con enfermedad de orina con olor a jarabe de arce de desde los 8 años en adelante. ','Enabled',7,3,20,'MSUD Gel',NULL,509.25,169.9),(77,'MSUD Express',41,645,'Caja de 30 sobres de 25gr conteniendo 15 Gramos de Proteina\r\n\r\nSustituto proteico líquido listo para beber libre de leucina, isoleucina y valina para el manejo dietario de los pacientes con enfermedad de orina con olor a jarabe de arce de desde los 8 años en adelante.','Enabled',7,3,25,'MSUD Express',NULL,677.25,304.03),(78,'MMAPA Gel',41,485,'Caja de 30 sobres de 20gr conteniendo 8.4 Gramos de Proteina\r\n','Enabled',7,2,20,'MMAPA Gel',NULL,509.25,170.16),(79,'Arginina',47,150,'Advertencias\r\n\r\n    * Este producto debe ser utilizado bajo estricto control médico.\r\n    * No debe usarse como única fuente de nutrición.\r\n    * No está diseñado para el uso endovenoso.\r\n    * No se aconseja su administración a menores de 12 meses de edad.\r\n\r\nConservación\r\n\r\nConservar en lugar fresco y seco\r\nPresentación\r\n\r\nDisponible en envases de 30 sobres de 4 gramos cada uno. Peso Neto : 0,12 Kg ','Enabled',7,4,4,'Arginina',NULL,157.5,49.74),(80,'Cistina',48,150,'Disponible en envases de 30 sobres de 4 gramos cada uno. Peso Neto : 0,12 Kg \r\n\r\nSuplemento en polvo del aminoácido Cistina a base de carbohidratos, para ser usado en pacientes desde los 12 meses de edad. ','Enabled',7,5,4,'Cistina',NULL,157.5,49.74),(81,'Tyrosine',41,150,'Disponible en envases de 30 sobres de 4 gramos cada uno. Peso Neto : 0,12 Kg \r\n\r\nSuplemento en polvo del aminoácido Tirosina a base de carbohidratos, para ser usado en pacientes desde los 12 meses de edad. ','Enabled',7,2,4,'Tyrosine',NULL,NULL,NULL),(82,'Isoleucina',41,150,'Isoleucine Amino Acid Supplement\r\n30 x 4g sachets\r\n\r\nSuplemento en polvo de isoleucina a base de carbohidratos. Para ser usado junto con el sustituto proteico para la enfermedad de orina con olor a jarabe de arce (MSUD) ','Enabled',7,3,4,'Isoleucina',NULL,157.5,43.74),(83,'Valina',41,150,'Disponible en envases de 30 sobres de 4 gramos cada uno. Peso Neto : 0,12 Kg \r\n\r\nSuplemento en polvo del aminoácido Valina a base de carbohidratos para ser usado junto con un sustituto proteico para la enfermedad de orina con olor a jarabe de arce (MSUD) en pacientes desde los 12 meses de edad. ','Enabled',7,3,4,'Valina',NULL,157.5,49.74),(84,'PKU Cooler 10 sin sabor',43,590,'Caja de 30 Pomos de 87 ml contentiendo 10 Gramos de Proteina\r\n\r\nSustituto proteico libre de fenilalanina, listo para beber, para el manejo dietario de los pacientes con fenilcetonuria desde los tres años en adelante. \r\n','Enabled',7,4,87,'PKU Cooler 10','ml',619.5,126.13),(85,'PKU Cooler 15 sin sabor',41,910,'Caja de 30 Pomos de 130 ml conteniendo 15 Gramos de Proteina\r\n\r\nSustituto proteico libre de fenilalanina, listo para beber, para el manejo dietario de los pacientes con fenilcetonuria desde los 3 años en adelante. \r\n','Enabled',7,3,130,'PKU Cooler 15','ml',955.5,187.88),(86,'PKU Cooler 20 sin sabor',41,1180,'Caja de 30 Pomos de 174 ml conteniendo 20 Gramos de Proteina\r\n\r\nSustituto proteico libre de fenilalanina, listo para beber, para el manejo dietario de los pacientes con fenilcetonuria desde los 3 años en adelante. ','Enabled',7,3,174,'PKU Cooler','ml',1239,256.66),(87,'MMAPA Express',41,645,'Caja de 30 sobres de 25gr conteniendo 15 Gramos de Proteina\r\n','Enabled',7,2,25,'MMAPA Express',NULL,677.25,168.01),(88,'HCU Gel',41,485,'Caja de 30 sobres de 20gr conteniendo 8.4 Gramos de Proteina\r\n','Enabled',7,2,8.4,'HCU Gel',NULL,509.25,169.9),(89,'HCU Express',45,645,'Caja de 30 sobres de 25gr conteniendo 15 Gramos de Proteina\r\n','Enabled',7,3,25,'HCU Express',NULL,677.25,304.03),(90,'TYR Gel',41,485,'Caja de 30 sobres de 20gr conteniendo 8.4 Gramos de Proteina\r\n','Enabled',7,2,20,'TYR Gel',NULL,509.25,169.9),(91,'MCT procal',54,40,'30 sobres de 16 gr','Enabled',7,2,16,'MCT procal',NULL,66,52.5),(92,'EAA Supplement',41,NULL,'','Enabled',7,1,12.5,'EAA Supplement',NULL,495,300),(93,'PKU Express s/sabor',41,NULL,'Caja por 30 sobres de 25 gr con 15 gramos de proteina','Enabled',7,0,25,'PKU Express s/sabor',NULL,451.5,184.33);
/*!40000 ALTER TABLE `products` ENABLE KEYS */;
UNLOCK TABLES;

--
-- Table structure for table `proformadetails`
--

DROP TABLE IF EXISTS `proformadetails`;
SET @saved_cs_client     = @@character_set_client;
SET character_set_client = utf8;
CREATE TABLE `proformadetails` (
  `id` int(10) unsigned NOT NULL auto_increment,
  `quantity` int(10) unsigned default NULL,
  `price_each` decimal(10,2) default NULL,
  `amount` decimal(10,2) default NULL,
  `product_id` int(10) unsigned NOT NULL,
  `description` text,
  `proforma_id` int(10) unsigned NOT NULL default '0',
  `lot` varchar(45) default NULL,
  `version` bigint(20) default NULL,
  `daily_dose` double default NULL,
  `dose_unit` varchar(10) default NULL,
  PRIMARY KEY  (`id`),
  KEY `FK928612B26E093105` (`proforma_id`),
  KEY `FK928612B22F8F58AF` (`product_id`)
) ENGINE=MyISAM AUTO_INCREMENT=733 DEFAULT CHARSET=utf8;
SET character_set_client = @saved_cs_client;

--
-- Dumping data for table `proformadetails`
--

LOCK TABLES `proformadetails` WRITE;
/*!40000 ALTER TABLE `proformadetails` DISABLE KEYS */;
INSERT INTO `proformadetails` VALUES (618,3,'39.90',NULL,75,NULL,531,NULL,0,NULL,NULL),(619,3,'955.50',NULL,69,NULL,532,NULL,0,3,NULL),(620,2,'39.90',NULL,75,NULL,532,NULL,0,2,NULL),(617,3,'509.25',NULL,78,NULL,530,NULL,0,3,NULL),(621,3,'283.50',NULL,63,NULL,533,NULL,0,2,NULL),(622,5,'955.50',NULL,68,NULL,534,NULL,0,650,'ml'),(623,5,'39.90',NULL,75,NULL,534,NULL,0,1000,'mg'),(624,1,'300.00',NULL,92,NULL,535,NULL,0,12.5,NULL),(625,4,'283.50',NULL,63,NULL,536,NULL,0,NULL,NULL),(626,1,'1239.00',NULL,70,NULL,537,NULL,0,1,NULL),(627,2,'1239.00',NULL,71,NULL,538,NULL,0,2,NULL),(629,2,'1239.00',NULL,71,NULL,540,NULL,0,2,NULL),(633,3,'39.90',NULL,75,NULL,544,NULL,0,1,NULL),(634,3,'283.50',NULL,63,NULL,545,NULL,0,3,NULL),(635,3,'283.50',NULL,63,NULL,546,NULL,0,3,NULL),(636,2,'78.50',NULL,74,NULL,547,NULL,0,1,NULL),(637,5,'509.25',NULL,90,NULL,547,NULL,0,3,NULL),(638,4,'283.50',NULL,63,NULL,548,NULL,0,3,NULL),(639,2,'39.90',NULL,75,NULL,549,NULL,0,NULL,NULL),(640,3,'955.50',NULL,69,NULL,549,NULL,0,3,NULL),(641,1,'39.90',NULL,75,NULL,550,NULL,0,1,NULL),(642,18,'509.25',NULL,78,NULL,551,NULL,0,3,NULL),(643,18,'509.25',NULL,78,NULL,552,NULL,0,3,NULL),(644,2,'677.25',NULL,77,NULL,553,NULL,0,2,NULL),(645,4,'39.90',NULL,75,NULL,554,NULL,0,NULL,NULL),(646,1,'619.50',NULL,66,NULL,555,NULL,0,1,'ml'),(647,2,'955.50',NULL,68,NULL,556,NULL,0,4,NULL),(648,15,'451.50',NULL,64,NULL,557,NULL,0,2,NULL),(650,1,'300.00',NULL,92,NULL,559,NULL,0,1,NULL),(651,4,'283.50',NULL,61,NULL,560,NULL,0,4,NULL),(652,3,'283.50',NULL,63,NULL,561,NULL,0,3,NULL),(653,2,'1239.00',NULL,71,NULL,562,NULL,0,2,NULL),(654,14,'451.50',NULL,64,NULL,563,NULL,0,5,NULL),(657,1,'39.90',NULL,75,NULL,566,NULL,0,1,NULL),(659,2,'39.00',NULL,91,NULL,572,NULL,0,NULL,NULL),(660,2,'39.00',NULL,91,NULL,573,NULL,0,NULL,NULL),(661,2,'39.00',NULL,91,NULL,574,NULL,0,NULL,NULL),(662,2,'39.90',NULL,75,NULL,575,NULL,0,1,NULL),(663,6,'39.90',NULL,75,NULL,576,NULL,0,1,NULL),(664,1,'39.90',NULL,75,NULL,577,NULL,0,1,NULL),(665,4,'283.50',NULL,63,NULL,578,NULL,0,4,'sobres'),(666,3,'955.50',NULL,69,NULL,579,NULL,0,3,'sachets'),(667,2,'39.90',NULL,75,NULL,579,NULL,0,1,'sobres'),(668,3,'283.50',NULL,63,NULL,580,NULL,0,3,NULL),(669,1,'39.90',NULL,75,NULL,581,NULL,0,1,'sobres'),(670,1,'78.50',NULL,74,NULL,581,NULL,0,1,'sobres'),(671,1,'283.50',NULL,61,NULL,581,NULL,0,1,'sobres'),(672,1,'283.50',NULL,63,NULL,581,NULL,0,1,'sobres'),(673,5,'39.90',NULL,75,NULL,582,NULL,0,1,NULL),(674,2,'955.50',NULL,68,NULL,583,NULL,1,2,'sachets'),(676,6,'451.50',NULL,65,NULL,584,NULL,0,3,'sobres'),(677,4,'283.50',NULL,63,NULL,585,NULL,0,4,NULL),(679,1,'1239.00',NULL,70,NULL,588,NULL,0,1,'sachets'),(680,1,'39.90',NULL,75,NULL,589,NULL,0,1,'sobres'),(681,1,'619.50',NULL,66,NULL,590,NULL,0,1,'sachets'),(682,1,'39.90',NULL,75,NULL,591,NULL,0,1,'sobres'),(683,1,'283.50',NULL,62,NULL,592,NULL,0,1,'sobres'),(684,1,'283.50',NULL,63,NULL,592,NULL,0,1,'sobres'),(685,1,'283.50',NULL,61,NULL,592,NULL,0,1,'sobres'),(687,2,'509.25',NULL,90,NULL,593,NULL,0,2,'sobres'),(688,2,'1239.00',NULL,71,NULL,594,NULL,0,2,'sachets'),(689,3,'283.50',NULL,63,NULL,595,NULL,0,3,'sobres'),(690,4,'283.50',NULL,61,NULL,596,NULL,0,4,'sobres'),(691,3,'955.50',NULL,69,NULL,597,NULL,0,3,'sachets'),(692,2,'39.90',NULL,75,NULL,597,NULL,0,2,'sobres'),(693,6,'619.50',NULL,66,NULL,598,NULL,0,3,'sachets'),(694,9,'955.50',NULL,68,NULL,599,NULL,0,3,NULL),(695,3,'1239.00',NULL,70,NULL,600,NULL,0,3,'sachets'),(696,3,'283.50',NULL,63,NULL,601,NULL,0,3,'sobres'),(697,3,'619.50',NULL,66,NULL,602,NULL,0,3,'sachets'),(698,5,'39.90',NULL,75,NULL,602,NULL,0,1,'sobres'),(700,2,'955.50',NULL,68,NULL,604,NULL,0,3,'sachets'),(701,3,'451.50',NULL,65,NULL,604,NULL,0,4,'sobres'),(702,3,'495.00',NULL,92,NULL,605,NULL,0,2,'sobres'),(703,4,'283.50',NULL,63,NULL,606,NULL,0,3,'sobres'),(704,3,'509.25',NULL,78,NULL,607,NULL,0,2,'sobres'),(705,4,'39.90',NULL,75,NULL,608,NULL,0,1,'sobres'),(706,8,'283.50',NULL,61,NULL,609,NULL,0,2,'sobres'),(707,1,'1239.00',NULL,70,NULL,610,NULL,0,1,'sachets'),(708,1,'619.50',NULL,66,NULL,611,NULL,0,1,'sachets'),(709,3,'283.50',NULL,63,NULL,612,NULL,0,3,'sobres'),(710,1,'39.90',NULL,75,NULL,613,NULL,0,1,'sobres'),(711,2,'1239.00',NULL,71,NULL,614,NULL,0,2,'sachets'),(712,2,'451.50',NULL,65,NULL,615,NULL,0,2,'sobres'),(713,3,'283.50',NULL,63,NULL,616,NULL,0,3,'sobres'),(714,3,'283.50',NULL,63,NULL,617,NULL,0,3,'sobres'),(715,3,'283.50',NULL,63,NULL,618,NULL,0,3,'sobres'),(716,3,'619.50',NULL,66,NULL,619,NULL,0,3,NULL),(717,3,'619.50',NULL,66,NULL,620,NULL,0,3,'sobres'),(718,2,'619.50',NULL,66,NULL,621,NULL,0,2,'sobres'),(719,3,'955.50',NULL,69,NULL,622,NULL,0,3,'sachets'),(720,2,'39.90',NULL,75,NULL,622,NULL,0,1,'sobres'),(721,1,'495.00',NULL,92,NULL,623,NULL,0,1,'sobres'),(722,2,'1239.00',NULL,70,NULL,625,NULL,0,2,'sachets'),(723,4,'283.50',NULL,63,NULL,626,NULL,0,4,'sobres'),(724,2,'283.50',NULL,61,NULL,627,NULL,0,2,'sobres'),(725,1,'283.50',NULL,63,NULL,627,NULL,0,1,'sachets'),(726,1,'619.50',NULL,84,NULL,627,NULL,0,1,'sachets'),(727,2,'955.50',NULL,68,NULL,628,NULL,0,2,'sachets'),(728,3,'451.50',NULL,93,NULL,628,NULL,0,3,'sobres'),(729,2,'66.00',NULL,91,NULL,629,NULL,0,2,'sobres'),(730,18,'283.50',NULL,63,NULL,630,NULL,0,4,NULL),(731,1,'283.50',NULL,62,NULL,631,NULL,0,1,'sobres'),(732,2,'509.25',NULL,90,NULL,632,NULL,0,2,'sobres');
/*!40000 ALTER TABLE `proformadetails` ENABLE KEYS */;
UNLOCK TABLES;

--
-- Table structure for table `proformas`
--

DROP TABLE IF EXISTS `proformas`;
SET @saved_cs_client     = @@character_set_client;
SET character_set_client = utf8;
CREATE TABLE `proformas` (
  `id` int(10) unsigned NOT NULL auto_increment,
  `user_id` int(10) unsigned NOT NULL default '0',
  `discount` int(10) unsigned default NULL,
  `courier` decimal(10,2) NOT NULL default '0.00',
  `total` decimal(10,2) NOT NULL default '0.00',
  `created_at` datetime default NULL,
  `patient_id` int(10) unsigned default NULL,
  `client_id` int(10) unsigned NOT NULL default '0',
  `status` enum('Creada','Aprobada','Rechazada','Anulada') NOT NULL default 'Creada',
  `version` bigint(20) default NULL,
  `destination_airport` varchar(255) default NULL,
  `donation` bit(1) default NULL,
  `delivery_date` datetime default NULL,
  `dollar_value` double default NULL,
  `payment_conditions` int(11) default NULL,
  PRIMARY KEY  (`id`),
  KEY `FKC46A34E32F7C98EF` (`patient_id`),
  KEY `FKC46A34E3C07819E5` (`client_id`)
) ENGINE=MyISAM AUTO_INCREMENT=633 DEFAULT CHARSET=utf8;
SET character_set_client = @saved_cs_client;

--
-- Dumping data for table `proformas`
--

LOCK TABLES `proformas` WRITE;
/*!40000 ALTER TABLE `proformas` DISABLE KEYS */;
INSERT INTO `proformas` VALUES (531,0,0,'0.00','0.00','2011-02-09 11:47:48',122,103,'Aprobada',1,NULL,'\0','2011-02-09 00:00:00',4.01,20),(532,0,0,'0.00','0.00','2011-02-25 10:58:10',96,101,'Aprobada',1,NULL,'\0','2011-02-25 00:00:00',4.02,20),(533,0,0,'0.00','0.00','2011-02-28 12:56:23',123,121,'Aprobada',1,NULL,'\0','2011-02-28 00:00:00',4.05,20),(530,0,0,'0.00','0.00','2011-02-08 12:50:42',88,103,'Aprobada',1,NULL,'\0','2011-02-10 00:00:00',4.01,20),(534,0,0,'0.00','0.00','2011-03-01 12:21:54',90,100,'Aprobada',1,NULL,'\0','2011-03-01 00:00:00',4.05,20),(535,0,0,'0.00','0.00','2011-03-03 12:57:34',126,122,'Anulada',1,NULL,'\0','2011-03-03 00:00:00',4.03,20),(536,0,0,'0.00','0.00','2011-03-03 14:47:08',140,140,'Aprobada',1,NULL,'\0','2011-03-03 00:00:00',4,20),(537,0,0,'0.00','0.00','2011-03-10 13:44:34',118,96,'Aprobada',1,NULL,'\0','2011-03-10 00:00:00',4.03,20),(538,0,0,'0.00','0.00','2011-03-16 15:59:49',120,102,'Anulada',1,NULL,'\0','2011-03-16 00:00:00',4.03,20),(540,0,0,'0.00','0.00','2011-03-16 16:08:27',120,102,'Aprobada',5,NULL,'\0','2011-03-16 00:00:00',4.03,20),(544,0,10,'0.00','0.00','2011-03-17 16:07:19',138,107,'Aprobada',1,NULL,'\0','2011-03-17 00:00:00',4,20),(545,0,0,'0.00','0.00','2011-03-18 13:18:54',141,141,'Creada',0,NULL,'\0','2011-03-18 00:00:00',4.03,20),(546,0,0,'0.00','0.00','2011-03-18 13:54:48',123,121,'Aprobada',1,NULL,'\0','2011-03-18 00:00:00',4.03,20),(547,0,0,'0.00','0.00','2011-03-21 12:19:20',134,132,'Aprobada',1,NULL,'\0','2011-03-21 00:00:00',4.03,20),(548,0,0,'0.00','0.00','2011-03-21 15:06:14',94,97,'Aprobada',1,NULL,'\0','2011-03-21 00:00:00',4.03,20),(549,0,0,'0.00','0.00','2011-03-23 12:52:42',96,101,'Aprobada',1,NULL,'\0','2011-03-23 00:00:00',4.04,20),(550,0,0,'0.00','0.00','2011-03-23 13:17:02',107,128,'Aprobada',1,NULL,'\0','2011-03-23 00:00:00',4,20),(551,0,0,'0.00','0.00','2011-03-31 16:09:54',114,116,'Aprobada',1,NULL,'\0','2011-03-31 00:00:00',0,20),(552,0,0,'0.00','0.00','2011-04-01 15:10:51',114,116,'Anulada',1,NULL,'\0','2011-04-01 00:00:00',4.05,20),(553,0,0,'0.00','0.00','2011-04-01 15:22:35',111,115,'Creada',0,NULL,'\0','2011-04-01 00:00:00',4.05,20),(554,0,10,'0.00','0.00','2011-04-04 16:20:50',NULL,142,'Aprobada',1,NULL,'\0','2011-04-04 00:00:00',4.05,20),(555,0,0,'0.00','0.00','2011-04-06 11:33:15',91,120,'Creada',0,NULL,'\0','2011-04-06 00:00:00',4.05,20),(556,0,0,'0.00','0.00','2011-04-07 10:11:56',117,114,'Aprobada',1,NULL,'\0','2011-04-07 00:00:00',4.05,20),(557,0,0,'0.00','0.00','2011-04-07 16:13:11',113,106,'Anulada',1,NULL,'\0','2011-04-07 00:00:00',4.05,20),(559,0,0,'0.00','0.00','2011-04-07 16:17:56',126,122,'Creada',0,NULL,'\0','2011-04-08 00:00:00',4.05,20),(560,0,0,'0.00','0.00','2011-04-11 16:02:48',136,143,'Aprobada',1,NULL,'\0','2011-04-11 00:00:00',4.05,20),(561,0,0,'0.00','0.00','2011-04-12 11:13:28',142,144,'Aprobada',1,NULL,'\0','2011-04-12 00:00:00',4.07,20),(562,0,0,'0.00','0.00','2011-04-12 13:07:28',120,102,'Aprobada',3,NULL,'\0','2011-04-12 00:00:00',4.07,20),(563,0,0,'0.00','0.00','2011-04-13 10:21:02',113,106,'Aprobada',1,NULL,'\0','2011-04-13 00:00:00',4.05,20),(566,0,10,'0.00','0.00','2011-04-13 12:14:18',99,109,'Aprobada',1,NULL,'\0','2011-04-13 00:00:00',4,20),(568,0,8,'0.00','0.00','2011-04-13 15:41:06',NULL,145,'Creada',0,NULL,'\0','2011-03-13 00:00:00',4.05,20),(569,0,8,'0.00','0.00','2011-04-13 15:41:41',NULL,145,'Creada',0,NULL,'\0','2011-03-13 00:00:00',4.05,20),(570,0,8,'0.00','0.00','2011-04-13 15:42:00',NULL,145,'Creada',0,NULL,'\0','2011-03-13 00:00:00',4.05,20),(571,0,8,'0.00','0.00','2011-04-13 15:42:20',NULL,145,'Creada',0,NULL,'\0','2011-04-13 00:00:00',4.05,20),(572,0,8,'0.00','0.00','2011-04-13 15:44:21',NULL,145,'Anulada',1,NULL,'\0','2011-04-13 00:00:00',4.05,20),(573,0,8,'0.00','0.00','2011-04-13 15:58:10',NULL,145,'Anulada',1,NULL,'\0','2011-04-13 00:00:00',4.05,20),(574,0,8,'0.00','0.00','2011-04-13 16:10:06',NULL,145,'Aprobada',1,NULL,'\0','2011-04-13 00:00:00',4.05,20),(575,0,10,'0.00','0.00','2011-04-14 09:48:41',108,137,'Aprobada',1,NULL,'\0','2011-04-14 00:00:00',4,20),(576,0,10,'0.00','0.00','2011-04-15 12:21:59',NULL,142,'Aprobada',1,NULL,'\0','2011-04-15 00:00:00',4.06,20),(577,0,10,'0.00','0.00','2011-04-19 10:11:54',144,147,'Aprobada',1,NULL,'\0','2011-04-19 00:00:00',4,20),(578,0,0,'0.00','0.00','2011-04-19 13:39:12',130,126,'Aprobada',1,NULL,'\0','2011-04-19 00:00:00',4.07,20),(579,0,0,'0.00','0.00','2011-04-19 17:11:04',96,101,'Aprobada',1,NULL,'\0','2011-04-19 00:00:00',4.07,20),(580,0,0,'0.00','0.00','2011-04-25 10:55:27',123,121,'Aprobada',1,NULL,'\0','2011-04-25 00:00:00',4.07,20),(581,0,0,'0.00','0.00','2011-04-25 15:35:24',143,148,'Aprobada',1,NULL,'\0','2011-04-25 00:00:00',4.07,20),(582,0,10,'0.00','0.00','2011-04-27 14:29:48',NULL,142,'Aprobada',1,NULL,'\0','2011-04-27 00:00:00',4.08,20),(583,0,0,'0.00','0.00','2011-04-28 15:59:32',117,114,'Aprobada',2,NULL,'\0','2011-04-28 00:00:00',4.08,20),(584,0,0,'0.00','0.00','2011-04-28 16:27:46',125,114,'Aprobada',1,NULL,'\0','2011-04-28 00:00:00',4.08,20),(585,0,0,'0.00','0.00','2011-05-06 09:26:14',94,97,'Aprobada',1,NULL,'\0','2011-05-06 00:00:00',4.08,20),(586,0,0,'0.00','0.00','2011-05-06 12:02:24',118,96,'Creada',0,NULL,'\0','2011-04-06 00:00:00',4.06,20),(588,0,0,'0.00','0.00','2011-05-09 15:34:02',118,96,'Aprobada',1,NULL,'\0','2011-05-05 00:00:00',4.03,20),(589,0,0,'0.00','0.00','2011-05-09 15:48:15',107,128,'Aprobada',1,NULL,'\0','2011-05-09 00:00:00',4.08,20),(590,0,0,'0.00','0.00','2011-05-10 11:40:46',91,120,'Aprobada',1,NULL,'\0','2011-05-10 00:00:00',4.08,20),(591,0,10,'0.00','0.00','2011-05-10 13:06:08',145,149,'Aprobada',1,NULL,'\0','2011-05-10 00:00:00',4.08,20),(592,0,0,'0.00','0.00','2011-05-12 12:23:52',146,100,'Aprobada',3,NULL,'\0','2011-04-26 00:00:00',3.97,20),(593,0,0,'0.00','0.00','2011-05-12 12:59:34',134,132,'Aprobada',1,NULL,'\0','2011-05-12 00:00:00',4.08,20),(594,0,0,'0.00','0.00','2011-05-16 13:29:03',120,102,'Aprobada',1,NULL,'\0','2011-05-16 00:00:00',4.11,20),(595,0,0,'0.00','0.00','2011-05-16 13:39:15',123,121,'Aprobada',1,NULL,'\0','2011-05-16 00:00:00',4.11,20),(596,0,0,'0.00','0.00','2011-05-16 17:27:49',147,150,'Aprobada',1,NULL,'\0','2011-05-16 00:00:00',4.11,20),(597,0,0,'0.00','0.00','2011-05-16 17:47:58',96,101,'Aprobada',1,NULL,'\0','2011-05-16 00:00:00',4.11,20),(598,0,0,'0.00','0.00','2011-05-19 15:54:46',148,151,'Aprobada',1,NULL,'\0','2011-05-19 00:00:00',4.02,20),(599,0,0,'0.00','0.00','2011-05-24 12:51:45',90,100,'Aprobada',1,NULL,'\0','2011-05-24 00:00:00',3.97,20),(600,0,0,'0.00','0.00','2011-05-24 13:18:11',128,123,'Aprobada',1,NULL,'\0','2011-05-24 00:00:00',3.96,30),(601,0,0,'0.00','0.00','2011-05-24 13:42:12',142,144,'Aprobada',1,NULL,'\0','2011-05-24 00:00:00',4.11,20),(602,0,0,'0.00','0.00','2011-05-24 16:56:40',93,100,'Aprobada',2,NULL,'\0','2011-05-24 00:00:00',4.11,20),(604,0,0,'0.00','0.00','2011-05-27 15:30:38',117,114,'Aprobada',1,NULL,'\0','2011-05-27 00:00:00',4.11,20),(605,0,0,'0.00','0.00','2011-05-30 13:41:44',126,122,'Aprobada',1,NULL,'\0','2011-05-30 00:00:00',4.11,20),(606,0,0,'0.00','0.00','2011-06-01 11:10:50',130,126,'Aprobada',1,NULL,'\0','2011-06-01 00:00:00',4.09,20),(607,0,0,'0.00','0.00','2011-06-01 11:26:46',88,103,'Aprobada',1,NULL,'\0','2011-06-01 00:00:00',4.09,20),(608,0,0,'0.00','0.00','2011-06-02 12:07:01',NULL,142,'Aprobada',1,NULL,'\0','2011-06-02 00:00:00',4.09,20),(609,0,0,'0.00','0.00','2011-06-02 17:03:21',147,150,'Aprobada',1,NULL,'\0','2011-06-02 00:00:00',4.09,20),(610,0,0,'0.00','0.00','2011-06-08 16:11:53',118,96,'Aprobada',1,NULL,'\0','2011-06-08 00:00:00',4.09,30),(611,0,0,'0.00','0.00','2011-06-09 10:54:52',91,120,'Aprobada',1,NULL,'\0','2011-06-09 00:00:00',4.12,30),(612,0,0,'0.00','0.00','2011-06-10 15:09:08',142,144,'Aprobada',1,NULL,'\0','2011-06-10 00:00:00',4.09,30),(613,0,0,'0.00','0.00','2011-06-13 16:03:51',107,128,'Aprobada',1,NULL,'\0','2011-06-15 00:00:00',4.09,30),(614,0,0,'0.00','0.00','2011-06-14 11:03:56',120,102,'Aprobada',1,NULL,'\0','2011-06-14 00:00:00',4.13,30),(615,0,0,'0.00','0.00','2011-06-16 17:05:56',98,100,'Aprobada',1,NULL,'\0','2011-06-16 00:00:00',4.09,20),(616,0,0,'0.00','0.00','2011-06-21 11:06:10',123,121,'Aprobada',1,NULL,'\0','2011-06-21 00:00:00',4.13,30),(617,0,0,'0.00','0.00','2011-06-21 11:32:31',123,121,'Anulada',1,NULL,'\0','2011-06-21 00:00:00',4.13,30),(618,0,0,'0.00','0.00','2011-06-22 12:45:53',142,144,'Anulada',1,NULL,'\0','2011-06-22 00:00:00',4.09,30),(619,0,0,'0.00','0.00','2011-06-22 15:50:26',93,100,'Anulada',1,NULL,'\0','2011-06-22 00:00:00',4.09,20),(620,0,0,'0.00','0.00','2011-06-23 10:47:20',93,100,'Aprobada',2,NULL,'\0','2011-06-23 00:00:00',4.13,20),(621,0,0,'0.00','0.00','2011-06-23 16:37:01',112,100,'Aprobada',1,NULL,'\0','2011-06-24 00:00:00',4.13,20),(622,0,0,'0.00','0.00','2011-06-24 15:57:12',96,101,'Creada',1,NULL,'\0','2011-06-24 00:00:00',4.13,30),(623,0,0,'0.00','0.00','2011-06-27 13:06:49',126,122,'Aprobada',1,NULL,'\0','2011-06-27 00:00:00',4.1,30),(626,0,0,'0.00','0.00','2011-06-30 15:12:45',94,97,'Aprobada',1,NULL,'\0','2011-06-30 00:00:00',4.11,30),(625,0,0,'0.00','0.00','2011-06-30 14:37:11',128,123,'Creada',0,NULL,'\0','2011-06-30 00:00:00',4.11,30),(627,0,0,'0.00','0.00','2011-07-04 11:03:34',143,148,'Creada',0,NULL,'\0','2011-07-04 00:00:00',4.11,20),(628,0,0,'0.00','0.00','2011-07-04 13:04:39',125,114,'Creada',2,NULL,'\0','2011-07-04 00:00:00',4.11,30),(629,0,40,'0.00','0.00','2011-07-05 10:59:27',NULL,146,'Creada',2,NULL,'\0','2011-07-05 00:00:00',4.14,20),(630,0,0,'0.00','0.00','2011-07-05 11:15:37',140,152,'Creada',0,NULL,'\0','2011-07-05 00:00:00',4.14,30),(631,0,0,'0.00','0.00','2011-07-05 11:25:03',152,152,'Creada',0,NULL,'\0','2011-07-05 00:00:00',4.14,30),(632,0,0,'0.00','0.00','2011-07-05 11:52:27',134,132,'Creada',0,NULL,'\0','2011-07-05 00:00:00',4.14,30);
/*!40000 ALTER TABLE `proformas` ENABLE KEYS */;
UNLOCK TABLES;

--
-- Table structure for table `purchase_invoices`
--

DROP TABLE IF EXISTS `purchase_invoices`;
SET @saved_cs_client     = @@character_set_client;
SET character_set_client = utf8;
CREATE TABLE `purchase_invoices` (
  `id` int(10) unsigned NOT NULL auto_increment,
  `purchase_id` int(10) unsigned NOT NULL default '0',
  `invoice_id` int(10) unsigned NOT NULL default '0',
  PRIMARY KEY  (`id`)
) ENGINE=MyISAM AUTO_INCREMENT=50 DEFAULT CHARSET=utf8;
SET character_set_client = @saved_cs_client;

--
-- Dumping data for table `purchase_invoices`
--

LOCK TABLES `purchase_invoices` WRITE;
/*!40000 ALTER TABLE `purchase_invoices` DISABLE KEYS */;
/*!40000 ALTER TABLE `purchase_invoices` ENABLE KEYS */;
UNLOCK TABLES;

--
-- Table structure for table `purchasedetails`
--

DROP TABLE IF EXISTS `purchasedetails`;
SET @saved_cs_client     = @@character_set_client;
SET character_set_client = utf8;
CREATE TABLE `purchasedetails` (
  `id` bigint(20) NOT NULL auto_increment,
  `version` bigint(20) NOT NULL,
  `product_id` bigint(20) NOT NULL,
  `price_each` double NOT NULL,
  `lot` varchar(255) default NULL,
  `quantity` int(11) NOT NULL,
  `purchase_id` bigint(20) NOT NULL,
  PRIMARY KEY  (`id`),
  KEY `FKBA917A21E4BB2F65` (`purchase_id`),
  KEY `FKBA917A212F8F58AF` (`product_id`)
) ENGINE=MyISAM DEFAULT CHARSET=latin1;
SET character_set_client = @saved_cs_client;

--
-- Dumping data for table `purchasedetails`
--

LOCK TABLES `purchasedetails` WRITE;
/*!40000 ALTER TABLE `purchasedetails` DISABLE KEYS */;
/*!40000 ALTER TABLE `purchasedetails` ENABLE KEYS */;
UNLOCK TABLES;

--
-- Table structure for table `purchases`
--

DROP TABLE IF EXISTS `purchases`;
SET @saved_cs_client     = @@character_set_client;
SET character_set_client = utf8;
CREATE TABLE `purchases` (
  `id` int(10) unsigned NOT NULL auto_increment,
  `amount` decimal(10,2) default NULL,
  `date` date default NULL,
  `expire_date` date default NULL,
  `supplier_id` int(10) unsigned NOT NULL default '0',
  `code` varchar(45) default NULL,
  `status` enum('Paid','Pending','Free') NOT NULL default 'Pending',
  `version` bigint(20) default NULL,
  PRIMARY KEY  (`id`),
  KEY `FK95379B92D6C2F785` (`supplier_id`)
) ENGINE=MyISAM AUTO_INCREMENT=85 DEFAULT CHARSET=utf8;
SET character_set_client = @saved_cs_client;

--
-- Dumping data for table `purchases`
--

LOCK TABLES `purchases` WRITE;
/*!40000 ALTER TABLE `purchases` DISABLE KEYS */;
/*!40000 ALTER TABLE `purchases` ENABLE KEYS */;
UNLOCK TABLES;

--
-- Table structure for table `request_map`
--

DROP TABLE IF EXISTS `request_map`;
SET @saved_cs_client     = @@character_set_client;
SET character_set_client = utf8;
CREATE TABLE `request_map` (
  `id` bigint(20) NOT NULL auto_increment,
  `version` bigint(20) NOT NULL,
  `config_attribute` varchar(255) NOT NULL,
  `url` varchar(255) NOT NULL,
  PRIMARY KEY  (`id`),
  UNIQUE KEY `url` (`url`)
) ENGINE=MyISAM DEFAULT CHARSET=utf8;
SET character_set_client = @saved_cs_client;

--
-- Dumping data for table `request_map`
--

LOCK TABLES `request_map` WRITE;
/*!40000 ALTER TABLE `request_map` DISABLE KEYS */;
/*!40000 ALTER TABLE `request_map` ENABLE KEYS */;
UNLOCK TABLES;

--
-- Table structure for table `role`
--

DROP TABLE IF EXISTS `role`;
SET @saved_cs_client     = @@character_set_client;
SET character_set_client = utf8;
CREATE TABLE `role` (
  `id` bigint(20) NOT NULL auto_increment,
  `version` bigint(20) NOT NULL,
  `authority` varchar(255) NOT NULL,
  `description` varchar(255) NOT NULL,
  PRIMARY KEY  (`id`),
  UNIQUE KEY `authority` (`authority`)
) ENGINE=MyISAM AUTO_INCREMENT=5 DEFAULT CHARSET=utf8;
SET character_set_client = @saved_cs_client;

--
-- Dumping data for table `role`
--

LOCK TABLES `role` WRITE;
/*!40000 ALTER TABLE `role` DISABLE KEYS */;
INSERT INTO `role` VALUES (1,15,'ROLE_ADMIN','Rol Administrador'),(2,9,'ROLE_USER','Rol Usuario'),(3,3,'ROLE_REPORT','Rol Report'),(4,0,'ROLE_ACCOUNTANT','Rol Contador');
/*!40000 ALTER TABLE `role` ENABLE KEYS */;
UNLOCK TABLES;

--
-- Table structure for table `role_people`
--

DROP TABLE IF EXISTS `role_people`;
SET @saved_cs_client     = @@character_set_client;
SET character_set_client = utf8;
CREATE TABLE `role_people` (
  `role_id` bigint(20) NOT NULL,
  `user_id` bigint(20) NOT NULL,
  PRIMARY KEY  (`role_id`,`user_id`),
  KEY `FK28B75E787C80DCC5` (`role_id`),
  KEY `FK28B75E7821ABA0A5` (`user_id`)
) ENGINE=MyISAM DEFAULT CHARSET=utf8;
SET character_set_client = @saved_cs_client;

--
-- Dumping data for table `role_people`
--

LOCK TABLES `role_people` WRITE;
/*!40000 ALTER TABLE `role_people` DISABLE KEYS */;
INSERT INTO `role_people` VALUES (1,2),(1,4),(1,5),(2,1),(2,3),(2,6),(2,7),(2,8),(3,2),(3,3);
/*!40000 ALTER TABLE `role_people` ENABLE KEYS */;
UNLOCK TABLES;

--
-- Table structure for table `suppliers`
--

DROP TABLE IF EXISTS `suppliers`;
SET @saved_cs_client     = @@character_set_client;
SET character_set_client = utf8;
CREATE TABLE `suppliers` (
  `id` int(10) unsigned NOT NULL auto_increment,
  `name` varchar(45) NOT NULL,
  `telephone` varchar(45) default NULL,
  `email` varchar(45) default NULL,
  `contact` varchar(45) default NULL,
  `version` bigint(20) default NULL,
  `delivery_period` int(11) default NULL,
  `payment_condition_period` int(11) default NULL,
  PRIMARY KEY  (`id`)
) ENGINE=MyISAM AUTO_INCREMENT=8 DEFAULT CHARSET=utf8;
SET character_set_client = @saved_cs_client;

--
-- Dumping data for table `suppliers`
--

LOCK TABLES `suppliers` WRITE;
/*!40000 ALTER TABLE `suppliers` DISABLE KEYS */;
INSERT INTO `suppliers` VALUES (7,'Vitaflo U.K','','','',0,20,60);
/*!40000 ALTER TABLE `suppliers` ENABLE KEYS */;
UNLOCK TABLES;

--
-- Table structure for table `user_to_countries`
--

DROP TABLE IF EXISTS `user_to_countries`;
SET @saved_cs_client     = @@character_set_client;
SET character_set_client = utf8;
CREATE TABLE `user_to_countries` (
  `user_countries_id` bigint(20) default NULL,
  `country_id` bigint(20) default NULL,
  KEY `FKC0A645E424E35D10` (`user_countries_id`),
  KEY `FKC0A645E4D5F7034F` (`country_id`)
) ENGINE=MyISAM DEFAULT CHARSET=utf8;
SET character_set_client = @saved_cs_client;

--
-- Dumping data for table `user_to_countries`
--

LOCK TABLES `user_to_countries` WRITE;
/*!40000 ALTER TABLE `user_to_countries` DISABLE KEYS */;
INSERT INTO `user_to_countries` VALUES (1,1),(2,1),(3,1),(4,1),(2,3),(2,4),(2,2),(2,5),(5,1),(5,5),(5,3),(5,2),(5,4),(4,4),(4,5),(4,3),(4,2),(2,6),(3,6),(3,2),(3,5),(3,4),(3,3),(5,6),(4,6),(2,7),(3,7),(4,7),(5,7),(6,2),(7,1),(8,9),(8,7),(8,8),(8,1),(8,5),(8,2),(8,6),(8,4),(8,10),(8,3);
/*!40000 ALTER TABLE `user_to_countries` ENABLE KEYS */;
UNLOCK TABLES;

--
-- Table structure for table `users`
--

DROP TABLE IF EXISTS `users`;
SET @saved_cs_client     = @@character_set_client;
SET character_set_client = utf8;
CREATE TABLE `users` (
  `id` int(10) unsigned NOT NULL auto_increment,
  `username` varchar(45) NOT NULL default '',
  `email` varchar(45) NOT NULL default '',
  `version` bigint(20) default NULL,
  `enabled` bit(1) default NULL,
  `first_name` varchar(255) default NULL,
  `last_name` varchar(255) default NULL,
  `passwd` varchar(255) default NULL,
  PRIMARY KEY  (`id`)
) ENGINE=MyISAM AUTO_INCREMENT=9 DEFAULT CHARSET=utf8;
SET character_set_client = @saved_cs_client;

--
-- Dumping data for table `users`
--

LOCK TABLES `users` WRITE;
/*!40000 ALTER TABLE `users` DISABLE KEYS */;
INSERT INTO `users` VALUES (1,'ivan','igrosny@gmail.com',4,'','','','a15f8b81a160b4eebe5c84e9e3b65c87b9b2f18e'),(2,'cpi','cpereyra@vitaflo-latam.com',6,'','Christian','Pereyra Iraola','2314b2e3a4a1f7db165be2aafbf1efd78f28cc97'),(3,'tati','cmassone@innovativemedicines.com.ar',1,'','','','7d595301fe29f25bf9c7c9fc4e406cee1e4c9971'),(4,'vicky','vromero@vitaflo-latam.com',3,'','Victoria','Romero','e79cab55eab4c0a1a63610829a51fd51d5cfb294'),(5,'horacio','horaciovs@gmail.com',2,'','Horacio','Velasco Suarez','e256bb85071e48489efa1a7a5bc1032ee1ef5b37'),(6,'RPires','rpires@innovativemedicines.com',2,'','Ricardo','Pires','d4e7430f1534a12df46cedd1ac369935436dbb94'),(7,'Flor','',1,'','Florencia','Canamasas','d948bf8e3f1b48f9ba366243527da98b54fa0005'),(8,'Mariano','',1,'','Mariano','Albertal','945325b6c70ddc01f9caa96f657a9d5fae4c8b05');
/*!40000 ALTER TABLE `users` ENABLE KEYS */;
UNLOCK TABLES;
/*!40103 SET TIME_ZONE=@OLD_TIME_ZONE */;

/*!40101 SET SQL_MODE=@OLD_SQL_MODE */;
/*!40014 SET FOREIGN_KEY_CHECKS=@OLD_FOREIGN_KEY_CHECKS */;
/*!40014 SET UNIQUE_CHECKS=@OLD_UNIQUE_CHECKS */;
/*!40101 SET CHARACTER_SET_CLIENT=@OLD_CHARACTER_SET_CLIENT */;
/*!40101 SET CHARACTER_SET_RESULTS=@OLD_CHARACTER_SET_RESULTS */;
/*!40101 SET COLLATION_CONNECTION=@OLD_COLLATION_CONNECTION */;
/*!40111 SET SQL_NOTES=@OLD_SQL_NOTES */;

-- Dump completed on 2011-07-05 16:54:40
